message,attributes,tags,timestamp
"    return getattr(self.get_queryset(), name)(*args, **kwargs)","{""level"":""error""}","{""project"":""70a52d41-885a-4854-b650-392635199b54"",""environment"":""67be7a60-8b6c-4987-8690-dbef25befe73"",""service"":""0f0f8a2f-9703-4f78-a3ed-8fcc57a55f5a"",""deployment"":""7bae97c9-ccbe-49fe-a672-c3ea4a2a6d1e"",""replica"":""5a8db334-f6d0-4ba9-a018-aa1be977e5fd""}",2026-02-15T09:40:32.288874960Z
           ^^^^^^^^^^^^^^^^^^^^^^^^^^^^^^^^^^^^^^^^^^^^^^^^^^^,"{""level"":""error""}","{""project"":""70a52d41-885a-4854-b650-392635199b54"",""environment"":""67be7a60-8b6c-4987-8690-dbef25befe73"",""service"":""0f0f8a2f-9703-4f78-a3ed-8fcc57a55f5a"",""deployment"":""7bae97c9-ccbe-49fe-a672-c3ea4a2a6d1e"",""replica"":""5a8db334-f6d0-4ba9-a018-aa1be977e5fd""}",2026-02-15T09:40:32.288878970Z
           ^^^^^^^^^^^^^^^^^^^^^,"{""level"":""error""}","{""project"":""70a52d41-885a-4854-b650-392635199b54"",""environment"":""67be7a60-8b6c-4987-8690-dbef25befe73"",""service"":""0f0f8a2f-9703-4f78-a3ed-8fcc57a55f5a"",""deployment"":""7bae97c9-ccbe-49fe-a672-c3ea4a2a6d1e"",""replica"":""5a8db334-f6d0-4ba9-a018-aa1be977e5fd""}",2026-02-15T09:40:32.289687560Z
"  File ""/usr/local/lib/python3.11/site-packages/django/db/backends/base/base.py"", line 320, in cursor","{""level"":""error""}","{""project"":""70a52d41-885a-4854-b650-392635199b54"",""environment"":""67be7a60-8b6c-4987-8690-dbef25befe73"",""service"":""0f0f8a2f-9703-4f78-a3ed-8fcc57a55f5a"",""deployment"":""7bae97c9-ccbe-49fe-a672-c3ea4a2a6d1e"",""replica"":""5a8db334-f6d0-4ba9-a018-aa1be977e5fd""}",2026-02-15T09:40:32.289700110Z
"  File ""/usr/local/lib/python3.11/site-packages/django/db/models/query.py"", line 631, in get","{""level"":""error""}","{""project"":""70a52d41-885a-4854-b650-392635199b54"",""environment"":""67be7a60-8b6c-4987-8690-dbef25befe73"",""service"":""0f0f8a2f-9703-4f78-a3ed-8fcc57a55f5a"",""deployment"":""7bae97c9-ccbe-49fe-a672-c3ea4a2a6d1e"",""replica"":""5a8db334-f6d0-4ba9-a018-aa1be977e5fd""}",2026-02-15T09:40:32.289707720Z
    return self._cursor(),"{""level"":""error""}","{""project"":""70a52d41-885a-4854-b650-392635199b54"",""environment"":""67be7a60-8b6c-4987-8690-dbef25befe73"",""service"":""0f0f8a2f-9703-4f78-a3ed-8fcc57a55f5a"",""deployment"":""7bae97c9-ccbe-49fe-a672-c3ea4a2a6d1e"",""replica"":""5a8db334-f6d0-4ba9-a018-aa1be977e5fd""}",2026-02-15T09:40:32.289708740Z
    num = len(clone),"{""level"":""error""}","{""project"":""70a52d41-885a-4854-b650-392635199b54"",""environment"":""67be7a60-8b6c-4987-8690-dbef25befe73"",""service"":""0f0f8a2f-9703-4f78-a3ed-8fcc57a55f5a"",""deployment"":""7bae97c9-ccbe-49fe-a672-c3ea4a2a6d1e"",""replica"":""5a8db334-f6d0-4ba9-a018-aa1be977e5fd""}",2026-02-15T09:40:32.289717150Z
           ^^^^^^^^^^^^^^,"{""level"":""error""}","{""project"":""70a52d41-885a-4854-b650-392635199b54"",""environment"":""67be7a60-8b6c-4987-8690-dbef25befe73"",""service"":""0f0f8a2f-9703-4f78-a3ed-8fcc57a55f5a"",""deployment"":""7bae97c9-ccbe-49fe-a672-c3ea4a2a6d1e"",""replica"":""5a8db334-f6d0-4ba9-a018-aa1be977e5fd""}",2026-02-15T09:40:32.289717450Z
"  File ""/usr/local/lib/python3.11/site-packages/django/db/backends/base/base.py"", line 296, in _cursor","{""level"":""error""}","{""project"":""70a52d41-885a-4854-b650-392635199b54"",""environment"":""67be7a60-8b6c-4987-8690-dbef25befe73"",""service"":""0f0f8a2f-9703-4f78-a3ed-8fcc57a55f5a"",""deployment"":""7bae97c9-ccbe-49fe-a672-c3ea4a2a6d1e"",""replica"":""5a8db334-f6d0-4ba9-a018-aa1be977e5fd""}",2026-02-15T09:40:32.289725240Z
          ^^^^^^^^^^,"{""level"":""error""}","{""project"":""70a52d41-885a-4854-b650-392635199b54"",""environment"":""67be7a60-8b6c-4987-8690-dbef25befe73"",""service"":""0f0f8a2f-9703-4f78-a3ed-8fcc57a55f5a"",""deployment"":""7bae97c9-ccbe-49fe-a672-c3ea4a2a6d1e"",""replica"":""5a8db334-f6d0-4ba9-a018-aa1be977e5fd""}",2026-02-15T09:40:32.289725640Z
"  File ""/usr/local/lib/python3.11/site-packages/django/db/models/query.py"", line 368, in __len__","{""level"":""error""}","{""project"":""70a52d41-885a-4854-b650-392635199b54"",""environment"":""67be7a60-8b6c-4987-8690-dbef25befe73"",""service"":""0f0f8a2f-9703-4f78-a3ed-8fcc57a55f5a"",""deployment"":""7bae97c9-ccbe-49fe-a672-c3ea4a2a6d1e"",""replica"":""5a8db334-f6d0-4ba9-a018-aa1be977e5fd""}",2026-02-15T09:40:32.289734330Z
    self._fetch_all(),"{""level"":""error""}","{""project"":""70a52d41-885a-4854-b650-392635199b54"",""environment"":""67be7a60-8b6c-4987-8690-dbef25befe73"",""service"":""0f0f8a2f-9703-4f78-a3ed-8fcc57a55f5a"",""deployment"":""7bae97c9-ccbe-49fe-a672-c3ea4a2a6d1e"",""replica"":""5a8db334-f6d0-4ba9-a018-aa1be977e5fd""}",2026-02-15T09:40:32.289740860Z
"  File ""/usr/local/lib/python3.11/site-packages/django/db/models/query.py"", line 1954, in _fetch_all","{""level"":""error""}","{""project"":""70a52d41-885a-4854-b650-392635199b54"",""environment"":""67be7a60-8b6c-4987-8690-dbef25befe73"",""service"":""0f0f8a2f-9703-4f78-a3ed-8fcc57a55f5a"",""deployment"":""7bae97c9-ccbe-49fe-a672-c3ea4a2a6d1e"",""replica"":""5a8db334-f6d0-4ba9-a018-aa1be977e5fd""}",2026-02-15T09:40:32.289747040Z
    self._result_cache = list(self._iterable_class(self)),"{""level"":""error""}","{""project"":""70a52d41-885a-4854-b650-392635199b54"",""environment"":""67be7a60-8b6c-4987-8690-dbef25befe73"",""service"":""0f0f8a2f-9703-4f78-a3ed-8fcc57a55f5a"",""deployment"":""7bae97c9-ccbe-49fe-a672-c3ea4a2a6d1e"",""replica"":""5a8db334-f6d0-4ba9-a018-aa1be977e5fd""}",2026-02-15T09:40:32.289752990Z
                         ^^^^^^^^^^^^^^^^^^^^^^^^^^^^^^^^,"{""level"":""error""}","{""project"":""70a52d41-885a-4854-b650-392635199b54"",""environment"":""67be7a60-8b6c-4987-8690-dbef25befe73"",""service"":""0f0f8a2f-9703-4f78-a3ed-8fcc57a55f5a"",""deployment"":""7bae97c9-ccbe-49fe-a672-c3ea4a2a6d1e"",""replica"":""5a8db334-f6d0-4ba9-a018-aa1be977e5fd""}",2026-02-15T09:40:32.289759050Z
"  File ""/usr/local/lib/python3.11/site-packages/django/db/models/query.py"", line 93, in __iter__","{""level"":""error""}","{""project"":""70a52d41-885a-4854-b650-392635199b54"",""environment"":""67be7a60-8b6c-4987-8690-dbef25befe73"",""service"":""0f0f8a2f-9703-4f78-a3ed-8fcc57a55f5a"",""deployment"":""7bae97c9-ccbe-49fe-a672-c3ea4a2a6d1e"",""replica"":""5a8db334-f6d0-4ba9-a018-aa1be977e5fd""}",2026-02-15T09:40:32.289765590Z
    results = compiler.execute_sql(,"{""level"":""error""}","{""project"":""70a52d41-885a-4854-b650-392635199b54"",""environment"":""67be7a60-8b6c-4987-8690-dbef25befe73"",""service"":""0f0f8a2f-9703-4f78-a3ed-8fcc57a55f5a"",""deployment"":""7bae97c9-ccbe-49fe-a672-c3ea4a2a6d1e"",""replica"":""5a8db334-f6d0-4ba9-a018-aa1be977e5fd""}",2026-02-15T09:40:32.289772200Z
              ^^^^^^^^^^^^^^^^^^^^^,"{""level"":""error""}","{""project"":""70a52d41-885a-4854-b650-392635199b54"",""environment"":""67be7a60-8b6c-4987-8690-dbef25befe73"",""service"":""0f0f8a2f-9703-4f78-a3ed-8fcc57a55f5a"",""deployment"":""7bae97c9-ccbe-49fe-a672-c3ea4a2a6d1e"",""replica"":""5a8db334-f6d0-4ba9-a018-aa1be977e5fd""}",2026-02-15T09:40:32.289778410Z
"  File ""/usr/local/lib/python3.11/site-packages/django/db/models/sql/compiler.py"", line 1621, in execute_sql","{""level"":""error""}","{""project"":""70a52d41-885a-4854-b650-392635199b54"",""environment"":""67be7a60-8b6c-4987-8690-dbef25befe73"",""service"":""0f0f8a2f-9703-4f78-a3ed-8fcc57a55f5a"",""deployment"":""7bae97c9-ccbe-49fe-a672-c3ea4a2a6d1e"",""replica"":""5a8db334-f6d0-4ba9-a018-aa1be977e5fd""}",2026-02-15T09:40:32.289785300Z
    cursor = self.connection.cursor(),"{""level"":""error""}","{""project"":""70a52d41-885a-4854-b650-392635199b54"",""environment"":""67be7a60-8b6c-4987-8690-dbef25befe73"",""service"":""0f0f8a2f-9703-4f78-a3ed-8fcc57a55f5a"",""deployment"":""7bae97c9-ccbe-49fe-a672-c3ea4a2a6d1e"",""replica"":""5a8db334-f6d0-4ba9-a018-aa1be977e5fd""}",2026-02-15T09:40:32.289791280Z
             ^^^^^^^^^^^^^^^^^^^^^^^^,"{""level"":""error""}","{""project"":""70a52d41-885a-4854-b650-392635199b54"",""environment"":""67be7a60-8b6c-4987-8690-dbef25befe73"",""service"":""0f0f8a2f-9703-4f78-a3ed-8fcc57a55f5a"",""deployment"":""7bae97c9-ccbe-49fe-a672-c3ea4a2a6d1e"",""replica"":""5a8db334-f6d0-4ba9-a018-aa1be977e5fd""}",2026-02-15T09:40:32.289797550Z
"  File ""/usr/local/lib/python3.11/site-packages/django/utils/asyncio.py"", line 26, in inner","{""level"":""error""}","{""project"":""70a52d41-885a-4854-b650-392635199b54"",""environment"":""67be7a60-8b6c-4987-8690-dbef25befe73"",""service"":""0f0f8a2f-9703-4f78-a3ed-8fcc57a55f5a"",""deployment"":""7bae97c9-ccbe-49fe-a672-c3ea4a2a6d1e"",""replica"":""5a8db334-f6d0-4ba9-a018-aa1be977e5fd""}",2026-02-15T09:40:32.289804770Z
"    return func(*args, **kwargs)","{""level"":""error""}","{""project"":""70a52d41-885a-4854-b650-392635199b54"",""environment"":""67be7a60-8b6c-4987-8690-dbef25befe73"",""service"":""0f0f8a2f-9703-4f78-a3ed-8fcc57a55f5a"",""deployment"":""7bae97c9-ccbe-49fe-a672-c3ea4a2a6d1e"",""replica"":""5a8db334-f6d0-4ba9-a018-aa1be977e5fd""}",2026-02-15T09:40:32.289811240Z
    self.ensure_connection(),"{""level"":""error""}","{""project"":""70a52d41-885a-4854-b650-392635199b54"",""environment"":""67be7a60-8b6c-4987-8690-dbef25befe73"",""service"":""0f0f8a2f-9703-4f78-a3ed-8fcc57a55f5a"",""deployment"":""7bae97c9-ccbe-49fe-a672-c3ea4a2a6d1e"",""replica"":""5a8db334-f6d0-4ba9-a018-aa1be977e5fd""}",2026-02-15T09:40:32.290184410Z
"    return func(*args, **kwargs)","{""level"":""error""}","{""project"":""70a52d41-885a-4854-b650-392635199b54"",""environment"":""67be7a60-8b6c-4987-8690-dbef25befe73"",""service"":""0f0f8a2f-9703-4f78-a3ed-8fcc57a55f5a"",""deployment"":""7bae97c9-ccbe-49fe-a672-c3ea4a2a6d1e"",""replica"":""5a8db334-f6d0-4ba9-a018-aa1be977e5fd""}",2026-02-15T09:40:32.290187000Z
           ^^^^^^^^^^^^^^^^^^^^^,"{""level"":""error""}","{""project"":""70a52d41-885a-4854-b650-392635199b54"",""environment"":""67be7a60-8b6c-4987-8690-dbef25befe73"",""service"":""0f0f8a2f-9703-4f78-a3ed-8fcc57a55f5a"",""deployment"":""7bae97c9-ccbe-49fe-a672-c3ea4a2a6d1e"",""replica"":""5a8db334-f6d0-4ba9-a018-aa1be977e5fd""}",2026-02-15T09:40:32.290194010Z
"  File ""/usr/local/lib/python3.11/site-packages/django/utils/asyncio.py"", line 26, in inner","{""level"":""error""}","{""project"":""70a52d41-885a-4854-b650-392635199b54"",""environment"":""67be7a60-8b6c-4987-8690-dbef25befe73"",""service"":""0f0f8a2f-9703-4f78-a3ed-8fcc57a55f5a"",""deployment"":""7bae97c9-ccbe-49fe-a672-c3ea4a2a6d1e"",""replica"":""5a8db334-f6d0-4ba9-a018-aa1be977e5fd""}",2026-02-15T09:40:32.290199980Z
           ^^^^^^^^^^^^^^^^^^^^^,"{""level"":""error""}","{""project"":""70a52d41-885a-4854-b650-392635199b54"",""environment"":""67be7a60-8b6c-4987-8690-dbef25befe73"",""service"":""0f0f8a2f-9703-4f78-a3ed-8fcc57a55f5a"",""deployment"":""7bae97c9-ccbe-49fe-a672-c3ea4a2a6d1e"",""replica"":""5a8db334-f6d0-4ba9-a018-aa1be977e5fd""}",2026-02-15T09:40:32.290200090Z
"  File ""/usr/local/lib/python3.11/site-packages/django/db/backends/base/base.py"", line 256, in connect","{""level"":""error""}","{""project"":""70a52d41-885a-4854-b650-392635199b54"",""environment"":""67be7a60-8b6c-4987-8690-dbef25befe73"",""service"":""0f0f8a2f-9703-4f78-a3ed-8fcc57a55f5a"",""deployment"":""7bae97c9-ccbe-49fe-a672-c3ea4a2a6d1e"",""replica"":""5a8db334-f6d0-4ba9-a018-aa1be977e5fd""}",2026-02-15T09:40:32.290206150Z
"  File ""/usr/local/lib/python3.11/site-packages/django/db/backends/postgresql/base.py"", line 332, in get_new_connection","{""level"":""error""}","{""project"":""70a52d41-885a-4854-b650-392635199b54"",""environment"":""67be7a60-8b6c-4987-8690-dbef25befe73"",""service"":""0f0f8a2f-9703-4f78-a3ed-8fcc57a55f5a"",""deployment"":""7bae97c9-ccbe-49fe-a672-c3ea4a2a6d1e"",""replica"":""5a8db334-f6d0-4ba9-a018-aa1be977e5fd""}",2026-02-15T09:40:32.290206590Z
"    return func(*args, **kwargs)","{""level"":""error""}","{""project"":""70a52d41-885a-4854-b650-392635199b54"",""environment"":""67be7a60-8b6c-4987-8690-dbef25befe73"",""service"":""0f0f8a2f-9703-4f78-a3ed-8fcc57a55f5a"",""deployment"":""7bae97c9-ccbe-49fe-a672-c3ea4a2a6d1e"",""replica"":""5a8db334-f6d0-4ba9-a018-aa1be977e5fd""}",2026-02-15T09:40:32.290209310Z
    self.connection = self.get_new_connection(conn_params),"{""level"":""error""}","{""project"":""70a52d41-885a-4854-b650-392635199b54"",""environment"":""67be7a60-8b6c-4987-8690-dbef25befe73"",""service"":""0f0f8a2f-9703-4f78-a3ed-8fcc57a55f5a"",""deployment"":""7bae97c9-ccbe-49fe-a672-c3ea4a2a6d1e"",""replica"":""5a8db334-f6d0-4ba9-a018-aa1be977e5fd""}",2026-02-15T09:40:32.290214060Z
           ^^^^^^^^^^^^^^^^^^^^^,"{""level"":""error""}","{""project"":""70a52d41-885a-4854-b650-392635199b54"",""environment"":""67be7a60-8b6c-4987-8690-dbef25befe73"",""service"":""0f0f8a2f-9703-4f78-a3ed-8fcc57a55f5a"",""deployment"":""7bae97c9-ccbe-49fe-a672-c3ea4a2a6d1e"",""replica"":""5a8db334-f6d0-4ba9-a018-aa1be977e5fd""}",2026-02-15T09:40:32.290216890Z
"  File ""/usr/local/lib/python3.11/site-packages/django/db/backends/base/base.py"", line 278, in ensure_connection","{""level"":""error""}","{""project"":""70a52d41-885a-4854-b650-392635199b54"",""environment"":""67be7a60-8b6c-4987-8690-dbef25befe73"",""service"":""0f0f8a2f-9703-4f78-a3ed-8fcc57a55f5a"",""deployment"":""7bae97c9-ccbe-49fe-a672-c3ea4a2a6d1e"",""replica"":""5a8db334-f6d0-4ba9-a018-aa1be977e5fd""}",2026-02-15T09:40:32.290223900Z
                      ^^^^^^^^^^^^^^^^^^^^^^^^^^^^^^^^^^^^,"{""level"":""error""}","{""project"":""70a52d41-885a-4854-b650-392635199b54"",""environment"":""67be7a60-8b6c-4987-8690-dbef25befe73"",""service"":""0f0f8a2f-9703-4f78-a3ed-8fcc57a55f5a"",""deployment"":""7bae97c9-ccbe-49fe-a672-c3ea4a2a6d1e"",""replica"":""5a8db334-f6d0-4ba9-a018-aa1be977e5fd""}",2026-02-15T09:40:32.290225140Z
    with self.wrap_database_errors:,"{""level"":""error""}","{""project"":""70a52d41-885a-4854-b650-392635199b54"",""environment"":""67be7a60-8b6c-4987-8690-dbef25befe73"",""service"":""0f0f8a2f-9703-4f78-a3ed-8fcc57a55f5a"",""deployment"":""7bae97c9-ccbe-49fe-a672-c3ea4a2a6d1e"",""replica"":""5a8db334-f6d0-4ba9-a018-aa1be977e5fd""}",2026-02-15T09:40:32.290233020Z
"  File ""/usr/local/lib/python3.11/site-packages/django/utils/asyncio.py"", line 26, in inner","{""level"":""error""}","{""project"":""70a52d41-885a-4854-b650-392635199b54"",""environment"":""67be7a60-8b6c-4987-8690-dbef25befe73"",""service"":""0f0f8a2f-9703-4f78-a3ed-8fcc57a55f5a"",""deployment"":""7bae97c9-ccbe-49fe-a672-c3ea4a2a6d1e"",""replica"":""5a8db334-f6d0-4ba9-a018-aa1be977e5fd""}",2026-02-15T09:40:32.290233920Z
"  File ""/usr/local/lib/python3.11/site-packages/django/db/utils.py"", line 91, in __exit__","{""level"":""error""}","{""project"":""70a52d41-885a-4854-b650-392635199b54"",""environment"":""67be7a60-8b6c-4987-8690-dbef25befe73"",""service"":""0f0f8a2f-9703-4f78-a3ed-8fcc57a55f5a"",""deployment"":""7bae97c9-ccbe-49fe-a672-c3ea4a2a6d1e"",""replica"":""5a8db334-f6d0-4ba9-a018-aa1be977e5fd""}",2026-02-15T09:40:32.290239370Z
    raise dj_exc_value.with_traceback(traceback) from exc_value,"{""level"":""error""}","{""project"":""70a52d41-885a-4854-b650-392635199b54"",""environment"":""67be7a60-8b6c-4987-8690-dbef25befe73"",""service"":""0f0f8a2f-9703-4f78-a3ed-8fcc57a55f5a"",""deployment"":""7bae97c9-ccbe-49fe-a672-c3ea4a2a6d1e"",""replica"":""5a8db334-f6d0-4ba9-a018-aa1be977e5fd""}",2026-02-15T09:40:32.290243090Z
"  File ""/usr/local/lib/python3.11/site-packages/django/db/backends/base/base.py"", line 279, in ensure_connection","{""level"":""error""}","{""project"":""70a52d41-885a-4854-b650-392635199b54"",""environment"":""67be7a60-8b6c-4987-8690-dbef25befe73"",""service"":""0f0f8a2f-9703-4f78-a3ed-8fcc57a55f5a"",""deployment"":""7bae97c9-ccbe-49fe-a672-c3ea4a2a6d1e"",""replica"":""5a8db334-f6d0-4ba9-a018-aa1be977e5fd""}",2026-02-15T09:40:32.290246980Z
    self.connect(),"{""level"":""error""}","{""project"":""70a52d41-885a-4854-b650-392635199b54"",""environment"":""67be7a60-8b6c-4987-8690-dbef25befe73"",""service"":""0f0f8a2f-9703-4f78-a3ed-8fcc57a55f5a"",""deployment"":""7bae97c9-ccbe-49fe-a672-c3ea4a2a6d1e"",""replica"":""5a8db334-f6d0-4ba9-a018-aa1be977e5fd""}",2026-02-15T09:40:32.290251230Z
"  File ""/usr/local/lib/python3.11/site-packages/django/utils/asyncio.py"", line 26, in inner","{""level"":""error""}","{""project"":""70a52d41-885a-4854-b650-392635199b54"",""environment"":""67be7a60-8b6c-4987-8690-dbef25befe73"",""service"":""0f0f8a2f-9703-4f78-a3ed-8fcc57a55f5a"",""deployment"":""7bae97c9-ccbe-49fe-a672-c3ea4a2a6d1e"",""replica"":""5a8db334-f6d0-4ba9-a018-aa1be977e5fd""}",2026-02-15T09:40:32.290257270Z
"    return func(*args, **kwargs)","{""level"":""error""}","{""project"":""70a52d41-885a-4854-b650-392635199b54"",""environment"":""67be7a60-8b6c-4987-8690-dbef25befe73"",""service"":""0f0f8a2f-9703-4f78-a3ed-8fcc57a55f5a"",""deployment"":""7bae97c9-ccbe-49fe-a672-c3ea4a2a6d1e"",""replica"":""5a8db334-f6d0-4ba9-a018-aa1be977e5fd""}",2026-02-15T09:40:32.290261150Z
    connection = self.Database.connect(**conn_params),"{""level"":""error""}","{""project"":""70a52d41-885a-4854-b650-392635199b54"",""environment"":""67be7a60-8b6c-4987-8690-dbef25befe73"",""service"":""0f0f8a2f-9703-4f78-a3ed-8fcc57a55f5a"",""deployment"":""7bae97c9-ccbe-49fe-a672-c3ea4a2a6d1e"",""replica"":""5a8db334-f6d0-4ba9-a018-aa1be977e5fd""}",2026-02-15T09:40:32.290762050Z
                 ^^^^^^^^^^^^^^^^^^^^^^^^^^^^^^^^^^^^,"{""level"":""error""}","{""project"":""70a52d41-885a-4854-b650-392635199b54"",""environment"":""67be7a60-8b6c-4987-8690-dbef25befe73"",""service"":""0f0f8a2f-9703-4f78-a3ed-8fcc57a55f5a"",""deployment"":""7bae97c9-ccbe-49fe-a672-c3ea4a2a6d1e"",""replica"":""5a8db334-f6d0-4ba9-a018-aa1be977e5fd""}",2026-02-15T09:40:32.290766919Z
"  File ""/usr/local/lib/python3.11/site-packages/psycopg2/__init__.py"", line 122, in connect","{""level"":""error""}","{""project"":""70a52d41-885a-4854-b650-392635199b54"",""environment"":""67be7a60-8b6c-4987-8690-dbef25befe73"",""service"":""0f0f8a2f-9703-4f78-a3ed-8fcc57a55f5a"",""deployment"":""7bae97c9-ccbe-49fe-a672-c3ea4a2a6d1e"",""replica"":""5a8db334-f6d0-4ba9-a018-aa1be977e5fd""}",2026-02-15T09:40:32.290770710Z
"    conn = _connect(dsn, connection_factory=connection_factory, **kwasync)","{""level"":""error""}","{""project"":""70a52d41-885a-4854-b650-392635199b54"",""environment"":""67be7a60-8b6c-4987-8690-dbef25befe73"",""service"":""0f0f8a2f-9703-4f78-a3ed-8fcc57a55f5a"",""deployment"":""7bae97c9-ccbe-49fe-a672-c3ea4a2a6d1e"",""replica"":""5a8db334-f6d0-4ba9-a018-aa1be977e5fd""}",2026-02-15T09:40:32.290774490Z
           ^^^^^^^^^^^^^^^^^^^^^^^^^^^^^^^^^^^^^^^^^^^^^^^^^^^^^^^^^^^^^^^,"{""level"":""error""}","{""project"":""70a52d41-885a-4854-b650-392635199b54"",""environment"":""67be7a60-8b6c-4987-8690-dbef25befe73"",""service"":""0f0f8a2f-9703-4f78-a3ed-8fcc57a55f5a"",""deployment"":""7bae97c9-ccbe-49fe-a672-c3ea4a2a6d1e"",""replica"":""5a8db334-f6d0-4ba9-a018-aa1be977e5fd""}",2026-02-15T09:40:32.290778119Z
"django.db.utils.OperationalError: connection to server at ""15.164.188.235"", port 5432 failed: FATAL:  MaxClientsInSessionMode: max clients reached - in Session mode max clients are limited to pool_size","{""level"":""error""}","{""project"":""70a52d41-885a-4854-b650-392635199b54"",""environment"":""67be7a60-8b6c-4987-8690-dbef25befe73"",""service"":""0f0f8a2f-9703-4f78-a3ed-8fcc57a55f5a"",""deployment"":""7bae97c9-ccbe-49fe-a672-c3ea4a2a6d1e"",""replica"":""5a8db334-f6d0-4ba9-a018-aa1be977e5fd""}",2026-02-15T09:40:32.290781970Z
,"{""level"":""error""}","{""project"":""70a52d41-885a-4854-b650-392635199b54"",""environment"":""67be7a60-8b6c-4987-8690-dbef25befe73"",""service"":""0f0f8a2f-9703-4f78-a3ed-8fcc57a55f5a"",""deployment"":""7bae97c9-ccbe-49fe-a672-c3ea4a2a6d1e"",""replica"":""5a8db334-f6d0-4ba9-a018-aa1be977e5fd""}",2026-02-15T09:40:32.290787739Z
Internal Server Error: /api/community/ghosts/me/,"{""level"":""error""}","{""project"":""70a52d41-885a-4854-b650-392635199b54"",""environment"":""67be7a60-8b6c-4987-8690-dbef25befe73"",""service"":""0f0f8a2f-9703-4f78-a3ed-8fcc57a55f5a"",""deployment"":""7bae97c9-ccbe-49fe-a672-c3ea4a2a6d1e"",""replica"":""5a8db334-f6d0-4ba9-a018-aa1be977e5fd""}",2026-02-15T09:40:32.290791490Z
Traceback (most recent call last):,"{""level"":""error""}","{""project"":""70a52d41-885a-4854-b650-392635199b54"",""environment"":""67be7a60-8b6c-4987-8690-dbef25befe73"",""service"":""0f0f8a2f-9703-4f78-a3ed-8fcc57a55f5a"",""deployment"":""7bae97c9-ccbe-49fe-a672-c3ea4a2a6d1e"",""replica"":""5a8db334-f6d0-4ba9-a018-aa1be977e5fd""}",2026-02-15T09:40:32.290795250Z
"  File ""/usr/local/lib/python3.11/site-packages/django/db/backends/base/base.py"", line 279, in ensure_connection","{""level"":""error""}","{""project"":""70a52d41-885a-4854-b650-392635199b54"",""environment"":""67be7a60-8b6c-4987-8690-dbef25befe73"",""service"":""0f0f8a2f-9703-4f78-a3ed-8fcc57a55f5a"",""deployment"":""7bae97c9-ccbe-49fe-a672-c3ea4a2a6d1e"",""replica"":""5a8db334-f6d0-4ba9-a018-aa1be977e5fd""}",2026-02-15T09:40:32.290798950Z
    self.connect(),"{""level"":""error""}","{""project"":""70a52d41-885a-4854-b650-392635199b54"",""environment"":""67be7a60-8b6c-4987-8690-dbef25befe73"",""service"":""0f0f8a2f-9703-4f78-a3ed-8fcc57a55f5a"",""deployment"":""7bae97c9-ccbe-49fe-a672-c3ea4a2a6d1e"",""replica"":""5a8db334-f6d0-4ba9-a018-aa1be977e5fd""}",2026-02-15T09:40:32.290802770Z
"  File ""/usr/local/lib/python3.11/site-packages/django/utils/asyncio.py"", line 26, in inner","{""level"":""error""}","{""project"":""70a52d41-885a-4854-b650-392635199b54"",""environment"":""67be7a60-8b6c-4987-8690-dbef25befe73"",""service"":""0f0f8a2f-9703-4f78-a3ed-8fcc57a55f5a"",""deployment"":""7bae97c9-ccbe-49fe-a672-c3ea4a2a6d1e"",""replica"":""5a8db334-f6d0-4ba9-a018-aa1be977e5fd""}",2026-02-15T09:40:32.290806739Z
"    return func(*args, **kwargs)","{""level"":""error""}","{""project"":""70a52d41-885a-4854-b650-392635199b54"",""environment"":""67be7a60-8b6c-4987-8690-dbef25befe73"",""service"":""0f0f8a2f-9703-4f78-a3ed-8fcc57a55f5a"",""deployment"":""7bae97c9-ccbe-49fe-a672-c3ea4a2a6d1e"",""replica"":""5a8db334-f6d0-4ba9-a018-aa1be977e5fd""}",2026-02-15T09:40:32.290810630Z
           ^^^^^^^^^^^^^^^^^^^^^,"{""level"":""error""}","{""project"":""70a52d41-885a-4854-b650-392635199b54"",""environment"":""67be7a60-8b6c-4987-8690-dbef25befe73"",""service"":""0f0f8a2f-9703-4f78-a3ed-8fcc57a55f5a"",""deployment"":""7bae97c9-ccbe-49fe-a672-c3ea4a2a6d1e"",""replica"":""5a8db334-f6d0-4ba9-a018-aa1be977e5fd""}",2026-02-15T09:40:32.290814470Z
"  File ""/usr/local/lib/python3.11/site-packages/django/db/backends/base/base.py"", line 256, in connect","{""level"":""error""}","{""project"":""70a52d41-885a-4854-b650-392635199b54"",""environment"":""67be7a60-8b6c-4987-8690-dbef25befe73"",""service"":""0f0f8a2f-9703-4f78-a3ed-8fcc57a55f5a"",""deployment"":""7bae97c9-ccbe-49fe-a672-c3ea4a2a6d1e"",""replica"":""5a8db334-f6d0-4ba9-a018-aa1be977e5fd""}",2026-02-15T09:40:32.290818199Z
    self.connection = self.get_new_connection(conn_params),"{""level"":""error""}","{""project"":""70a52d41-885a-4854-b650-392635199b54"",""environment"":""67be7a60-8b6c-4987-8690-dbef25befe73"",""service"":""0f0f8a2f-9703-4f78-a3ed-8fcc57a55f5a"",""deployment"":""7bae97c9-ccbe-49fe-a672-c3ea4a2a6d1e"",""replica"":""5a8db334-f6d0-4ba9-a018-aa1be977e5fd""}",2026-02-15T09:40:32.290822150Z
                      ^^^^^^^^^^^^^^^^^^^^^^^^^^^^^^^^^^^^,"{""level"":""error""}","{""project"":""70a52d41-885a-4854-b650-392635199b54"",""environment"":""67be7a60-8b6c-4987-8690-dbef25befe73"",""service"":""0f0f8a2f-9703-4f78-a3ed-8fcc57a55f5a"",""deployment"":""7bae97c9-ccbe-49fe-a672-c3ea4a2a6d1e"",""replica"":""5a8db334-f6d0-4ba9-a018-aa1be977e5fd""}",2026-02-15T09:40:32.290828319Z
"  File ""/usr/local/lib/python3.11/site-packages/django/utils/asyncio.py"", line 26, in inner","{""level"":""error""}","{""project"":""70a52d41-885a-4854-b650-392635199b54"",""environment"":""67be7a60-8b6c-4987-8690-dbef25befe73"",""service"":""0f0f8a2f-9703-4f78-a3ed-8fcc57a55f5a"",""deployment"":""7bae97c9-ccbe-49fe-a672-c3ea4a2a6d1e"",""replica"":""5a8db334-f6d0-4ba9-a018-aa1be977e5fd""}",2026-02-15T09:40:32.290832179Z
               ^^^^^^^^^^^^^^^^^^^^^^^^^^^,"{""level"":""error""}","{""project"":""70a52d41-885a-4854-b650-392635199b54"",""environment"":""67be7a60-8b6c-4987-8690-dbef25befe73"",""service"":""0f0f8a2f-9703-4f78-a3ed-8fcc57a55f5a"",""deployment"":""7bae97c9-ccbe-49fe-a672-c3ea4a2a6d1e"",""replica"":""5a8db334-f6d0-4ba9-a018-aa1be977e5fd""}",2026-02-15T09:40:32.291480410Z
"  File ""/usr/local/lib/python3.11/site-packages/asgiref/sync.py"", line 557, in thread_handler","{""level"":""error""}","{""project"":""70a52d41-885a-4854-b650-392635199b54"",""environment"":""67be7a60-8b6c-4987-8690-dbef25befe73"",""service"":""0f0f8a2f-9703-4f78-a3ed-8fcc57a55f5a"",""deployment"":""7bae97c9-ccbe-49fe-a672-c3ea4a2a6d1e"",""replica"":""5a8db334-f6d0-4ba9-a018-aa1be977e5fd""}",2026-02-15T09:40:32.291487730Z
The above exception was the direct cause of the following exception:,"{""level"":""error""}","{""project"":""70a52d41-885a-4854-b650-392635199b54"",""environment"":""67be7a60-8b6c-4987-8690-dbef25befe73"",""service"":""0f0f8a2f-9703-4f78-a3ed-8fcc57a55f5a"",""deployment"":""7bae97c9-ccbe-49fe-a672-c3ea4a2a6d1e"",""replica"":""5a8db334-f6d0-4ba9-a018-aa1be977e5fd""}",2026-02-15T09:40:32.291488699Z
,"{""level"":""error""}","{""project"":""70a52d41-885a-4854-b650-392635199b54"",""environment"":""67be7a60-8b6c-4987-8690-dbef25befe73"",""service"":""0f0f8a2f-9703-4f78-a3ed-8fcc57a55f5a"",""deployment"":""7bae97c9-ccbe-49fe-a672-c3ea4a2a6d1e"",""replica"":""5a8db334-f6d0-4ba9-a018-aa1be977e5fd""}",2026-02-15T09:40:32.291498719Z
    raise exc_info[1],"{""level"":""error""}","{""project"":""70a52d41-885a-4854-b650-392635199b54"",""environment"":""67be7a60-8b6c-4987-8690-dbef25befe73"",""service"":""0f0f8a2f-9703-4f78-a3ed-8fcc57a55f5a"",""deployment"":""7bae97c9-ccbe-49fe-a672-c3ea4a2a6d1e"",""replica"":""5a8db334-f6d0-4ba9-a018-aa1be977e5fd""}",2026-02-15T09:40:32.291499039Z
"  File ""/usr/local/lib/python3.11/site-packages/django/core/handlers/exception.py"", line 42, in inner","{""level"":""error""}","{""project"":""70a52d41-885a-4854-b650-392635199b54"",""environment"":""67be7a60-8b6c-4987-8690-dbef25befe73"",""service"":""0f0f8a2f-9703-4f78-a3ed-8fcc57a55f5a"",""deployment"":""7bae97c9-ccbe-49fe-a672-c3ea4a2a6d1e"",""replica"":""5a8db334-f6d0-4ba9-a018-aa1be977e5fd""}",2026-02-15T09:40:32.291502899Z
"    return func(*args, **kwargs)","{""level"":""error""}","{""project"":""70a52d41-885a-4854-b650-392635199b54"",""environment"":""67be7a60-8b6c-4987-8690-dbef25befe73"",""service"":""0f0f8a2f-9703-4f78-a3ed-8fcc57a55f5a"",""deployment"":""7bae97c9-ccbe-49fe-a672-c3ea4a2a6d1e"",""replica"":""5a8db334-f6d0-4ba9-a018-aa1be977e5fd""}",2026-02-15T09:40:32.291507559Z
Traceback (most recent call last):,"{""level"":""error""}","{""project"":""70a52d41-885a-4854-b650-392635199b54"",""environment"":""67be7a60-8b6c-4987-8690-dbef25befe73"",""service"":""0f0f8a2f-9703-4f78-a3ed-8fcc57a55f5a"",""deployment"":""7bae97c9-ccbe-49fe-a672-c3ea4a2a6d1e"",""replica"":""5a8db334-f6d0-4ba9-a018-aa1be977e5fd""}",2026-02-15T09:40:32.291508079Z
           ^^^^^^^^^^^^^^^^^^^^^,"{""level"":""error""}","{""project"":""70a52d41-885a-4854-b650-392635199b54"",""environment"":""67be7a60-8b6c-4987-8690-dbef25befe73"",""service"":""0f0f8a2f-9703-4f78-a3ed-8fcc57a55f5a"",""deployment"":""7bae97c9-ccbe-49fe-a672-c3ea4a2a6d1e"",""replica"":""5a8db334-f6d0-4ba9-a018-aa1be977e5fd""}",2026-02-15T09:40:32.291513099Z
    response = await get_response(request),"{""level"":""error""}","{""project"":""70a52d41-885a-4854-b650-392635199b54"",""environment"":""67be7a60-8b6c-4987-8690-dbef25befe73"",""service"":""0f0f8a2f-9703-4f78-a3ed-8fcc57a55f5a"",""deployment"":""7bae97c9-ccbe-49fe-a672-c3ea4a2a6d1e"",""replica"":""5a8db334-f6d0-4ba9-a018-aa1be977e5fd""}",2026-02-15T09:40:32.291514730Z
"  File ""/usr/local/lib/python3.11/site-packages/asgiref/sync.py"", line 557, in thread_handler","{""level"":""error""}","{""project"":""70a52d41-885a-4854-b650-392635199b54"",""environment"":""67be7a60-8b6c-4987-8690-dbef25befe73"",""service"":""0f0f8a2f-9703-4f78-a3ed-8fcc57a55f5a"",""deployment"":""7bae97c9-ccbe-49fe-a672-c3ea4a2a6d1e"",""replica"":""5a8db334-f6d0-4ba9-a018-aa1be977e5fd""}",2026-02-15T09:40:32.291516630Z
"  File ""/usr/local/lib/python3.11/site-packages/django/db/backends/postgresql/base.py"", line 332, in get_new_connection","{""level"":""error""}","{""project"":""70a52d41-885a-4854-b650-392635199b54"",""environment"":""67be7a60-8b6c-4987-8690-dbef25befe73"",""service"":""0f0f8a2f-9703-4f78-a3ed-8fcc57a55f5a"",""deployment"":""7bae97c9-ccbe-49fe-a672-c3ea4a2a6d1e"",""replica"":""5a8db334-f6d0-4ba9-a018-aa1be977e5fd""}",2026-02-15T09:40:32.291519010Z
    connection = self.Database.connect(**conn_params),"{""level"":""error""}","{""project"":""70a52d41-885a-4854-b650-392635199b54"",""environment"":""67be7a60-8b6c-4987-8690-dbef25befe73"",""service"":""0f0f8a2f-9703-4f78-a3ed-8fcc57a55f5a"",""deployment"":""7bae97c9-ccbe-49fe-a672-c3ea4a2a6d1e"",""replica"":""5a8db334-f6d0-4ba9-a018-aa1be977e5fd""}",2026-02-15T09:40:32.291523730Z
                 ^^^^^^^^^^^^^^^^^^^^^^^^^^^^^^^^^^^^,"{""level"":""error""}","{""project"":""70a52d41-885a-4854-b650-392635199b54"",""environment"":""67be7a60-8b6c-4987-8690-dbef25befe73"",""service"":""0f0f8a2f-9703-4f78-a3ed-8fcc57a55f5a"",""deployment"":""7bae97c9-ccbe-49fe-a672-c3ea4a2a6d1e"",""replica"":""5a8db334-f6d0-4ba9-a018-aa1be977e5fd""}",2026-02-15T09:40:32.291528459Z
           ^^^^^^^^^^^^^^^^^^^^^^^^^^^^^^^^^^^^^^^^^^^^^^^^^^^^^^^^^^^^^^^,"{""level"":""error""}","{""project"":""70a52d41-885a-4854-b650-392635199b54"",""environment"":""67be7a60-8b6c-4987-8690-dbef25befe73"",""service"":""0f0f8a2f-9703-4f78-a3ed-8fcc57a55f5a"",""deployment"":""7bae97c9-ccbe-49fe-a672-c3ea4a2a6d1e"",""replica"":""5a8db334-f6d0-4ba9-a018-aa1be977e5fd""}",2026-02-15T09:40:32.291531670Z
"  File ""/usr/local/lib/python3.11/site-packages/psycopg2/__init__.py"", line 122, in connect","{""level"":""error""}","{""project"":""70a52d41-885a-4854-b650-392635199b54"",""environment"":""67be7a60-8b6c-4987-8690-dbef25befe73"",""service"":""0f0f8a2f-9703-4f78-a3ed-8fcc57a55f5a"",""deployment"":""7bae97c9-ccbe-49fe-a672-c3ea4a2a6d1e"",""replica"":""5a8db334-f6d0-4ba9-a018-aa1be977e5fd""}",2026-02-15T09:40:32.291534290Z
"    conn = _connect(dsn, connection_factory=connection_factory, **kwasync)","{""level"":""error""}","{""project"":""70a52d41-885a-4854-b650-392635199b54"",""environment"":""67be7a60-8b6c-4987-8690-dbef25befe73"",""service"":""0f0f8a2f-9703-4f78-a3ed-8fcc57a55f5a"",""deployment"":""7bae97c9-ccbe-49fe-a672-c3ea4a2a6d1e"",""replica"":""5a8db334-f6d0-4ba9-a018-aa1be977e5fd""}",2026-02-15T09:40:32.291538739Z
"psycopg2.OperationalError: connection to server at ""15.164.188.235"", port 5432 failed: FATAL:  MaxClientsInSessionMode: max clients reached - in Session mode max clients are limited to pool_size","{""level"":""error""}","{""project"":""70a52d41-885a-4854-b650-392635199b54"",""environment"":""67be7a60-8b6c-4987-8690-dbef25befe73"",""service"":""0f0f8a2f-9703-4f78-a3ed-8fcc57a55f5a"",""deployment"":""7bae97c9-ccbe-49fe-a672-c3ea4a2a6d1e"",""replica"":""5a8db334-f6d0-4ba9-a018-aa1be977e5fd""}",2026-02-15T09:40:32.291541270Z
,"{""level"":""error""}","{""project"":""70a52d41-885a-4854-b650-392635199b54"",""environment"":""67be7a60-8b6c-4987-8690-dbef25befe73"",""service"":""0f0f8a2f-9703-4f78-a3ed-8fcc57a55f5a"",""deployment"":""7bae97c9-ccbe-49fe-a672-c3ea4a2a6d1e"",""replica"":""5a8db334-f6d0-4ba9-a018-aa1be977e5fd""}",2026-02-15T09:40:32.291547770Z
,"{""level"":""error""}","{""project"":""70a52d41-885a-4854-b650-392635199b54"",""environment"":""67be7a60-8b6c-4987-8690-dbef25befe73"",""service"":""0f0f8a2f-9703-4f78-a3ed-8fcc57a55f5a"",""deployment"":""7bae97c9-ccbe-49fe-a672-c3ea4a2a6d1e"",""replica"":""5a8db334-f6d0-4ba9-a018-aa1be977e5fd""}",2026-02-15T09:40:32.291553490Z
"  File ""/usr/local/lib/python3.11/site-packages/rest_framework/views.py"", line 515, in dispatch","{""level"":""error""}","{""project"":""70a52d41-885a-4854-b650-392635199b54"",""environment"":""67be7a60-8b6c-4987-8690-dbef25befe73"",""service"":""0f0f8a2f-9703-4f78-a3ed-8fcc57a55f5a"",""deployment"":""7bae97c9-ccbe-49fe-a672-c3ea4a2a6d1e"",""replica"":""5a8db334-f6d0-4ba9-a018-aa1be977e5fd""}",2026-02-15T09:40:32.291988039Z
    raise exc_info[1],"{""level"":""error""}","{""project"":""70a52d41-885a-4854-b650-392635199b54"",""environment"":""67be7a60-8b6c-4987-8690-dbef25befe73"",""service"":""0f0f8a2f-9703-4f78-a3ed-8fcc57a55f5a"",""deployment"":""7bae97c9-ccbe-49fe-a672-c3ea4a2a6d1e"",""replica"":""5a8db334-f6d0-4ba9-a018-aa1be977e5fd""}",2026-02-15T09:40:32.291998669Z
"  File ""/usr/local/lib/python3.11/site-packages/django/core/handlers/base.py"", line 253, in _get_response_async","{""level"":""error""}","{""project"":""70a52d41-885a-4854-b650-392635199b54"",""environment"":""67be7a60-8b6c-4987-8690-dbef25befe73"",""service"":""0f0f8a2f-9703-4f78-a3ed-8fcc57a55f5a"",""deployment"":""7bae97c9-ccbe-49fe-a672-c3ea4a2a6d1e"",""replica"":""5a8db334-f6d0-4ba9-a018-aa1be977e5fd""}",2026-02-15T09:40:32.292003139Z
    response = await wrapped_callback(,"{""level"":""error""}","{""project"":""70a52d41-885a-4854-b650-392635199b54"",""environment"":""67be7a60-8b6c-4987-8690-dbef25befe73"",""service"":""0f0f8a2f-9703-4f78-a3ed-8fcc57a55f5a"",""deployment"":""7bae97c9-ccbe-49fe-a672-c3ea4a2a6d1e"",""replica"":""5a8db334-f6d0-4ba9-a018-aa1be977e5fd""}",2026-02-15T09:40:32.292008249Z
               ^^^^^^^^^^^^^^^^^^^^^^^,"{""level"":""error""}","{""project"":""70a52d41-885a-4854-b650-392635199b54"",""environment"":""67be7a60-8b6c-4987-8690-dbef25befe73"",""service"":""0f0f8a2f-9703-4f78-a3ed-8fcc57a55f5a"",""deployment"":""7bae97c9-ccbe-49fe-a672-c3ea4a2a6d1e"",""replica"":""5a8db334-f6d0-4ba9-a018-aa1be977e5fd""}",2026-02-15T09:40:32.292012139Z
"  File ""/usr/local/lib/python3.11/site-packages/asgiref/sync.py"", line 506, in __call__","{""level"":""error""}","{""project"":""70a52d41-885a-4854-b650-392635199b54"",""environment"":""67be7a60-8b6c-4987-8690-dbef25befe73"",""service"":""0f0f8a2f-9703-4f78-a3ed-8fcc57a55f5a"",""deployment"":""7bae97c9-ccbe-49fe-a672-c3ea4a2a6d1e"",""replica"":""5a8db334-f6d0-4ba9-a018-aa1be977e5fd""}",2026-02-15T09:40:32.292016019Z
    ret = await asyncio.shield(exec_coro),"{""level"":""error""}","{""project"":""70a52d41-885a-4854-b650-392635199b54"",""environment"":""67be7a60-8b6c-4987-8690-dbef25befe73"",""service"":""0f0f8a2f-9703-4f78-a3ed-8fcc57a55f5a"",""deployment"":""7bae97c9-ccbe-49fe-a672-c3ea4a2a6d1e"",""replica"":""5a8db334-f6d0-4ba9-a018-aa1be977e5fd""}",2026-02-15T09:40:32.292019829Z
          ^^^^^^^^^^^^^^^^^^^^^^^^^^^^^^^,"{""level"":""error""}","{""project"":""70a52d41-885a-4854-b650-392635199b54"",""environment"":""67be7a60-8b6c-4987-8690-dbef25befe73"",""service"":""0f0f8a2f-9703-4f78-a3ed-8fcc57a55f5a"",""deployment"":""7bae97c9-ccbe-49fe-a672-c3ea4a2a6d1e"",""replica"":""5a8db334-f6d0-4ba9-a018-aa1be977e5fd""}",2026-02-15T09:40:32.292023759Z
"  File ""/usr/local/lib/python3.11/site-packages/asgiref/current_thread_executor.py"", line 40, in run","{""level"":""error""}","{""project"":""70a52d41-885a-4854-b650-392635199b54"",""environment"":""67be7a60-8b6c-4987-8690-dbef25befe73"",""service"":""0f0f8a2f-9703-4f78-a3ed-8fcc57a55f5a"",""deployment"":""7bae97c9-ccbe-49fe-a672-c3ea4a2a6d1e"",""replica"":""5a8db334-f6d0-4ba9-a018-aa1be977e5fd""}",2026-02-15T09:40:32.292027919Z
"    result = self.fn(*self.args, **self.kwargs)","{""level"":""error""}","{""project"":""70a52d41-885a-4854-b650-392635199b54"",""environment"":""67be7a60-8b6c-4987-8690-dbef25befe73"",""service"":""0f0f8a2f-9703-4f78-a3ed-8fcc57a55f5a"",""deployment"":""7bae97c9-ccbe-49fe-a672-c3ea4a2a6d1e"",""replica"":""5a8db334-f6d0-4ba9-a018-aa1be977e5fd""}",2026-02-15T09:40:32.292032459Z
             ^^^^^^^^^^^^^^^^^^^^^^^^^^^^^^^^^^,"{""level"":""error""}","{""project"":""70a52d41-885a-4854-b650-392635199b54"",""environment"":""67be7a60-8b6c-4987-8690-dbef25befe73"",""service"":""0f0f8a2f-9703-4f78-a3ed-8fcc57a55f5a"",""deployment"":""7bae97c9-ccbe-49fe-a672-c3ea4a2a6d1e"",""replica"":""5a8db334-f6d0-4ba9-a018-aa1be977e5fd""}",2026-02-15T09:40:32.292036459Z
"  File ""/usr/local/lib/python3.11/site-packages/asgiref/sync.py"", line 561, in thread_handler","{""level"":""error""}","{""project"":""70a52d41-885a-4854-b650-392635199b54"",""environment"":""67be7a60-8b6c-4987-8690-dbef25befe73"",""service"":""0f0f8a2f-9703-4f78-a3ed-8fcc57a55f5a"",""deployment"":""7bae97c9-ccbe-49fe-a672-c3ea4a2a6d1e"",""replica"":""5a8db334-f6d0-4ba9-a018-aa1be977e5fd""}",2026-02-15T09:40:32.292040059Z
"    return func(*args, **kwargs)","{""level"":""error""}","{""project"":""70a52d41-885a-4854-b650-392635199b54"",""environment"":""67be7a60-8b6c-4987-8690-dbef25befe73"",""service"":""0f0f8a2f-9703-4f78-a3ed-8fcc57a55f5a"",""deployment"":""7bae97c9-ccbe-49fe-a672-c3ea4a2a6d1e"",""replica"":""5a8db334-f6d0-4ba9-a018-aa1be977e5fd""}",2026-02-15T09:40:32.292043879Z
           ^^^^^^^^^^^^^^^^^^^^^,"{""level"":""error""}","{""project"":""70a52d41-885a-4854-b650-392635199b54"",""environment"":""67be7a60-8b6c-4987-8690-dbef25befe73"",""service"":""0f0f8a2f-9703-4f78-a3ed-8fcc57a55f5a"",""deployment"":""7bae97c9-ccbe-49fe-a672-c3ea4a2a6d1e"",""replica"":""5a8db334-f6d0-4ba9-a018-aa1be977e5fd""}",2026-02-15T09:40:32.292075809Z
"  File ""/usr/local/lib/python3.11/site-packages/django/views/decorators/csrf.py"", line 65, in _view_wrapper","{""level"":""error""}","{""project"":""70a52d41-885a-4854-b650-392635199b54"",""environment"":""67be7a60-8b6c-4987-8690-dbef25befe73"",""service"":""0f0f8a2f-9703-4f78-a3ed-8fcc57a55f5a"",""deployment"":""7bae97c9-ccbe-49fe-a672-c3ea4a2a6d1e"",""replica"":""5a8db334-f6d0-4ba9-a018-aa1be977e5fd""}",2026-02-15T09:40:32.292080089Z
"    return view_func(request, *args, **kwargs)","{""level"":""error""}","{""project"":""70a52d41-885a-4854-b650-392635199b54"",""environment"":""67be7a60-8b6c-4987-8690-dbef25befe73"",""service"":""0f0f8a2f-9703-4f78-a3ed-8fcc57a55f5a"",""deployment"":""7bae97c9-ccbe-49fe-a672-c3ea4a2a6d1e"",""replica"":""5a8db334-f6d0-4ba9-a018-aa1be977e5fd""}",2026-02-15T09:40:32.292083859Z
           ^^^^^^^^^^^^^^^^^^^^^^^^^^^^^^^^^^^,"{""level"":""error""}","{""project"":""70a52d41-885a-4854-b650-392635199b54"",""environment"":""67be7a60-8b6c-4987-8690-dbef25befe73"",""service"":""0f0f8a2f-9703-4f78-a3ed-8fcc57a55f5a"",""deployment"":""7bae97c9-ccbe-49fe-a672-c3ea4a2a6d1e"",""replica"":""5a8db334-f6d0-4ba9-a018-aa1be977e5fd""}",2026-02-15T09:40:32.292089159Z
"  File ""/usr/local/lib/python3.11/site-packages/rest_framework/viewsets.py"", line 125, in view","{""level"":""error""}","{""project"":""70a52d41-885a-4854-b650-392635199b54"",""environment"":""67be7a60-8b6c-4987-8690-dbef25befe73"",""service"":""0f0f8a2f-9703-4f78-a3ed-8fcc57a55f5a"",""deployment"":""7bae97c9-ccbe-49fe-a672-c3ea4a2a6d1e"",""replica"":""5a8db334-f6d0-4ba9-a018-aa1be977e5fd""}",2026-02-15T09:40:32.292093049Z
"    return self.dispatch(request, *args, **kwargs)","{""level"":""error""}","{""project"":""70a52d41-885a-4854-b650-392635199b54"",""environment"":""67be7a60-8b6c-4987-8690-dbef25befe73"",""service"":""0f0f8a2f-9703-4f78-a3ed-8fcc57a55f5a"",""deployment"":""7bae97c9-ccbe-49fe-a672-c3ea4a2a6d1e"",""replica"":""5a8db334-f6d0-4ba9-a018-aa1be977e5fd""}",2026-02-15T09:40:32.292097049Z
           ^^^^^^^^^^^^^^^^^^^^^^^^^^^^^^^^^^^^^^^,"{""level"":""error""}","{""project"":""70a52d41-885a-4854-b650-392635199b54"",""environment"":""67be7a60-8b6c-4987-8690-dbef25befe73"",""service"":""0f0f8a2f-9703-4f78-a3ed-8fcc57a55f5a"",""deployment"":""7bae97c9-ccbe-49fe-a672-c3ea4a2a6d1e"",""replica"":""5a8db334-f6d0-4ba9-a018-aa1be977e5fd""}",2026-02-15T09:40:32.292100819Z
    response = self.handle_exception(exc),"{""level"":""error""}","{""project"":""70a52d41-885a-4854-b650-392635199b54"",""environment"":""67be7a60-8b6c-4987-8690-dbef25befe73"",""service"":""0f0f8a2f-9703-4f78-a3ed-8fcc57a55f5a"",""deployment"":""7bae97c9-ccbe-49fe-a672-c3ea4a2a6d1e"",""replica"":""5a8db334-f6d0-4ba9-a018-aa1be977e5fd""}",2026-02-15T09:40:32.292736849Z
               ^^^^^^^^^^^^^^^^^^^^^^^^^^,"{""level"":""error""}","{""project"":""70a52d41-885a-4854-b650-392635199b54"",""environment"":""67be7a60-8b6c-4987-8690-dbef25befe73"",""service"":""0f0f8a2f-9703-4f78-a3ed-8fcc57a55f5a"",""deployment"":""7bae97c9-ccbe-49fe-a672-c3ea4a2a6d1e"",""replica"":""5a8db334-f6d0-4ba9-a018-aa1be977e5fd""}",2026-02-15T09:40:32.292743229Z
"  File ""/usr/local/lib/python3.11/site-packages/rest_framework/views.py"", line 475, in handle_exception","{""level"":""error""}","{""project"":""70a52d41-885a-4854-b650-392635199b54"",""environment"":""67be7a60-8b6c-4987-8690-dbef25befe73"",""service"":""0f0f8a2f-9703-4f78-a3ed-8fcc57a55f5a"",""deployment"":""7bae97c9-ccbe-49fe-a672-c3ea4a2a6d1e"",""replica"":""5a8db334-f6d0-4ba9-a018-aa1be977e5fd""}",2026-02-15T09:40:32.292748579Z
    self.raise_uncaught_exception(exc),"{""level"":""error""}","{""project"":""70a52d41-885a-4854-b650-392635199b54"",""environment"":""67be7a60-8b6c-4987-8690-dbef25befe73"",""service"":""0f0f8a2f-9703-4f78-a3ed-8fcc57a55f5a"",""deployment"":""7bae97c9-ccbe-49fe-a672-c3ea4a2a6d1e"",""replica"":""5a8db334-f6d0-4ba9-a018-aa1be977e5fd""}",2026-02-15T09:40:32.292752349Z
"  File ""/usr/local/lib/python3.11/site-packages/rest_framework/views.py"", line 486, in raise_uncaught_exception","{""level"":""error""}","{""project"":""70a52d41-885a-4854-b650-392635199b54"",""environment"":""67be7a60-8b6c-4987-8690-dbef25befe73"",""service"":""0f0f8a2f-9703-4f78-a3ed-8fcc57a55f5a"",""deployment"":""7bae97c9-ccbe-49fe-a672-c3ea4a2a6d1e"",""replica"":""5a8db334-f6d0-4ba9-a018-aa1be977e5fd""}",2026-02-15T09:40:32.292755999Z
    raise exc,"{""level"":""error""}","{""project"":""70a52d41-885a-4854-b650-392635199b54"",""environment"":""67be7a60-8b6c-4987-8690-dbef25befe73"",""service"":""0f0f8a2f-9703-4f78-a3ed-8fcc57a55f5a"",""deployment"":""7bae97c9-ccbe-49fe-a672-c3ea4a2a6d1e"",""replica"":""5a8db334-f6d0-4ba9-a018-aa1be977e5fd""}",2026-02-15T09:40:32.292759979Z
"  File ""/usr/local/lib/python3.11/site-packages/rest_framework/views.py"", line 503, in dispatch","{""level"":""error""}","{""project"":""70a52d41-885a-4854-b650-392635199b54"",""environment"":""67be7a60-8b6c-4987-8690-dbef25befe73"",""service"":""0f0f8a2f-9703-4f78-a3ed-8fcc57a55f5a"",""deployment"":""7bae97c9-ccbe-49fe-a672-c3ea4a2a6d1e"",""replica"":""5a8db334-f6d0-4ba9-a018-aa1be977e5fd""}",2026-02-15T09:40:32.292763829Z
"    self.initial(request, *args, **kwargs)","{""level"":""error""}","{""project"":""70a52d41-885a-4854-b650-392635199b54"",""environment"":""67be7a60-8b6c-4987-8690-dbef25befe73"",""service"":""0f0f8a2f-9703-4f78-a3ed-8fcc57a55f5a"",""deployment"":""7bae97c9-ccbe-49fe-a672-c3ea4a2a6d1e"",""replica"":""5a8db334-f6d0-4ba9-a018-aa1be977e5fd""}",2026-02-15T09:40:32.292767699Z
"  File ""/usr/local/lib/python3.11/site-packages/rest_framework/views.py"", line 420, in initial","{""level"":""error""}","{""project"":""70a52d41-885a-4854-b650-392635199b54"",""environment"":""67be7a60-8b6c-4987-8690-dbef25befe73"",""service"":""0f0f8a2f-9703-4f78-a3ed-8fcc57a55f5a"",""deployment"":""7bae97c9-ccbe-49fe-a672-c3ea4a2a6d1e"",""replica"":""5a8db334-f6d0-4ba9-a018-aa1be977e5fd""}",2026-02-15T09:40:32.292771459Z
    self.perform_authentication(request),"{""level"":""error""}","{""project"":""70a52d41-885a-4854-b650-392635199b54"",""environment"":""67be7a60-8b6c-4987-8690-dbef25befe73"",""service"":""0f0f8a2f-9703-4f78-a3ed-8fcc57a55f5a"",""deployment"":""7bae97c9-ccbe-49fe-a672-c3ea4a2a6d1e"",""replica"":""5a8db334-f6d0-4ba9-a018-aa1be977e5fd""}",2026-02-15T09:40:32.292776109Z
"  File ""/usr/local/lib/python3.11/site-packages/rest_framework/views.py"", line 330, in perform_authentication","{""level"":""error""}","{""project"":""70a52d41-885a-4854-b650-392635199b54"",""environment"":""67be7a60-8b6c-4987-8690-dbef25befe73"",""service"":""0f0f8a2f-9703-4f78-a3ed-8fcc57a55f5a"",""deployment"":""7bae97c9-ccbe-49fe-a672-c3ea4a2a6d1e"",""replica"":""5a8db334-f6d0-4ba9-a018-aa1be977e5fd""}",2026-02-15T09:40:32.292779809Z
    request.user,"{""level"":""error""}","{""project"":""70a52d41-885a-4854-b650-392635199b54"",""environment"":""67be7a60-8b6c-4987-8690-dbef25befe73"",""service"":""0f0f8a2f-9703-4f78-a3ed-8fcc57a55f5a"",""deployment"":""7bae97c9-ccbe-49fe-a672-c3ea4a2a6d1e"",""replica"":""5a8db334-f6d0-4ba9-a018-aa1be977e5fd""}",2026-02-15T09:40:32.292783559Z
"  File ""/usr/local/lib/python3.11/site-packages/rest_framework/request.py"", line 232, in user","{""level"":""error""}","{""project"":""70a52d41-885a-4854-b650-392635199b54"",""environment"":""67be7a60-8b6c-4987-8690-dbef25befe73"",""service"":""0f0f8a2f-9703-4f78-a3ed-8fcc57a55f5a"",""deployment"":""7bae97c9-ccbe-49fe-a672-c3ea4a2a6d1e"",""replica"":""5a8db334-f6d0-4ba9-a018-aa1be977e5fd""}",2026-02-15T09:40:32.292787059Z
    self._authenticate(),"{""level"":""error""}","{""project"":""70a52d41-885a-4854-b650-392635199b54"",""environment"":""67be7a60-8b6c-4987-8690-dbef25befe73"",""service"":""0f0f8a2f-9703-4f78-a3ed-8fcc57a55f5a"",""deployment"":""7bae97c9-ccbe-49fe-a672-c3ea4a2a6d1e"",""replica"":""5a8db334-f6d0-4ba9-a018-aa1be977e5fd""}",2026-02-15T09:40:32.292790619Z
"  File ""/usr/local/lib/python3.11/site-packages/rest_framework/request.py"", line 385, in _authenticate","{""level"":""error""}","{""project"":""70a52d41-885a-4854-b650-392635199b54"",""environment"":""67be7a60-8b6c-4987-8690-dbef25befe73"",""service"":""0f0f8a2f-9703-4f78-a3ed-8fcc57a55f5a"",""deployment"":""7bae97c9-ccbe-49fe-a672-c3ea4a2a6d1e"",""replica"":""5a8db334-f6d0-4ba9-a018-aa1be977e5fd""}",2026-02-15T09:40:32.292794369Z
    user_auth_tuple = authenticator.authenticate(self),"{""level"":""error""}","{""project"":""70a52d41-885a-4854-b650-392635199b54"",""environment"":""67be7a60-8b6c-4987-8690-dbef25befe73"",""service"":""0f0f8a2f-9703-4f78-a3ed-8fcc57a55f5a"",""deployment"":""7bae97c9-ccbe-49fe-a672-c3ea4a2a6d1e"",""replica"":""5a8db334-f6d0-4ba9-a018-aa1be977e5fd""}",2026-02-15T09:40:32.292797679Z
                      ^^^^^^^^^^^^^^^^^^^^^^^^^^^^^^^^,"{""level"":""error""}","{""project"":""70a52d41-885a-4854-b650-392635199b54"",""environment"":""67be7a60-8b6c-4987-8690-dbef25befe73"",""service"":""0f0f8a2f-9703-4f78-a3ed-8fcc57a55f5a"",""deployment"":""7bae97c9-ccbe-49fe-a672-c3ea4a2a6d1e"",""replica"":""5a8db334-f6d0-4ba9-a018-aa1be977e5fd""}",2026-02-15T09:40:32.292801699Z
"  File ""/usr/local/lib/python3.11/site-packages/rest_framework_simplejwt/authentication.py"", line 51, in authenticate","{""level"":""error""}","{""project"":""70a52d41-885a-4854-b650-392635199b54"",""environment"":""67be7a60-8b6c-4987-8690-dbef25befe73"",""service"":""0f0f8a2f-9703-4f78-a3ed-8fcc57a55f5a"",""deployment"":""7bae97c9-ccbe-49fe-a672-c3ea4a2a6d1e"",""replica"":""5a8db334-f6d0-4ba9-a018-aa1be977e5fd""}",2026-02-15T09:40:32.292805569Z
"    return self.get_user(validated_token), validated_token","{""level"":""error""}","{""project"":""70a52d41-885a-4854-b650-392635199b54"",""environment"":""67be7a60-8b6c-4987-8690-dbef25befe73"",""service"":""0f0f8a2f-9703-4f78-a3ed-8fcc57a55f5a"",""deployment"":""7bae97c9-ccbe-49fe-a672-c3ea4a2a6d1e"",""replica"":""5a8db334-f6d0-4ba9-a018-aa1be977e5fd""}",2026-02-15T09:40:32.292810609Z
"  File ""/usr/local/lib/python3.11/site-packages/django/db/models/query.py"", line 93, in __iter__","{""level"":""error""}","{""project"":""70a52d41-885a-4854-b650-392635199b54"",""environment"":""67be7a60-8b6c-4987-8690-dbef25befe73"",""service"":""0f0f8a2f-9703-4f78-a3ed-8fcc57a55f5a"",""deployment"":""7bae97c9-ccbe-49fe-a672-c3ea4a2a6d1e"",""replica"":""5a8db334-f6d0-4ba9-a018-aa1be977e5fd""}",2026-02-15T09:40:32.293104469Z
           ^^^^^^^^^^^^^^^^^^^^^^^^^^^^^^,"{""level"":""error""}","{""project"":""70a52d41-885a-4854-b650-392635199b54"",""environment"":""67be7a60-8b6c-4987-8690-dbef25befe73"",""service"":""0f0f8a2f-9703-4f78-a3ed-8fcc57a55f5a"",""deployment"":""7bae97c9-ccbe-49fe-a672-c3ea4a2a6d1e"",""replica"":""5a8db334-f6d0-4ba9-a018-aa1be977e5fd""}",2026-02-15T09:40:32.293110359Z
    results = compiler.execute_sql(,"{""level"":""error""}","{""project"":""70a52d41-885a-4854-b650-392635199b54"",""environment"":""67be7a60-8b6c-4987-8690-dbef25befe73"",""service"":""0f0f8a2f-9703-4f78-a3ed-8fcc57a55f5a"",""deployment"":""7bae97c9-ccbe-49fe-a672-c3ea4a2a6d1e"",""replica"":""5a8db334-f6d0-4ba9-a018-aa1be977e5fd""}",2026-02-15T09:40:32.293110859Z
              ^^^^^^^^^^^^^^^^^^^^^,"{""level"":""error""}","{""project"":""70a52d41-885a-4854-b650-392635199b54"",""environment"":""67be7a60-8b6c-4987-8690-dbef25befe73"",""service"":""0f0f8a2f-9703-4f78-a3ed-8fcc57a55f5a"",""deployment"":""7bae97c9-ccbe-49fe-a672-c3ea4a2a6d1e"",""replica"":""5a8db334-f6d0-4ba9-a018-aa1be977e5fd""}",2026-02-15T09:40:32.293117339Z
"  File ""/usr/local/lib/python3.11/site-packages/rest_framework_simplejwt/authentication.py"", line 132, in get_user","{""level"":""error""}","{""project"":""70a52d41-885a-4854-b650-392635199b54"",""environment"":""67be7a60-8b6c-4987-8690-dbef25befe73"",""service"":""0f0f8a2f-9703-4f78-a3ed-8fcc57a55f5a"",""deployment"":""7bae97c9-ccbe-49fe-a672-c3ea4a2a6d1e"",""replica"":""5a8db334-f6d0-4ba9-a018-aa1be977e5fd""}",2026-02-15T09:40:32.293121489Z
"  File ""/usr/local/lib/python3.11/site-packages/django/db/models/sql/compiler.py"", line 1621, in execute_sql","{""level"":""error""}","{""project"":""70a52d41-885a-4854-b650-392635199b54"",""environment"":""67be7a60-8b6c-4987-8690-dbef25befe73"",""service"":""0f0f8a2f-9703-4f78-a3ed-8fcc57a55f5a"",""deployment"":""7bae97c9-ccbe-49fe-a672-c3ea4a2a6d1e"",""replica"":""5a8db334-f6d0-4ba9-a018-aa1be977e5fd""}",2026-02-15T09:40:32.293126259Z
    user = self.user_model.objects.get(**{api_settings.USER_ID_FIELD: user_id}),"{""level"":""error""}","{""project"":""70a52d41-885a-4854-b650-392635199b54"",""environment"":""67be7a60-8b6c-4987-8690-dbef25befe73"",""service"":""0f0f8a2f-9703-4f78-a3ed-8fcc57a55f5a"",""deployment"":""7bae97c9-ccbe-49fe-a672-c3ea4a2a6d1e"",""replica"":""5a8db334-f6d0-4ba9-a018-aa1be977e5fd""}",2026-02-15T09:40:32.293130219Z
           ^^^^^^^^^^^^^^^^^^^^^^^^^^^^^^^^^^^^^^^^^^^^^^^^^^^^^^^^^^^^^^^^^^^^,"{""level"":""error""}","{""project"":""70a52d41-885a-4854-b650-392635199b54"",""environment"":""67be7a60-8b6c-4987-8690-dbef25befe73"",""service"":""0f0f8a2f-9703-4f78-a3ed-8fcc57a55f5a"",""deployment"":""7bae97c9-ccbe-49fe-a672-c3ea4a2a6d1e"",""replica"":""5a8db334-f6d0-4ba9-a018-aa1be977e5fd""}",2026-02-15T09:40:32.293136489Z
"  File ""/usr/local/lib/python3.11/site-packages/django/db/models/manager.py"", line 87, in manager_method","{""level"":""error""}","{""project"":""70a52d41-885a-4854-b650-392635199b54"",""environment"":""67be7a60-8b6c-4987-8690-dbef25befe73"",""service"":""0f0f8a2f-9703-4f78-a3ed-8fcc57a55f5a"",""deployment"":""7bae97c9-ccbe-49fe-a672-c3ea4a2a6d1e"",""replica"":""5a8db334-f6d0-4ba9-a018-aa1be977e5fd""}",2026-02-15T09:40:32.293143639Z
"    return getattr(self.get_queryset(), name)(*args, **kwargs)","{""level"":""error""}","{""project"":""70a52d41-885a-4854-b650-392635199b54"",""environment"":""67be7a60-8b6c-4987-8690-dbef25befe73"",""service"":""0f0f8a2f-9703-4f78-a3ed-8fcc57a55f5a"",""deployment"":""7bae97c9-ccbe-49fe-a672-c3ea4a2a6d1e"",""replica"":""5a8db334-f6d0-4ba9-a018-aa1be977e5fd""}",2026-02-15T09:40:32.293150249Z
           ^^^^^^^^^^^^^^^^^^^^^^^^^^^^^^^^^^^^^^^^^^^^^^^^^^^,"{""level"":""error""}","{""project"":""70a52d41-885a-4854-b650-392635199b54"",""environment"":""67be7a60-8b6c-4987-8690-dbef25befe73"",""service"":""0f0f8a2f-9703-4f78-a3ed-8fcc57a55f5a"",""deployment"":""7bae97c9-ccbe-49fe-a672-c3ea4a2a6d1e"",""replica"":""5a8db334-f6d0-4ba9-a018-aa1be977e5fd""}",2026-02-15T09:40:32.293156429Z
"  File ""/usr/local/lib/python3.11/site-packages/django/db/models/query.py"", line 631, in get","{""level"":""error""}","{""project"":""70a52d41-885a-4854-b650-392635199b54"",""environment"":""67be7a60-8b6c-4987-8690-dbef25befe73"",""service"":""0f0f8a2f-9703-4f78-a3ed-8fcc57a55f5a"",""deployment"":""7bae97c9-ccbe-49fe-a672-c3ea4a2a6d1e"",""replica"":""5a8db334-f6d0-4ba9-a018-aa1be977e5fd""}",2026-02-15T09:40:32.293161739Z
    num = len(clone),"{""level"":""error""}","{""project"":""70a52d41-885a-4854-b650-392635199b54"",""environment"":""67be7a60-8b6c-4987-8690-dbef25befe73"",""service"":""0f0f8a2f-9703-4f78-a3ed-8fcc57a55f5a"",""deployment"":""7bae97c9-ccbe-49fe-a672-c3ea4a2a6d1e"",""replica"":""5a8db334-f6d0-4ba9-a018-aa1be977e5fd""}",2026-02-15T09:40:32.293165749Z
          ^^^^^^^^^^,"{""level"":""error""}","{""project"":""70a52d41-885a-4854-b650-392635199b54"",""environment"":""67be7a60-8b6c-4987-8690-dbef25befe73"",""service"":""0f0f8a2f-9703-4f78-a3ed-8fcc57a55f5a"",""deployment"":""7bae97c9-ccbe-49fe-a672-c3ea4a2a6d1e"",""replica"":""5a8db334-f6d0-4ba9-a018-aa1be977e5fd""}",2026-02-15T09:40:32.293169919Z
"  File ""/usr/local/lib/python3.11/site-packages/django/db/models/query.py"", line 368, in __len__","{""level"":""error""}","{""project"":""70a52d41-885a-4854-b650-392635199b54"",""environment"":""67be7a60-8b6c-4987-8690-dbef25befe73"",""service"":""0f0f8a2f-9703-4f78-a3ed-8fcc57a55f5a"",""deployment"":""7bae97c9-ccbe-49fe-a672-c3ea4a2a6d1e"",""replica"":""5a8db334-f6d0-4ba9-a018-aa1be977e5fd""}",2026-02-15T09:40:32.293173799Z
    self._fetch_all(),"{""level"":""error""}","{""project"":""70a52d41-885a-4854-b650-392635199b54"",""environment"":""67be7a60-8b6c-4987-8690-dbef25befe73"",""service"":""0f0f8a2f-9703-4f78-a3ed-8fcc57a55f5a"",""deployment"":""7bae97c9-ccbe-49fe-a672-c3ea4a2a6d1e"",""replica"":""5a8db334-f6d0-4ba9-a018-aa1be977e5fd""}",2026-02-15T09:40:32.293177469Z
"  File ""/usr/local/lib/python3.11/site-packages/django/db/models/query.py"", line 1954, in _fetch_all","{""level"":""error""}","{""project"":""70a52d41-885a-4854-b650-392635199b54"",""environment"":""67be7a60-8b6c-4987-8690-dbef25befe73"",""service"":""0f0f8a2f-9703-4f78-a3ed-8fcc57a55f5a"",""deployment"":""7bae97c9-ccbe-49fe-a672-c3ea4a2a6d1e"",""replica"":""5a8db334-f6d0-4ba9-a018-aa1be977e5fd""}",2026-02-15T09:40:32.293182429Z
    self._result_cache = list(self._iterable_class(self)),"{""level"":""error""}","{""project"":""70a52d41-885a-4854-b650-392635199b54"",""environment"":""67be7a60-8b6c-4987-8690-dbef25befe73"",""service"":""0f0f8a2f-9703-4f78-a3ed-8fcc57a55f5a"",""deployment"":""7bae97c9-ccbe-49fe-a672-c3ea4a2a6d1e"",""replica"":""5a8db334-f6d0-4ba9-a018-aa1be977e5fd""}",2026-02-15T09:40:32.293186069Z
                         ^^^^^^^^^^^^^^^^^^^^^^^^^^^^^^^^,"{""level"":""error""}","{""project"":""70a52d41-885a-4854-b650-392635199b54"",""environment"":""67be7a60-8b6c-4987-8690-dbef25befe73"",""service"":""0f0f8a2f-9703-4f78-a3ed-8fcc57a55f5a"",""deployment"":""7bae97c9-ccbe-49fe-a672-c3ea4a2a6d1e"",""replica"":""5a8db334-f6d0-4ba9-a018-aa1be977e5fd""}",2026-02-15T09:40:32.293190049Z
    cursor = self.connection.cursor(),"{""level"":""error""}","{""project"":""70a52d41-885a-4854-b650-392635199b54"",""environment"":""67be7a60-8b6c-4987-8690-dbef25befe73"",""service"":""0f0f8a2f-9703-4f78-a3ed-8fcc57a55f5a"",""deployment"":""7bae97c9-ccbe-49fe-a672-c3ea4a2a6d1e"",""replica"":""5a8db334-f6d0-4ba9-a018-aa1be977e5fd""}",2026-02-15T09:40:32.293926929Z
"  File ""/usr/local/lib/python3.11/site-packages/django/utils/asyncio.py"", line 26, in inner","{""level"":""error""}","{""project"":""70a52d41-885a-4854-b650-392635199b54"",""environment"":""67be7a60-8b6c-4987-8690-dbef25befe73"",""service"":""0f0f8a2f-9703-4f78-a3ed-8fcc57a55f5a"",""deployment"":""7bae97c9-ccbe-49fe-a672-c3ea4a2a6d1e"",""replica"":""5a8db334-f6d0-4ba9-a018-aa1be977e5fd""}",2026-02-15T09:40:32.293928099Z
    with self.wrap_database_errors:,"{""level"":""error""}","{""project"":""70a52d41-885a-4854-b650-392635199b54"",""environment"":""67be7a60-8b6c-4987-8690-dbef25befe73"",""service"":""0f0f8a2f-9703-4f78-a3ed-8fcc57a55f5a"",""deployment"":""7bae97c9-ccbe-49fe-a672-c3ea4a2a6d1e"",""replica"":""5a8db334-f6d0-4ba9-a018-aa1be977e5fd""}",2026-02-15T09:40:32.293933229Z
             ^^^^^^^^^^^^^^^^^^^^^^^^,"{""level"":""error""}","{""project"":""70a52d41-885a-4854-b650-392635199b54"",""environment"":""67be7a60-8b6c-4987-8690-dbef25befe73"",""service"":""0f0f8a2f-9703-4f78-a3ed-8fcc57a55f5a"",""deployment"":""7bae97c9-ccbe-49fe-a672-c3ea4a2a6d1e"",""replica"":""5a8db334-f6d0-4ba9-a018-aa1be977e5fd""}",2026-02-15T09:40:32.293936179Z
"  File ""/usr/local/lib/python3.11/site-packages/django/db/utils.py"", line 91, in __exit__","{""level"":""error""}","{""project"":""70a52d41-885a-4854-b650-392635199b54"",""environment"":""67be7a60-8b6c-4987-8690-dbef25befe73"",""service"":""0f0f8a2f-9703-4f78-a3ed-8fcc57a55f5a"",""deployment"":""7bae97c9-ccbe-49fe-a672-c3ea4a2a6d1e"",""replica"":""5a8db334-f6d0-4ba9-a018-aa1be977e5fd""}",2026-02-15T09:40:32.293939399Z
    raise dj_exc_value.with_traceback(traceback) from exc_value,"{""level"":""error""}","{""project"":""70a52d41-885a-4854-b650-392635199b54"",""environment"":""67be7a60-8b6c-4987-8690-dbef25befe73"",""service"":""0f0f8a2f-9703-4f78-a3ed-8fcc57a55f5a"",""deployment"":""7bae97c9-ccbe-49fe-a672-c3ea4a2a6d1e"",""replica"":""5a8db334-f6d0-4ba9-a018-aa1be977e5fd""}",2026-02-15T09:40:32.293943939Z
"  File ""/usr/local/lib/python3.11/site-packages/django/utils/asyncio.py"", line 26, in inner","{""level"":""error""}","{""project"":""70a52d41-885a-4854-b650-392635199b54"",""environment"":""67be7a60-8b6c-4987-8690-dbef25befe73"",""service"":""0f0f8a2f-9703-4f78-a3ed-8fcc57a55f5a"",""deployment"":""7bae97c9-ccbe-49fe-a672-c3ea4a2a6d1e"",""replica"":""5a8db334-f6d0-4ba9-a018-aa1be977e5fd""}",2026-02-15T09:40:32.293945079Z
"  File ""/usr/local/lib/python3.11/site-packages/django/db/backends/base/base.py"", line 279, in ensure_connection","{""level"":""error""}","{""project"":""70a52d41-885a-4854-b650-392635199b54"",""environment"":""67be7a60-8b6c-4987-8690-dbef25befe73"",""service"":""0f0f8a2f-9703-4f78-a3ed-8fcc57a55f5a"",""deployment"":""7bae97c9-ccbe-49fe-a672-c3ea4a2a6d1e"",""replica"":""5a8db334-f6d0-4ba9-a018-aa1be977e5fd""}",2026-02-15T09:40:32.293948159Z
    self.connect(),"{""level"":""error""}","{""project"":""70a52d41-885a-4854-b650-392635199b54"",""environment"":""67be7a60-8b6c-4987-8690-dbef25befe73"",""service"":""0f0f8a2f-9703-4f78-a3ed-8fcc57a55f5a"",""deployment"":""7bae97c9-ccbe-49fe-a672-c3ea4a2a6d1e"",""replica"":""5a8db334-f6d0-4ba9-a018-aa1be977e5fd""}",2026-02-15T09:40:32.293952609Z
"    return func(*args, **kwargs)","{""level"":""error""}","{""project"":""70a52d41-885a-4854-b650-392635199b54"",""environment"":""67be7a60-8b6c-4987-8690-dbef25befe73"",""service"":""0f0f8a2f-9703-4f78-a3ed-8fcc57a55f5a"",""deployment"":""7bae97c9-ccbe-49fe-a672-c3ea4a2a6d1e"",""replica"":""5a8db334-f6d0-4ba9-a018-aa1be977e5fd""}",2026-02-15T09:40:32.293952949Z
           ^^^^^^^^^^^^^^^^^^^^^,"{""level"":""error""}","{""project"":""70a52d41-885a-4854-b650-392635199b54"",""environment"":""67be7a60-8b6c-4987-8690-dbef25befe73"",""service"":""0f0f8a2f-9703-4f78-a3ed-8fcc57a55f5a"",""deployment"":""7bae97c9-ccbe-49fe-a672-c3ea4a2a6d1e"",""replica"":""5a8db334-f6d0-4ba9-a018-aa1be977e5fd""}",2026-02-15T09:40:32.293959909Z
"  File ""/usr/local/lib/python3.11/site-packages/django/db/backends/base/base.py"", line 320, in cursor","{""level"":""error""}","{""project"":""70a52d41-885a-4854-b650-392635199b54"",""environment"":""67be7a60-8b6c-4987-8690-dbef25befe73"",""service"":""0f0f8a2f-9703-4f78-a3ed-8fcc57a55f5a"",""deployment"":""7bae97c9-ccbe-49fe-a672-c3ea4a2a6d1e"",""replica"":""5a8db334-f6d0-4ba9-a018-aa1be977e5fd""}",2026-02-15T09:40:32.293966249Z
    return self._cursor(),"{""level"":""error""}","{""project"":""70a52d41-885a-4854-b650-392635199b54"",""environment"":""67be7a60-8b6c-4987-8690-dbef25befe73"",""service"":""0f0f8a2f-9703-4f78-a3ed-8fcc57a55f5a"",""deployment"":""7bae97c9-ccbe-49fe-a672-c3ea4a2a6d1e"",""replica"":""5a8db334-f6d0-4ba9-a018-aa1be977e5fd""}",2026-02-15T09:40:32.293972319Z
           ^^^^^^^^^^^^^^,"{""level"":""error""}","{""project"":""70a52d41-885a-4854-b650-392635199b54"",""environment"":""67be7a60-8b6c-4987-8690-dbef25befe73"",""service"":""0f0f8a2f-9703-4f78-a3ed-8fcc57a55f5a"",""deployment"":""7bae97c9-ccbe-49fe-a672-c3ea4a2a6d1e"",""replica"":""5a8db334-f6d0-4ba9-a018-aa1be977e5fd""}",2026-02-15T09:40:32.293980129Z
"  File ""/usr/local/lib/python3.11/site-packages/django/db/backends/base/base.py"", line 296, in _cursor","{""level"":""error""}","{""project"":""70a52d41-885a-4854-b650-392635199b54"",""environment"":""67be7a60-8b6c-4987-8690-dbef25befe73"",""service"":""0f0f8a2f-9703-4f78-a3ed-8fcc57a55f5a"",""deployment"":""7bae97c9-ccbe-49fe-a672-c3ea4a2a6d1e"",""replica"":""5a8db334-f6d0-4ba9-a018-aa1be977e5fd""}",2026-02-15T09:40:32.293987759Z
    self.ensure_connection(),"{""level"":""error""}","{""project"":""70a52d41-885a-4854-b650-392635199b54"",""environment"":""67be7a60-8b6c-4987-8690-dbef25befe73"",""service"":""0f0f8a2f-9703-4f78-a3ed-8fcc57a55f5a"",""deployment"":""7bae97c9-ccbe-49fe-a672-c3ea4a2a6d1e"",""replica"":""5a8db334-f6d0-4ba9-a018-aa1be977e5fd""}",2026-02-15T09:40:32.293993569Z
"  File ""/usr/local/lib/python3.11/site-packages/django/utils/asyncio.py"", line 26, in inner","{""level"":""error""}","{""project"":""70a52d41-885a-4854-b650-392635199b54"",""environment"":""67be7a60-8b6c-4987-8690-dbef25befe73"",""service"":""0f0f8a2f-9703-4f78-a3ed-8fcc57a55f5a"",""deployment"":""7bae97c9-ccbe-49fe-a672-c3ea4a2a6d1e"",""replica"":""5a8db334-f6d0-4ba9-a018-aa1be977e5fd""}",2026-02-15T09:40:32.293999699Z
"    return func(*args, **kwargs)","{""level"":""error""}","{""project"":""70a52d41-885a-4854-b650-392635199b54"",""environment"":""67be7a60-8b6c-4987-8690-dbef25befe73"",""service"":""0f0f8a2f-9703-4f78-a3ed-8fcc57a55f5a"",""deployment"":""7bae97c9-ccbe-49fe-a672-c3ea4a2a6d1e"",""replica"":""5a8db334-f6d0-4ba9-a018-aa1be977e5fd""}",2026-02-15T09:40:32.294006689Z
           ^^^^^^^^^^^^^^^^^^^^^,"{""level"":""error""}","{""project"":""70a52d41-885a-4854-b650-392635199b54"",""environment"":""67be7a60-8b6c-4987-8690-dbef25befe73"",""service"":""0f0f8a2f-9703-4f78-a3ed-8fcc57a55f5a"",""deployment"":""7bae97c9-ccbe-49fe-a672-c3ea4a2a6d1e"",""replica"":""5a8db334-f6d0-4ba9-a018-aa1be977e5fd""}",2026-02-15T09:40:32.294011429Z
"  File ""/usr/local/lib/python3.11/site-packages/django/db/backends/base/base.py"", line 278, in ensure_connection","{""level"":""error""}","{""project"":""70a52d41-885a-4854-b650-392635199b54"",""environment"":""67be7a60-8b6c-4987-8690-dbef25befe73"",""service"":""0f0f8a2f-9703-4f78-a3ed-8fcc57a55f5a"",""deployment"":""7bae97c9-ccbe-49fe-a672-c3ea4a2a6d1e"",""replica"":""5a8db334-f6d0-4ba9-a018-aa1be977e5fd""}",2026-02-15T09:40:32.294015989Z
,"{""level"":""error""}","{""project"":""70a52d41-885a-4854-b650-392635199b54"",""environment"":""67be7a60-8b6c-4987-8690-dbef25befe73"",""service"":""0f0f8a2f-9703-4f78-a3ed-8fcc57a55f5a"",""deployment"":""7bae97c9-ccbe-49fe-a672-c3ea4a2a6d1e"",""replica"":""5a8db334-f6d0-4ba9-a018-aa1be977e5fd""}",2026-02-15T09:40:32.294402079Z
"    return func(*args, **kwargs)","{""level"":""error""}","{""project"":""70a52d41-885a-4854-b650-392635199b54"",""environment"":""67be7a60-8b6c-4987-8690-dbef25befe73"",""service"":""0f0f8a2f-9703-4f78-a3ed-8fcc57a55f5a"",""deployment"":""7bae97c9-ccbe-49fe-a672-c3ea4a2a6d1e"",""replica"":""5a8db334-f6d0-4ba9-a018-aa1be977e5fd""}",2026-02-15T09:40:32.294403399Z
"HTTP 500 response started for ['100.64.0.4', 57166]","{""level"":""error""}","{""project"":""70a52d41-885a-4854-b650-392635199b54"",""environment"":""67be7a60-8b6c-4987-8690-dbef25befe73"",""service"":""0f0f8a2f-9703-4f78-a3ed-8fcc57a55f5a"",""deployment"":""7bae97c9-ccbe-49fe-a672-c3ea4a2a6d1e"",""replica"":""5a8db334-f6d0-4ba9-a018-aa1be977e5fd""}",2026-02-15T09:40:32.294408119Z
           ^^^^^^^^^^^^^^^^^^^^^,"{""level"":""error""}","{""project"":""70a52d41-885a-4854-b650-392635199b54"",""environment"":""67be7a60-8b6c-4987-8690-dbef25befe73"",""service"":""0f0f8a2f-9703-4f78-a3ed-8fcc57a55f5a"",""deployment"":""7bae97c9-ccbe-49fe-a672-c3ea4a2a6d1e"",""replica"":""5a8db334-f6d0-4ba9-a018-aa1be977e5fd""}",2026-02-15T09:40:32.294410699Z
"HTTP close for ['100.64.0.4', 57166]","{""level"":""error""}","{""project"":""70a52d41-885a-4854-b650-392635199b54"",""environment"":""67be7a60-8b6c-4987-8690-dbef25befe73"",""service"":""0f0f8a2f-9703-4f78-a3ed-8fcc57a55f5a"",""deployment"":""7bae97c9-ccbe-49fe-a672-c3ea4a2a6d1e"",""replica"":""5a8db334-f6d0-4ba9-a018-aa1be977e5fd""}",2026-02-15T09:40:32.294413089Z
"  File ""/usr/local/lib/python3.11/site-packages/django/db/backends/base/base.py"", line 256, in connect","{""level"":""error""}","{""project"":""70a52d41-885a-4854-b650-392635199b54"",""environment"":""67be7a60-8b6c-4987-8690-dbef25befe73"",""service"":""0f0f8a2f-9703-4f78-a3ed-8fcc57a55f5a"",""deployment"":""7bae97c9-ccbe-49fe-a672-c3ea4a2a6d1e"",""replica"":""5a8db334-f6d0-4ba9-a018-aa1be977e5fd""}",2026-02-15T09:40:32.294415779Z
"""100.64.0.4"" - - [15/Feb/2026:09:40:31 +0000] ""GET /api/community/ghosts/me/ HTTP/1.1"" 500 145 ""-"" ""python-requests/2.32.5""","{""level"":""error""}","{""project"":""70a52d41-885a-4854-b650-392635199b54"",""environment"":""67be7a60-8b6c-4987-8690-dbef25befe73"",""service"":""0f0f8a2f-9703-4f78-a3ed-8fcc57a55f5a"",""deployment"":""7bae97c9-ccbe-49fe-a672-c3ea4a2a6d1e"",""replica"":""5a8db334-f6d0-4ba9-a018-aa1be977e5fd""}",2026-02-15T09:40:32.294417819Z
    self.connection = self.get_new_connection(conn_params),"{""level"":""error""}","{""project"":""70a52d41-885a-4854-b650-392635199b54"",""environment"":""67be7a60-8b6c-4987-8690-dbef25befe73"",""service"":""0f0f8a2f-9703-4f78-a3ed-8fcc57a55f5a"",""deployment"":""7bae97c9-ccbe-49fe-a672-c3ea4a2a6d1e"",""replica"":""5a8db334-f6d0-4ba9-a018-aa1be977e5fd""}",2026-02-15T09:40:32.294421059Z
                      ^^^^^^^^^^^^^^^^^^^^^^^^^^^^^^^^^^^^,"{""level"":""error""}","{""project"":""70a52d41-885a-4854-b650-392635199b54"",""environment"":""67be7a60-8b6c-4987-8690-dbef25befe73"",""service"":""0f0f8a2f-9703-4f78-a3ed-8fcc57a55f5a"",""deployment"":""7bae97c9-ccbe-49fe-a672-c3ea4a2a6d1e"",""replica"":""5a8db334-f6d0-4ba9-a018-aa1be977e5fd""}",2026-02-15T09:40:32.294424919Z
"  File ""/usr/local/lib/python3.11/site-packages/django/utils/asyncio.py"", line 26, in inner","{""level"":""error""}","{""project"":""70a52d41-885a-4854-b650-392635199b54"",""environment"":""67be7a60-8b6c-4987-8690-dbef25befe73"",""service"":""0f0f8a2f-9703-4f78-a3ed-8fcc57a55f5a"",""deployment"":""7bae97c9-ccbe-49fe-a672-c3ea4a2a6d1e"",""replica"":""5a8db334-f6d0-4ba9-a018-aa1be977e5fd""}",2026-02-15T09:40:32.294429009Z
"    return func(*args, **kwargs)","{""level"":""error""}","{""project"":""70a52d41-885a-4854-b650-392635199b54"",""environment"":""67be7a60-8b6c-4987-8690-dbef25befe73"",""service"":""0f0f8a2f-9703-4f78-a3ed-8fcc57a55f5a"",""deployment"":""7bae97c9-ccbe-49fe-a672-c3ea4a2a6d1e"",""replica"":""5a8db334-f6d0-4ba9-a018-aa1be977e5fd""}",2026-02-15T09:40:32.294432859Z
           ^^^^^^^^^^^^^^^^^^^^^,"{""level"":""error""}","{""project"":""70a52d41-885a-4854-b650-392635199b54"",""environment"":""67be7a60-8b6c-4987-8690-dbef25befe73"",""service"":""0f0f8a2f-9703-4f78-a3ed-8fcc57a55f5a"",""deployment"":""7bae97c9-ccbe-49fe-a672-c3ea4a2a6d1e"",""replica"":""5a8db334-f6d0-4ba9-a018-aa1be977e5fd""}",2026-02-15T09:40:32.294436719Z
"  File ""/usr/local/lib/python3.11/site-packages/django/db/backends/postgresql/base.py"", line 332, in get_new_connection","{""level"":""error""}","{""project"":""70a52d41-885a-4854-b650-392635199b54"",""environment"":""67be7a60-8b6c-4987-8690-dbef25befe73"",""service"":""0f0f8a2f-9703-4f78-a3ed-8fcc57a55f5a"",""deployment"":""7bae97c9-ccbe-49fe-a672-c3ea4a2a6d1e"",""replica"":""5a8db334-f6d0-4ba9-a018-aa1be977e5fd""}",2026-02-15T09:40:32.294440529Z
    connection = self.Database.connect(**conn_params),"{""level"":""error""}","{""project"":""70a52d41-885a-4854-b650-392635199b54"",""environment"":""67be7a60-8b6c-4987-8690-dbef25befe73"",""service"":""0f0f8a2f-9703-4f78-a3ed-8fcc57a55f5a"",""deployment"":""7bae97c9-ccbe-49fe-a672-c3ea4a2a6d1e"",""replica"":""5a8db334-f6d0-4ba9-a018-aa1be977e5fd""}",2026-02-15T09:40:32.294444379Z
                 ^^^^^^^^^^^^^^^^^^^^^^^^^^^^^^^^^^^^,"{""level"":""error""}","{""project"":""70a52d41-885a-4854-b650-392635199b54"",""environment"":""67be7a60-8b6c-4987-8690-dbef25befe73"",""service"":""0f0f8a2f-9703-4f78-a3ed-8fcc57a55f5a"",""deployment"":""7bae97c9-ccbe-49fe-a672-c3ea4a2a6d1e"",""replica"":""5a8db334-f6d0-4ba9-a018-aa1be977e5fd""}",2026-02-15T09:40:32.294448279Z
"  File ""/usr/local/lib/python3.11/site-packages/psycopg2/__init__.py"", line 122, in connect","{""level"":""error""}","{""project"":""70a52d41-885a-4854-b650-392635199b54"",""environment"":""67be7a60-8b6c-4987-8690-dbef25befe73"",""service"":""0f0f8a2f-9703-4f78-a3ed-8fcc57a55f5a"",""deployment"":""7bae97c9-ccbe-49fe-a672-c3ea4a2a6d1e"",""replica"":""5a8db334-f6d0-4ba9-a018-aa1be977e5fd""}",2026-02-15T09:40:32.294451969Z
"    conn = _connect(dsn, connection_factory=connection_factory, **kwasync)","{""level"":""error""}","{""project"":""70a52d41-885a-4854-b650-392635199b54"",""environment"":""67be7a60-8b6c-4987-8690-dbef25befe73"",""service"":""0f0f8a2f-9703-4f78-a3ed-8fcc57a55f5a"",""deployment"":""7bae97c9-ccbe-49fe-a672-c3ea4a2a6d1e"",""replica"":""5a8db334-f6d0-4ba9-a018-aa1be977e5fd""}",2026-02-15T09:40:32.294456859Z
           ^^^^^^^^^^^^^^^^^^^^^^^^^^^^^^^^^^^^^^^^^^^^^^^^^^^^^^^^^^^^^^^,"{""level"":""error""}","{""project"":""70a52d41-885a-4854-b650-392635199b54"",""environment"":""67be7a60-8b6c-4987-8690-dbef25befe73"",""service"":""0f0f8a2f-9703-4f78-a3ed-8fcc57a55f5a"",""deployment"":""7bae97c9-ccbe-49fe-a672-c3ea4a2a6d1e"",""replica"":""5a8db334-f6d0-4ba9-a018-aa1be977e5fd""}",2026-02-15T09:40:32.294460679Z
"django.db.utils.OperationalError: connection to server at ""15.164.188.235"", port 5432 failed: FATAL:  MaxClientsInSessionMode: max clients reached - in Session mode max clients are limited to pool_size","{""level"":""error""}","{""project"":""70a52d41-885a-4854-b650-392635199b54"",""environment"":""67be7a60-8b6c-4987-8690-dbef25befe73"",""service"":""0f0f8a2f-9703-4f78-a3ed-8fcc57a55f5a"",""deployment"":""7bae97c9-ccbe-49fe-a672-c3ea4a2a6d1e"",""replica"":""5a8db334-f6d0-4ba9-a018-aa1be977e5fd""}",2026-02-15T09:40:32.294464649Z
"HTTP response complete for ['100.64.0.4', 57166]","{""level"":""error""}","{""project"":""70a52d41-885a-4854-b650-392635199b54"",""environment"":""67be7a60-8b6c-4987-8690-dbef25befe73"",""service"":""0f0f8a2f-9703-4f78-a3ed-8fcc57a55f5a"",""deployment"":""7bae97c9-ccbe-49fe-a672-c3ea4a2a6d1e"",""replica"":""5a8db334-f6d0-4ba9-a018-aa1be977e5fd""}",2026-02-15T09:40:32.294777279Z
"100.64.0.4:57166 - - [15/Feb/2026:09:40:32] ""GET /api/community/ghosts/me/"" 500 145","{""level"":""info""}","{""project"":""70a52d41-885a-4854-b650-392635199b54"",""environment"":""67be7a60-8b6c-4987-8690-dbef25befe73"",""service"":""0f0f8a2f-9703-4f78-a3ed-8fcc57a55f5a"",""deployment"":""7bae97c9-ccbe-49fe-a672-c3ea4a2a6d1e"",""replica"":""5a8db334-f6d0-4ba9-a018-aa1be977e5fd""}",2026-02-15T09:40:32.294786729Z
"HTTP b'GET' request for ['100.64.0.7', 25056]","{""level"":""error""}","{""project"":""70a52d41-885a-4854-b650-392635199b54"",""environment"":""67be7a60-8b6c-4987-8690-dbef25befe73"",""service"":""0f0f8a2f-9703-4f78-a3ed-8fcc57a55f5a"",""deployment"":""7bae97c9-ccbe-49fe-a672-c3ea4a2a6d1e"",""replica"":""5a8db334-f6d0-4ba9-a018-aa1be977e5fd""}",2026-02-15T09:40:32.790613565Z
"HTTP b'GET' request for ['100.64.0.7', 14752]","{""level"":""error""}","{""project"":""70a52d41-885a-4854-b650-392635199b54"",""environment"":""67be7a60-8b6c-4987-8690-dbef25befe73"",""service"":""0f0f8a2f-9703-4f78-a3ed-8fcc57a55f5a"",""deployment"":""7bae97c9-ccbe-49fe-a672-c3ea4a2a6d1e"",""replica"":""5a8db334-f6d0-4ba9-a018-aa1be977e5fd""}",2026-02-15T09:40:32.795580575Z
           ^^^^^^^^^^^^^^^^^^^^^^^^^^^^^^^^^^^^^^^^^^^^^^^^^^^^^^^^^^^^^^^,"{""level"":""error""}","{""project"":""70a52d41-885a-4854-b650-392635199b54"",""environment"":""67be7a60-8b6c-4987-8690-dbef25befe73"",""service"":""0f0f8a2f-9703-4f78-a3ed-8fcc57a55f5a"",""deployment"":""7bae97c9-ccbe-49fe-a672-c3ea4a2a6d1e"",""replica"":""5a8db334-f6d0-4ba9-a018-aa1be977e5fd""}",2026-02-15T09:40:33.312750658Z
Internal Server Error: /api/community/ghosts/me/,"{""level"":""error""}","{""project"":""70a52d41-885a-4854-b650-392635199b54"",""environment"":""67be7a60-8b6c-4987-8690-dbef25befe73"",""service"":""0f0f8a2f-9703-4f78-a3ed-8fcc57a55f5a"",""deployment"":""7bae97c9-ccbe-49fe-a672-c3ea4a2a6d1e"",""replica"":""5a8db334-f6d0-4ba9-a018-aa1be977e5fd""}",2026-02-15T09:40:33.312844888Z
Traceback (most recent call last):,"{""level"":""error""}","{""project"":""70a52d41-885a-4854-b650-392635199b54"",""environment"":""67be7a60-8b6c-4987-8690-dbef25befe73"",""service"":""0f0f8a2f-9703-4f78-a3ed-8fcc57a55f5a"",""deployment"":""7bae97c9-ccbe-49fe-a672-c3ea4a2a6d1e"",""replica"":""5a8db334-f6d0-4ba9-a018-aa1be977e5fd""}",2026-02-15T09:40:33.312849958Z
"  File ""/usr/local/lib/python3.11/site-packages/django/db/backends/base/base.py"", line 279, in ensure_connection","{""level"":""error""}","{""project"":""70a52d41-885a-4854-b650-392635199b54"",""environment"":""67be7a60-8b6c-4987-8690-dbef25befe73"",""service"":""0f0f8a2f-9703-4f78-a3ed-8fcc57a55f5a"",""deployment"":""7bae97c9-ccbe-49fe-a672-c3ea4a2a6d1e"",""replica"":""5a8db334-f6d0-4ba9-a018-aa1be977e5fd""}",2026-02-15T09:40:33.312857028Z
    self.connect(),"{""level"":""error""}","{""project"":""70a52d41-885a-4854-b650-392635199b54"",""environment"":""67be7a60-8b6c-4987-8690-dbef25befe73"",""service"":""0f0f8a2f-9703-4f78-a3ed-8fcc57a55f5a"",""deployment"":""7bae97c9-ccbe-49fe-a672-c3ea4a2a6d1e"",""replica"":""5a8db334-f6d0-4ba9-a018-aa1be977e5fd""}",2026-02-15T09:40:33.312861248Z
"  File ""/usr/local/lib/python3.11/site-packages/django/utils/asyncio.py"", line 26, in inner","{""level"":""error""}","{""project"":""70a52d41-885a-4854-b650-392635199b54"",""environment"":""67be7a60-8b6c-4987-8690-dbef25befe73"",""service"":""0f0f8a2f-9703-4f78-a3ed-8fcc57a55f5a"",""deployment"":""7bae97c9-ccbe-49fe-a672-c3ea4a2a6d1e"",""replica"":""5a8db334-f6d0-4ba9-a018-aa1be977e5fd""}",2026-02-15T09:40:33.312865588Z
"    return func(*args, **kwargs)","{""level"":""error""}","{""project"":""70a52d41-885a-4854-b650-392635199b54"",""environment"":""67be7a60-8b6c-4987-8690-dbef25befe73"",""service"":""0f0f8a2f-9703-4f78-a3ed-8fcc57a55f5a"",""deployment"":""7bae97c9-ccbe-49fe-a672-c3ea4a2a6d1e"",""replica"":""5a8db334-f6d0-4ba9-a018-aa1be977e5fd""}",2026-02-15T09:40:33.312870268Z
           ^^^^^^^^^^^^^^^^^^^^^,"{""level"":""error""}","{""project"":""70a52d41-885a-4854-b650-392635199b54"",""environment"":""67be7a60-8b6c-4987-8690-dbef25befe73"",""service"":""0f0f8a2f-9703-4f78-a3ed-8fcc57a55f5a"",""deployment"":""7bae97c9-ccbe-49fe-a672-c3ea4a2a6d1e"",""replica"":""5a8db334-f6d0-4ba9-a018-aa1be977e5fd""}",2026-02-15T09:40:33.312875238Z
"  File ""/usr/local/lib/python3.11/site-packages/django/db/backends/base/base.py"", line 256, in connect","{""level"":""error""}","{""project"":""70a52d41-885a-4854-b650-392635199b54"",""environment"":""67be7a60-8b6c-4987-8690-dbef25befe73"",""service"":""0f0f8a2f-9703-4f78-a3ed-8fcc57a55f5a"",""deployment"":""7bae97c9-ccbe-49fe-a672-c3ea4a2a6d1e"",""replica"":""5a8db334-f6d0-4ba9-a018-aa1be977e5fd""}",2026-02-15T09:40:33.312879368Z
    self.connection = self.get_new_connection(conn_params),"{""level"":""error""}","{""project"":""70a52d41-885a-4854-b650-392635199b54"",""environment"":""67be7a60-8b6c-4987-8690-dbef25befe73"",""service"":""0f0f8a2f-9703-4f78-a3ed-8fcc57a55f5a"",""deployment"":""7bae97c9-ccbe-49fe-a672-c3ea4a2a6d1e"",""replica"":""5a8db334-f6d0-4ba9-a018-aa1be977e5fd""}",2026-02-15T09:40:33.312883658Z
                      ^^^^^^^^^^^^^^^^^^^^^^^^^^^^^^^^^^^^,"{""level"":""error""}","{""project"":""70a52d41-885a-4854-b650-392635199b54"",""environment"":""67be7a60-8b6c-4987-8690-dbef25befe73"",""service"":""0f0f8a2f-9703-4f78-a3ed-8fcc57a55f5a"",""deployment"":""7bae97c9-ccbe-49fe-a672-c3ea4a2a6d1e"",""replica"":""5a8db334-f6d0-4ba9-a018-aa1be977e5fd""}",2026-02-15T09:40:33.312887708Z
"  File ""/usr/local/lib/python3.11/site-packages/django/utils/asyncio.py"", line 26, in inner","{""level"":""error""}","{""project"":""70a52d41-885a-4854-b650-392635199b54"",""environment"":""67be7a60-8b6c-4987-8690-dbef25befe73"",""service"":""0f0f8a2f-9703-4f78-a3ed-8fcc57a55f5a"",""deployment"":""7bae97c9-ccbe-49fe-a672-c3ea4a2a6d1e"",""replica"":""5a8db334-f6d0-4ba9-a018-aa1be977e5fd""}",2026-02-15T09:40:33.312892718Z
"    return func(*args, **kwargs)","{""level"":""error""}","{""project"":""70a52d41-885a-4854-b650-392635199b54"",""environment"":""67be7a60-8b6c-4987-8690-dbef25befe73"",""service"":""0f0f8a2f-9703-4f78-a3ed-8fcc57a55f5a"",""deployment"":""7bae97c9-ccbe-49fe-a672-c3ea4a2a6d1e"",""replica"":""5a8db334-f6d0-4ba9-a018-aa1be977e5fd""}",2026-02-15T09:40:33.312897028Z
           ^^^^^^^^^^^^^^^^^^^^^,"{""level"":""error""}","{""project"":""70a52d41-885a-4854-b650-392635199b54"",""environment"":""67be7a60-8b6c-4987-8690-dbef25befe73"",""service"":""0f0f8a2f-9703-4f78-a3ed-8fcc57a55f5a"",""deployment"":""7bae97c9-ccbe-49fe-a672-c3ea4a2a6d1e"",""replica"":""5a8db334-f6d0-4ba9-a018-aa1be977e5fd""}",2026-02-15T09:40:33.312901088Z
"  File ""/usr/local/lib/python3.11/site-packages/django/db/backends/postgresql/base.py"", line 332, in get_new_connection","{""level"":""error""}","{""project"":""70a52d41-885a-4854-b650-392635199b54"",""environment"":""67be7a60-8b6c-4987-8690-dbef25befe73"",""service"":""0f0f8a2f-9703-4f78-a3ed-8fcc57a55f5a"",""deployment"":""7bae97c9-ccbe-49fe-a672-c3ea4a2a6d1e"",""replica"":""5a8db334-f6d0-4ba9-a018-aa1be977e5fd""}",2026-02-15T09:40:33.312905138Z
    connection = self.Database.connect(**conn_params),"{""level"":""error""}","{""project"":""70a52d41-885a-4854-b650-392635199b54"",""environment"":""67be7a60-8b6c-4987-8690-dbef25befe73"",""service"":""0f0f8a2f-9703-4f78-a3ed-8fcc57a55f5a"",""deployment"":""7bae97c9-ccbe-49fe-a672-c3ea4a2a6d1e"",""replica"":""5a8db334-f6d0-4ba9-a018-aa1be977e5fd""}",2026-02-15T09:40:33.312910308Z
                 ^^^^^^^^^^^^^^^^^^^^^^^^^^^^^^^^^^^^,"{""level"":""error""}","{""project"":""70a52d41-885a-4854-b650-392635199b54"",""environment"":""67be7a60-8b6c-4987-8690-dbef25befe73"",""service"":""0f0f8a2f-9703-4f78-a3ed-8fcc57a55f5a"",""deployment"":""7bae97c9-ccbe-49fe-a672-c3ea4a2a6d1e"",""replica"":""5a8db334-f6d0-4ba9-a018-aa1be977e5fd""}",2026-02-15T09:40:33.312920718Z
"  File ""/usr/local/lib/python3.11/site-packages/psycopg2/__init__.py"", line 122, in connect","{""level"":""error""}","{""project"":""70a52d41-885a-4854-b650-392635199b54"",""environment"":""67be7a60-8b6c-4987-8690-dbef25befe73"",""service"":""0f0f8a2f-9703-4f78-a3ed-8fcc57a55f5a"",""deployment"":""7bae97c9-ccbe-49fe-a672-c3ea4a2a6d1e"",""replica"":""5a8db334-f6d0-4ba9-a018-aa1be977e5fd""}",2026-02-15T09:40:33.312925688Z
"    conn = _connect(dsn, connection_factory=connection_factory, **kwasync)","{""level"":""error""}","{""project"":""70a52d41-885a-4854-b650-392635199b54"",""environment"":""67be7a60-8b6c-4987-8690-dbef25befe73"",""service"":""0f0f8a2f-9703-4f78-a3ed-8fcc57a55f5a"",""deployment"":""7bae97c9-ccbe-49fe-a672-c3ea4a2a6d1e"",""replica"":""5a8db334-f6d0-4ba9-a018-aa1be977e5fd""}",2026-02-15T09:40:33.312929808Z
"psycopg2.OperationalError: connection to server at ""15.164.188.235"", port 5432 failed: FATAL:  MaxClientsInSessionMode: max clients reached - in Session mode max clients are limited to pool_size","{""level"":""error""}","{""project"":""70a52d41-885a-4854-b650-392635199b54"",""environment"":""67be7a60-8b6c-4987-8690-dbef25befe73"",""service"":""0f0f8a2f-9703-4f78-a3ed-8fcc57a55f5a"",""deployment"":""7bae97c9-ccbe-49fe-a672-c3ea4a2a6d1e"",""replica"":""5a8db334-f6d0-4ba9-a018-aa1be977e5fd""}",2026-02-15T09:40:33.313362988Z
,"{""level"":""error""}","{""project"":""70a52d41-885a-4854-b650-392635199b54"",""environment"":""67be7a60-8b6c-4987-8690-dbef25befe73"",""service"":""0f0f8a2f-9703-4f78-a3ed-8fcc57a55f5a"",""deployment"":""7bae97c9-ccbe-49fe-a672-c3ea4a2a6d1e"",""replica"":""5a8db334-f6d0-4ba9-a018-aa1be977e5fd""}",2026-02-15T09:40:33.313367328Z
,"{""level"":""error""}","{""project"":""70a52d41-885a-4854-b650-392635199b54"",""environment"":""67be7a60-8b6c-4987-8690-dbef25befe73"",""service"":""0f0f8a2f-9703-4f78-a3ed-8fcc57a55f5a"",""deployment"":""7bae97c9-ccbe-49fe-a672-c3ea4a2a6d1e"",""replica"":""5a8db334-f6d0-4ba9-a018-aa1be977e5fd""}",2026-02-15T09:40:33.313371648Z
The above exception was the direct cause of the following exception:,"{""level"":""error""}","{""project"":""70a52d41-885a-4854-b650-392635199b54"",""environment"":""67be7a60-8b6c-4987-8690-dbef25befe73"",""service"":""0f0f8a2f-9703-4f78-a3ed-8fcc57a55f5a"",""deployment"":""7bae97c9-ccbe-49fe-a672-c3ea4a2a6d1e"",""replica"":""5a8db334-f6d0-4ba9-a018-aa1be977e5fd""}",2026-02-15T09:40:33.313375698Z
,"{""level"":""error""}","{""project"":""70a52d41-885a-4854-b650-392635199b54"",""environment"":""67be7a60-8b6c-4987-8690-dbef25befe73"",""service"":""0f0f8a2f-9703-4f78-a3ed-8fcc57a55f5a"",""deployment"":""7bae97c9-ccbe-49fe-a672-c3ea4a2a6d1e"",""replica"":""5a8db334-f6d0-4ba9-a018-aa1be977e5fd""}",2026-02-15T09:40:33.313379668Z
Traceback (most recent call last):,"{""level"":""error""}","{""project"":""70a52d41-885a-4854-b650-392635199b54"",""environment"":""67be7a60-8b6c-4987-8690-dbef25befe73"",""service"":""0f0f8a2f-9703-4f78-a3ed-8fcc57a55f5a"",""deployment"":""7bae97c9-ccbe-49fe-a672-c3ea4a2a6d1e"",""replica"":""5a8db334-f6d0-4ba9-a018-aa1be977e5fd""}",2026-02-15T09:40:33.313384178Z
"  File ""/usr/local/lib/python3.11/site-packages/asgiref/sync.py"", line 557, in thread_handler","{""level"":""error""}","{""project"":""70a52d41-885a-4854-b650-392635199b54"",""environment"":""67be7a60-8b6c-4987-8690-dbef25befe73"",""service"":""0f0f8a2f-9703-4f78-a3ed-8fcc57a55f5a"",""deployment"":""7bae97c9-ccbe-49fe-a672-c3ea4a2a6d1e"",""replica"":""5a8db334-f6d0-4ba9-a018-aa1be977e5fd""}",2026-02-15T09:40:33.313388618Z
    raise exc_info[1],"{""level"":""error""}","{""project"":""70a52d41-885a-4854-b650-392635199b54"",""environment"":""67be7a60-8b6c-4987-8690-dbef25befe73"",""service"":""0f0f8a2f-9703-4f78-a3ed-8fcc57a55f5a"",""deployment"":""7bae97c9-ccbe-49fe-a672-c3ea4a2a6d1e"",""replica"":""5a8db334-f6d0-4ba9-a018-aa1be977e5fd""}",2026-02-15T09:40:33.313392798Z
"  File ""/usr/local/lib/python3.11/site-packages/django/core/handlers/exception.py"", line 42, in inner","{""level"":""error""}","{""project"":""70a52d41-885a-4854-b650-392635199b54"",""environment"":""67be7a60-8b6c-4987-8690-dbef25befe73"",""service"":""0f0f8a2f-9703-4f78-a3ed-8fcc57a55f5a"",""deployment"":""7bae97c9-ccbe-49fe-a672-c3ea4a2a6d1e"",""replica"":""5a8db334-f6d0-4ba9-a018-aa1be977e5fd""}",2026-02-15T09:40:33.313396818Z
    response = await get_response(request),"{""level"":""error""}","{""project"":""70a52d41-885a-4854-b650-392635199b54"",""environment"":""67be7a60-8b6c-4987-8690-dbef25befe73"",""service"":""0f0f8a2f-9703-4f78-a3ed-8fcc57a55f5a"",""deployment"":""7bae97c9-ccbe-49fe-a672-c3ea4a2a6d1e"",""replica"":""5a8db334-f6d0-4ba9-a018-aa1be977e5fd""}",2026-02-15T09:40:33.313400938Z
               ^^^^^^^^^^^^^^^^^^^^^^^^^^^,"{""level"":""error""}","{""project"":""70a52d41-885a-4854-b650-392635199b54"",""environment"":""67be7a60-8b6c-4987-8690-dbef25befe73"",""service"":""0f0f8a2f-9703-4f78-a3ed-8fcc57a55f5a"",""deployment"":""7bae97c9-ccbe-49fe-a672-c3ea4a2a6d1e"",""replica"":""5a8db334-f6d0-4ba9-a018-aa1be977e5fd""}",2026-02-15T09:40:33.313404938Z
"  File ""/usr/local/lib/python3.11/site-packages/asgiref/sync.py"", line 557, in thread_handler","{""level"":""error""}","{""project"":""70a52d41-885a-4854-b650-392635199b54"",""environment"":""67be7a60-8b6c-4987-8690-dbef25befe73"",""service"":""0f0f8a2f-9703-4f78-a3ed-8fcc57a55f5a"",""deployment"":""7bae97c9-ccbe-49fe-a672-c3ea4a2a6d1e"",""replica"":""5a8db334-f6d0-4ba9-a018-aa1be977e5fd""}",2026-02-15T09:40:33.313408928Z
    raise exc_info[1],"{""level"":""error""}","{""project"":""70a52d41-885a-4854-b650-392635199b54"",""environment"":""67be7a60-8b6c-4987-8690-dbef25befe73"",""service"":""0f0f8a2f-9703-4f78-a3ed-8fcc57a55f5a"",""deployment"":""7bae97c9-ccbe-49fe-a672-c3ea4a2a6d1e"",""replica"":""5a8db334-f6d0-4ba9-a018-aa1be977e5fd""}",2026-02-15T09:40:33.313412698Z
"  File ""/usr/local/lib/python3.11/site-packages/django/core/handlers/base.py"", line 253, in _get_response_async","{""level"":""error""}","{""project"":""70a52d41-885a-4854-b650-392635199b54"",""environment"":""67be7a60-8b6c-4987-8690-dbef25befe73"",""service"":""0f0f8a2f-9703-4f78-a3ed-8fcc57a55f5a"",""deployment"":""7bae97c9-ccbe-49fe-a672-c3ea4a2a6d1e"",""replica"":""5a8db334-f6d0-4ba9-a018-aa1be977e5fd""}",2026-02-15T09:40:33.313417998Z
    response = await wrapped_callback(,"{""level"":""error""}","{""project"":""70a52d41-885a-4854-b650-392635199b54"",""environment"":""67be7a60-8b6c-4987-8690-dbef25befe73"",""service"":""0f0f8a2f-9703-4f78-a3ed-8fcc57a55f5a"",""deployment"":""7bae97c9-ccbe-49fe-a672-c3ea4a2a6d1e"",""replica"":""5a8db334-f6d0-4ba9-a018-aa1be977e5fd""}",2026-02-15T09:40:33.313422128Z
               ^^^^^^^^^^^^^^^^^^^^^^^,"{""level"":""error""}","{""project"":""70a52d41-885a-4854-b650-392635199b54"",""environment"":""67be7a60-8b6c-4987-8690-dbef25befe73"",""service"":""0f0f8a2f-9703-4f78-a3ed-8fcc57a55f5a"",""deployment"":""7bae97c9-ccbe-49fe-a672-c3ea4a2a6d1e"",""replica"":""5a8db334-f6d0-4ba9-a018-aa1be977e5fd""}",2026-02-15T09:40:33.313426268Z
"  File ""/usr/local/lib/python3.11/site-packages/asgiref/sync.py"", line 506, in __call__","{""level"":""error""}","{""project"":""70a52d41-885a-4854-b650-392635199b54"",""environment"":""67be7a60-8b6c-4987-8690-dbef25befe73"",""service"":""0f0f8a2f-9703-4f78-a3ed-8fcc57a55f5a"",""deployment"":""7bae97c9-ccbe-49fe-a672-c3ea4a2a6d1e"",""replica"":""5a8db334-f6d0-4ba9-a018-aa1be977e5fd""}",2026-02-15T09:40:33.313432718Z
    ret = await asyncio.shield(exec_coro),"{""level"":""error""}","{""project"":""70a52d41-885a-4854-b650-392635199b54"",""environment"":""67be7a60-8b6c-4987-8690-dbef25befe73"",""service"":""0f0f8a2f-9703-4f78-a3ed-8fcc57a55f5a"",""deployment"":""7bae97c9-ccbe-49fe-a672-c3ea4a2a6d1e"",""replica"":""5a8db334-f6d0-4ba9-a018-aa1be977e5fd""}",2026-02-15T09:40:33.313436918Z
          ^^^^^^^^^^^^^^^^^^^^^^^^^^^^^^^,"{""level"":""error""}","{""project"":""70a52d41-885a-4854-b650-392635199b54"",""environment"":""67be7a60-8b6c-4987-8690-dbef25befe73"",""service"":""0f0f8a2f-9703-4f78-a3ed-8fcc57a55f5a"",""deployment"":""7bae97c9-ccbe-49fe-a672-c3ea4a2a6d1e"",""replica"":""5a8db334-f6d0-4ba9-a018-aa1be977e5fd""}",2026-02-15T09:40:33.313441088Z
"  File ""/usr/local/lib/python3.11/site-packages/asgiref/current_thread_executor.py"", line 40, in run","{""level"":""error""}","{""project"":""70a52d41-885a-4854-b650-392635199b54"",""environment"":""67be7a60-8b6c-4987-8690-dbef25befe73"",""service"":""0f0f8a2f-9703-4f78-a3ed-8fcc57a55f5a"",""deployment"":""7bae97c9-ccbe-49fe-a672-c3ea4a2a6d1e"",""replica"":""5a8db334-f6d0-4ba9-a018-aa1be977e5fd""}",2026-02-15T09:40:33.313445458Z
"    result = self.fn(*self.args, **self.kwargs)","{""level"":""error""}","{""project"":""70a52d41-885a-4854-b650-392635199b54"",""environment"":""67be7a60-8b6c-4987-8690-dbef25befe73"",""service"":""0f0f8a2f-9703-4f78-a3ed-8fcc57a55f5a"",""deployment"":""7bae97c9-ccbe-49fe-a672-c3ea4a2a6d1e"",""replica"":""5a8db334-f6d0-4ba9-a018-aa1be977e5fd""}",2026-02-15T09:40:33.313630198Z
           ^^^^^^^^^^^^^^^^^^^^^^^^^^^^^^^^^^^,"{""level"":""error""}","{""project"":""70a52d41-885a-4854-b650-392635199b54"",""environment"":""67be7a60-8b6c-4987-8690-dbef25befe73"",""service"":""0f0f8a2f-9703-4f78-a3ed-8fcc57a55f5a"",""deployment"":""7bae97c9-ccbe-49fe-a672-c3ea4a2a6d1e"",""replica"":""5a8db334-f6d0-4ba9-a018-aa1be977e5fd""}",2026-02-15T09:40:33.313633668Z
             ^^^^^^^^^^^^^^^^^^^^^^^^^^^^^^^^^^,"{""level"":""error""}","{""project"":""70a52d41-885a-4854-b650-392635199b54"",""environment"":""67be7a60-8b6c-4987-8690-dbef25befe73"",""service"":""0f0f8a2f-9703-4f78-a3ed-8fcc57a55f5a"",""deployment"":""7bae97c9-ccbe-49fe-a672-c3ea4a2a6d1e"",""replica"":""5a8db334-f6d0-4ba9-a018-aa1be977e5fd""}",2026-02-15T09:40:33.313636718Z
"  File ""/usr/local/lib/python3.11/site-packages/rest_framework/viewsets.py"", line 125, in view","{""level"":""error""}","{""project"":""70a52d41-885a-4854-b650-392635199b54"",""environment"":""67be7a60-8b6c-4987-8690-dbef25befe73"",""service"":""0f0f8a2f-9703-4f78-a3ed-8fcc57a55f5a"",""deployment"":""7bae97c9-ccbe-49fe-a672-c3ea4a2a6d1e"",""replica"":""5a8db334-f6d0-4ba9-a018-aa1be977e5fd""}",2026-02-15T09:40:33.313638858Z
"  File ""/usr/local/lib/python3.11/site-packages/asgiref/sync.py"", line 561, in thread_handler","{""level"":""error""}","{""project"":""70a52d41-885a-4854-b650-392635199b54"",""environment"":""67be7a60-8b6c-4987-8690-dbef25befe73"",""service"":""0f0f8a2f-9703-4f78-a3ed-8fcc57a55f5a"",""deployment"":""7bae97c9-ccbe-49fe-a672-c3ea4a2a6d1e"",""replica"":""5a8db334-f6d0-4ba9-a018-aa1be977e5fd""}",2026-02-15T09:40:33.313641768Z
"    return self.dispatch(request, *args, **kwargs)","{""level"":""error""}","{""project"":""70a52d41-885a-4854-b650-392635199b54"",""environment"":""67be7a60-8b6c-4987-8690-dbef25befe73"",""service"":""0f0f8a2f-9703-4f78-a3ed-8fcc57a55f5a"",""deployment"":""7bae97c9-ccbe-49fe-a672-c3ea4a2a6d1e"",""replica"":""5a8db334-f6d0-4ba9-a018-aa1be977e5fd""}",2026-02-15T09:40:33.313643638Z
"    return func(*args, **kwargs)","{""level"":""error""}","{""project"":""70a52d41-885a-4854-b650-392635199b54"",""environment"":""67be7a60-8b6c-4987-8690-dbef25befe73"",""service"":""0f0f8a2f-9703-4f78-a3ed-8fcc57a55f5a"",""deployment"":""7bae97c9-ccbe-49fe-a672-c3ea4a2a6d1e"",""replica"":""5a8db334-f6d0-4ba9-a018-aa1be977e5fd""}",2026-02-15T09:40:33.313646528Z
           ^^^^^^^^^^^^^^^^^^^^^^^^^^^^^^^^^^^^^^^,"{""level"":""error""}","{""project"":""70a52d41-885a-4854-b650-392635199b54"",""environment"":""67be7a60-8b6c-4987-8690-dbef25befe73"",""service"":""0f0f8a2f-9703-4f78-a3ed-8fcc57a55f5a"",""deployment"":""7bae97c9-ccbe-49fe-a672-c3ea4a2a6d1e"",""replica"":""5a8db334-f6d0-4ba9-a018-aa1be977e5fd""}",2026-02-15T09:40:33.313648348Z
"  File ""/usr/local/lib/python3.11/site-packages/rest_framework/views.py"", line 515, in dispatch","{""level"":""error""}","{""project"":""70a52d41-885a-4854-b650-392635199b54"",""environment"":""67be7a60-8b6c-4987-8690-dbef25befe73"",""service"":""0f0f8a2f-9703-4f78-a3ed-8fcc57a55f5a"",""deployment"":""7bae97c9-ccbe-49fe-a672-c3ea4a2a6d1e"",""replica"":""5a8db334-f6d0-4ba9-a018-aa1be977e5fd""}",2026-02-15T09:40:33.313652968Z
           ^^^^^^^^^^^^^^^^^^^^^,"{""level"":""error""}","{""project"":""70a52d41-885a-4854-b650-392635199b54"",""environment"":""67be7a60-8b6c-4987-8690-dbef25befe73"",""service"":""0f0f8a2f-9703-4f78-a3ed-8fcc57a55f5a"",""deployment"":""7bae97c9-ccbe-49fe-a672-c3ea4a2a6d1e"",""replica"":""5a8db334-f6d0-4ba9-a018-aa1be977e5fd""}",2026-02-15T09:40:33.313654838Z
    response = self.handle_exception(exc),"{""level"":""error""}","{""project"":""70a52d41-885a-4854-b650-392635199b54"",""environment"":""67be7a60-8b6c-4987-8690-dbef25befe73"",""service"":""0f0f8a2f-9703-4f78-a3ed-8fcc57a55f5a"",""deployment"":""7bae97c9-ccbe-49fe-a672-c3ea4a2a6d1e"",""replica"":""5a8db334-f6d0-4ba9-a018-aa1be977e5fd""}",2026-02-15T09:40:33.313658378Z
               ^^^^^^^^^^^^^^^^^^^^^^^^^^,"{""level"":""error""}","{""project"":""70a52d41-885a-4854-b650-392635199b54"",""environment"":""67be7a60-8b6c-4987-8690-dbef25befe73"",""service"":""0f0f8a2f-9703-4f78-a3ed-8fcc57a55f5a"",""deployment"":""7bae97c9-ccbe-49fe-a672-c3ea4a2a6d1e"",""replica"":""5a8db334-f6d0-4ba9-a018-aa1be977e5fd""}",2026-02-15T09:40:33.313663218Z
"  File ""/usr/local/lib/python3.11/site-packages/django/views/decorators/csrf.py"", line 65, in _view_wrapper","{""level"":""error""}","{""project"":""70a52d41-885a-4854-b650-392635199b54"",""environment"":""67be7a60-8b6c-4987-8690-dbef25befe73"",""service"":""0f0f8a2f-9703-4f78-a3ed-8fcc57a55f5a"",""deployment"":""7bae97c9-ccbe-49fe-a672-c3ea4a2a6d1e"",""replica"":""5a8db334-f6d0-4ba9-a018-aa1be977e5fd""}",2026-02-15T09:40:33.313663828Z
    self.raise_uncaught_exception(exc),"{""level"":""error""}","{""project"":""70a52d41-885a-4854-b650-392635199b54"",""environment"":""67be7a60-8b6c-4987-8690-dbef25befe73"",""service"":""0f0f8a2f-9703-4f78-a3ed-8fcc57a55f5a"",""deployment"":""7bae97c9-ccbe-49fe-a672-c3ea4a2a6d1e"",""replica"":""5a8db334-f6d0-4ba9-a018-aa1be977e5fd""}",2026-02-15T09:40:33.313665818Z
"  File ""/usr/local/lib/python3.11/site-packages/rest_framework/views.py"", line 475, in handle_exception","{""level"":""error""}","{""project"":""70a52d41-885a-4854-b650-392635199b54"",""environment"":""67be7a60-8b6c-4987-8690-dbef25befe73"",""service"":""0f0f8a2f-9703-4f78-a3ed-8fcc57a55f5a"",""deployment"":""7bae97c9-ccbe-49fe-a672-c3ea4a2a6d1e"",""replica"":""5a8db334-f6d0-4ba9-a018-aa1be977e5fd""}",2026-02-15T09:40:33.313667818Z
"  File ""/usr/local/lib/python3.11/site-packages/rest_framework/views.py"", line 486, in raise_uncaught_exception","{""level"":""error""}","{""project"":""70a52d41-885a-4854-b650-392635199b54"",""environment"":""67be7a60-8b6c-4987-8690-dbef25befe73"",""service"":""0f0f8a2f-9703-4f78-a3ed-8fcc57a55f5a"",""deployment"":""7bae97c9-ccbe-49fe-a672-c3ea4a2a6d1e"",""replica"":""5a8db334-f6d0-4ba9-a018-aa1be977e5fd""}",2026-02-15T09:40:33.313680088Z
"    return view_func(request, *args, **kwargs)","{""level"":""error""}","{""project"":""70a52d41-885a-4854-b650-392635199b54"",""environment"":""67be7a60-8b6c-4987-8690-dbef25befe73"",""service"":""0f0f8a2f-9703-4f78-a3ed-8fcc57a55f5a"",""deployment"":""7bae97c9-ccbe-49fe-a672-c3ea4a2a6d1e"",""replica"":""5a8db334-f6d0-4ba9-a018-aa1be977e5fd""}",2026-02-15T09:40:33.313684058Z
    raise exc,"{""level"":""error""}","{""project"":""70a52d41-885a-4854-b650-392635199b54"",""environment"":""67be7a60-8b6c-4987-8690-dbef25befe73"",""service"":""0f0f8a2f-9703-4f78-a3ed-8fcc57a55f5a"",""deployment"":""7bae97c9-ccbe-49fe-a672-c3ea4a2a6d1e"",""replica"":""5a8db334-f6d0-4ba9-a018-aa1be977e5fd""}",2026-02-15T09:40:33.313688128Z
"  File ""/usr/local/lib/python3.11/site-packages/rest_framework/views.py"", line 503, in dispatch","{""level"":""error""}","{""project"":""70a52d41-885a-4854-b650-392635199b54"",""environment"":""67be7a60-8b6c-4987-8690-dbef25befe73"",""service"":""0f0f8a2f-9703-4f78-a3ed-8fcc57a55f5a"",""deployment"":""7bae97c9-ccbe-49fe-a672-c3ea4a2a6d1e"",""replica"":""5a8db334-f6d0-4ba9-a018-aa1be977e5fd""}",2026-02-15T09:40:33.313695018Z
"    self.initial(request, *args, **kwargs)","{""level"":""error""}","{""project"":""70a52d41-885a-4854-b650-392635199b54"",""environment"":""67be7a60-8b6c-4987-8690-dbef25befe73"",""service"":""0f0f8a2f-9703-4f78-a3ed-8fcc57a55f5a"",""deployment"":""7bae97c9-ccbe-49fe-a672-c3ea4a2a6d1e"",""replica"":""5a8db334-f6d0-4ba9-a018-aa1be977e5fd""}",2026-02-15T09:40:33.313701398Z
"  File ""/usr/local/lib/python3.11/site-packages/rest_framework/views.py"", line 420, in initial","{""level"":""error""}","{""project"":""70a52d41-885a-4854-b650-392635199b54"",""environment"":""67be7a60-8b6c-4987-8690-dbef25befe73"",""service"":""0f0f8a2f-9703-4f78-a3ed-8fcc57a55f5a"",""deployment"":""7bae97c9-ccbe-49fe-a672-c3ea4a2a6d1e"",""replica"":""5a8db334-f6d0-4ba9-a018-aa1be977e5fd""}",2026-02-15T09:40:33.314395728Z
    self.perform_authentication(request),"{""level"":""error""}","{""project"":""70a52d41-885a-4854-b650-392635199b54"",""environment"":""67be7a60-8b6c-4987-8690-dbef25befe73"",""service"":""0f0f8a2f-9703-4f78-a3ed-8fcc57a55f5a"",""deployment"":""7bae97c9-ccbe-49fe-a672-c3ea4a2a6d1e"",""replica"":""5a8db334-f6d0-4ba9-a018-aa1be977e5fd""}",2026-02-15T09:40:33.314404268Z
"  File ""/usr/local/lib/python3.11/site-packages/rest_framework/views.py"", line 330, in perform_authentication","{""level"":""error""}","{""project"":""70a52d41-885a-4854-b650-392635199b54"",""environment"":""67be7a60-8b6c-4987-8690-dbef25befe73"",""service"":""0f0f8a2f-9703-4f78-a3ed-8fcc57a55f5a"",""deployment"":""7bae97c9-ccbe-49fe-a672-c3ea4a2a6d1e"",""replica"":""5a8db334-f6d0-4ba9-a018-aa1be977e5fd""}",2026-02-15T09:40:33.314410798Z
    request.user,"{""level"":""error""}","{""project"":""70a52d41-885a-4854-b650-392635199b54"",""environment"":""67be7a60-8b6c-4987-8690-dbef25befe73"",""service"":""0f0f8a2f-9703-4f78-a3ed-8fcc57a55f5a"",""deployment"":""7bae97c9-ccbe-49fe-a672-c3ea4a2a6d1e"",""replica"":""5a8db334-f6d0-4ba9-a018-aa1be977e5fd""}",2026-02-15T09:40:33.314417438Z
"  File ""/usr/local/lib/python3.11/site-packages/rest_framework/request.py"", line 232, in user","{""level"":""error""}","{""project"":""70a52d41-885a-4854-b650-392635199b54"",""environment"":""67be7a60-8b6c-4987-8690-dbef25befe73"",""service"":""0f0f8a2f-9703-4f78-a3ed-8fcc57a55f5a"",""deployment"":""7bae97c9-ccbe-49fe-a672-c3ea4a2a6d1e"",""replica"":""5a8db334-f6d0-4ba9-a018-aa1be977e5fd""}",2026-02-15T09:40:33.314424438Z
    self._authenticate(),"{""level"":""error""}","{""project"":""70a52d41-885a-4854-b650-392635199b54"",""environment"":""67be7a60-8b6c-4987-8690-dbef25befe73"",""service"":""0f0f8a2f-9703-4f78-a3ed-8fcc57a55f5a"",""deployment"":""7bae97c9-ccbe-49fe-a672-c3ea4a2a6d1e"",""replica"":""5a8db334-f6d0-4ba9-a018-aa1be977e5fd""}",2026-02-15T09:40:33.314431368Z
"  File ""/usr/local/lib/python3.11/site-packages/rest_framework/request.py"", line 385, in _authenticate","{""level"":""error""}","{""project"":""70a52d41-885a-4854-b650-392635199b54"",""environment"":""67be7a60-8b6c-4987-8690-dbef25befe73"",""service"":""0f0f8a2f-9703-4f78-a3ed-8fcc57a55f5a"",""deployment"":""7bae97c9-ccbe-49fe-a672-c3ea4a2a6d1e"",""replica"":""5a8db334-f6d0-4ba9-a018-aa1be977e5fd""}",2026-02-15T09:40:33.314438108Z
    user_auth_tuple = authenticator.authenticate(self),"{""level"":""error""}","{""project"":""70a52d41-885a-4854-b650-392635199b54"",""environment"":""67be7a60-8b6c-4987-8690-dbef25befe73"",""service"":""0f0f8a2f-9703-4f78-a3ed-8fcc57a55f5a"",""deployment"":""7bae97c9-ccbe-49fe-a672-c3ea4a2a6d1e"",""replica"":""5a8db334-f6d0-4ba9-a018-aa1be977e5fd""}",2026-02-15T09:40:33.314444558Z
                      ^^^^^^^^^^^^^^^^^^^^^^^^^^^^^^^^,"{""level"":""error""}","{""project"":""70a52d41-885a-4854-b650-392635199b54"",""environment"":""67be7a60-8b6c-4987-8690-dbef25befe73"",""service"":""0f0f8a2f-9703-4f78-a3ed-8fcc57a55f5a"",""deployment"":""7bae97c9-ccbe-49fe-a672-c3ea4a2a6d1e"",""replica"":""5a8db334-f6d0-4ba9-a018-aa1be977e5fd""}",2026-02-15T09:40:33.314453098Z
"  File ""/usr/local/lib/python3.11/site-packages/rest_framework_simplejwt/authentication.py"", line 51, in authenticate","{""level"":""error""}","{""project"":""70a52d41-885a-4854-b650-392635199b54"",""environment"":""67be7a60-8b6c-4987-8690-dbef25befe73"",""service"":""0f0f8a2f-9703-4f78-a3ed-8fcc57a55f5a"",""deployment"":""7bae97c9-ccbe-49fe-a672-c3ea4a2a6d1e"",""replica"":""5a8db334-f6d0-4ba9-a018-aa1be977e5fd""}",2026-02-15T09:40:33.314459658Z
"    return self.get_user(validated_token), validated_token","{""level"":""error""}","{""project"":""70a52d41-885a-4854-b650-392635199b54"",""environment"":""67be7a60-8b6c-4987-8690-dbef25befe73"",""service"":""0f0f8a2f-9703-4f78-a3ed-8fcc57a55f5a"",""deployment"":""7bae97c9-ccbe-49fe-a672-c3ea4a2a6d1e"",""replica"":""5a8db334-f6d0-4ba9-a018-aa1be977e5fd""}",2026-02-15T09:40:33.314466478Z
           ^^^^^^^^^^^^^^^^^^^^^^^^^^^^^^,"{""level"":""error""}","{""project"":""70a52d41-885a-4854-b650-392635199b54"",""environment"":""67be7a60-8b6c-4987-8690-dbef25befe73"",""service"":""0f0f8a2f-9703-4f78-a3ed-8fcc57a55f5a"",""deployment"":""7bae97c9-ccbe-49fe-a672-c3ea4a2a6d1e"",""replica"":""5a8db334-f6d0-4ba9-a018-aa1be977e5fd""}",2026-02-15T09:40:33.314473298Z
"  File ""/usr/local/lib/python3.11/site-packages/rest_framework_simplejwt/authentication.py"", line 132, in get_user","{""level"":""error""}","{""project"":""70a52d41-885a-4854-b650-392635199b54"",""environment"":""67be7a60-8b6c-4987-8690-dbef25befe73"",""service"":""0f0f8a2f-9703-4f78-a3ed-8fcc57a55f5a"",""deployment"":""7bae97c9-ccbe-49fe-a672-c3ea4a2a6d1e"",""replica"":""5a8db334-f6d0-4ba9-a018-aa1be977e5fd""}",2026-02-15T09:40:33.314480288Z
    user = self.user_model.objects.get(**{api_settings.USER_ID_FIELD: user_id}),"{""level"":""error""}","{""project"":""70a52d41-885a-4854-b650-392635199b54"",""environment"":""67be7a60-8b6c-4987-8690-dbef25befe73"",""service"":""0f0f8a2f-9703-4f78-a3ed-8fcc57a55f5a"",""deployment"":""7bae97c9-ccbe-49fe-a672-c3ea4a2a6d1e"",""replica"":""5a8db334-f6d0-4ba9-a018-aa1be977e5fd""}",2026-02-15T09:40:33.314486748Z
           ^^^^^^^^^^^^^^^^^^^^^^^^^^^^^^^^^^^^^^^^^^^^^^^^^^^^^^^^^^^^^^^^^^^^,"{""level"":""error""}","{""project"":""70a52d41-885a-4854-b650-392635199b54"",""environment"":""67be7a60-8b6c-4987-8690-dbef25befe73"",""service"":""0f0f8a2f-9703-4f78-a3ed-8fcc57a55f5a"",""deployment"":""7bae97c9-ccbe-49fe-a672-c3ea4a2a6d1e"",""replica"":""5a8db334-f6d0-4ba9-a018-aa1be977e5fd""}",2026-02-15T09:40:33.314493118Z
"  File ""/usr/local/lib/python3.11/site-packages/django/db/models/manager.py"", line 87, in manager_method","{""level"":""error""}","{""project"":""70a52d41-885a-4854-b650-392635199b54"",""environment"":""67be7a60-8b6c-4987-8690-dbef25befe73"",""service"":""0f0f8a2f-9703-4f78-a3ed-8fcc57a55f5a"",""deployment"":""7bae97c9-ccbe-49fe-a672-c3ea4a2a6d1e"",""replica"":""5a8db334-f6d0-4ba9-a018-aa1be977e5fd""}",2026-02-15T09:40:33.314499928Z
"    return getattr(self.get_queryset(), name)(*args, **kwargs)","{""level"":""error""}","{""project"":""70a52d41-885a-4854-b650-392635199b54"",""environment"":""67be7a60-8b6c-4987-8690-dbef25befe73"",""service"":""0f0f8a2f-9703-4f78-a3ed-8fcc57a55f5a"",""deployment"":""7bae97c9-ccbe-49fe-a672-c3ea4a2a6d1e"",""replica"":""5a8db334-f6d0-4ba9-a018-aa1be977e5fd""}",2026-02-15T09:40:33.314506028Z
           ^^^^^^^^^^^^^^^^^^^^^^^^^^^^^^^^^^^^^^^^^^^^^^^^^^^,"{""level"":""error""}","{""project"":""70a52d41-885a-4854-b650-392635199b54"",""environment"":""67be7a60-8b6c-4987-8690-dbef25befe73"",""service"":""0f0f8a2f-9703-4f78-a3ed-8fcc57a55f5a"",""deployment"":""7bae97c9-ccbe-49fe-a672-c3ea4a2a6d1e"",""replica"":""5a8db334-f6d0-4ba9-a018-aa1be977e5fd""}",2026-02-15T09:40:33.314512218Z
"  File ""/usr/local/lib/python3.11/site-packages/django/db/models/query.py"", line 631, in get","{""level"":""error""}","{""project"":""70a52d41-885a-4854-b650-392635199b54"",""environment"":""67be7a60-8b6c-4987-8690-dbef25befe73"",""service"":""0f0f8a2f-9703-4f78-a3ed-8fcc57a55f5a"",""deployment"":""7bae97c9-ccbe-49fe-a672-c3ea4a2a6d1e"",""replica"":""5a8db334-f6d0-4ba9-a018-aa1be977e5fd""}",2026-02-15T09:40:33.315103718Z
    num = len(clone),"{""level"":""error""}","{""project"":""70a52d41-885a-4854-b650-392635199b54"",""environment"":""67be7a60-8b6c-4987-8690-dbef25befe73"",""service"":""0f0f8a2f-9703-4f78-a3ed-8fcc57a55f5a"",""deployment"":""7bae97c9-ccbe-49fe-a672-c3ea4a2a6d1e"",""replica"":""5a8db334-f6d0-4ba9-a018-aa1be977e5fd""}",2026-02-15T09:40:33.315112718Z
          ^^^^^^^^^^,"{""level"":""error""}","{""project"":""70a52d41-885a-4854-b650-392635199b54"",""environment"":""67be7a60-8b6c-4987-8690-dbef25befe73"",""service"":""0f0f8a2f-9703-4f78-a3ed-8fcc57a55f5a"",""deployment"":""7bae97c9-ccbe-49fe-a672-c3ea4a2a6d1e"",""replica"":""5a8db334-f6d0-4ba9-a018-aa1be977e5fd""}",2026-02-15T09:40:33.315118248Z
"  File ""/usr/local/lib/python3.11/site-packages/django/db/models/query.py"", line 368, in __len__","{""level"":""error""}","{""project"":""70a52d41-885a-4854-b650-392635199b54"",""environment"":""67be7a60-8b6c-4987-8690-dbef25befe73"",""service"":""0f0f8a2f-9703-4f78-a3ed-8fcc57a55f5a"",""deployment"":""7bae97c9-ccbe-49fe-a672-c3ea4a2a6d1e"",""replica"":""5a8db334-f6d0-4ba9-a018-aa1be977e5fd""}",2026-02-15T09:40:33.315124718Z
    self._fetch_all(),"{""level"":""error""}","{""project"":""70a52d41-885a-4854-b650-392635199b54"",""environment"":""67be7a60-8b6c-4987-8690-dbef25befe73"",""service"":""0f0f8a2f-9703-4f78-a3ed-8fcc57a55f5a"",""deployment"":""7bae97c9-ccbe-49fe-a672-c3ea4a2a6d1e"",""replica"":""5a8db334-f6d0-4ba9-a018-aa1be977e5fd""}",2026-02-15T09:40:33.315129218Z
"  File ""/usr/local/lib/python3.11/site-packages/django/db/models/query.py"", line 1954, in _fetch_all","{""level"":""error""}","{""project"":""70a52d41-885a-4854-b650-392635199b54"",""environment"":""67be7a60-8b6c-4987-8690-dbef25befe73"",""service"":""0f0f8a2f-9703-4f78-a3ed-8fcc57a55f5a"",""deployment"":""7bae97c9-ccbe-49fe-a672-c3ea4a2a6d1e"",""replica"":""5a8db334-f6d0-4ba9-a018-aa1be977e5fd""}",2026-02-15T09:40:33.315133158Z
    self._result_cache = list(self._iterable_class(self)),"{""level"":""error""}","{""project"":""70a52d41-885a-4854-b650-392635199b54"",""environment"":""67be7a60-8b6c-4987-8690-dbef25befe73"",""service"":""0f0f8a2f-9703-4f78-a3ed-8fcc57a55f5a"",""deployment"":""7bae97c9-ccbe-49fe-a672-c3ea4a2a6d1e"",""replica"":""5a8db334-f6d0-4ba9-a018-aa1be977e5fd""}",2026-02-15T09:40:33.315137448Z
                         ^^^^^^^^^^^^^^^^^^^^^^^^^^^^^^^^,"{""level"":""error""}","{""project"":""70a52d41-885a-4854-b650-392635199b54"",""environment"":""67be7a60-8b6c-4987-8690-dbef25befe73"",""service"":""0f0f8a2f-9703-4f78-a3ed-8fcc57a55f5a"",""deployment"":""7bae97c9-ccbe-49fe-a672-c3ea4a2a6d1e"",""replica"":""5a8db334-f6d0-4ba9-a018-aa1be977e5fd""}",2026-02-15T09:40:33.315141498Z
"  File ""/usr/local/lib/python3.11/site-packages/django/db/models/query.py"", line 93, in __iter__","{""level"":""error""}","{""project"":""70a52d41-885a-4854-b650-392635199b54"",""environment"":""67be7a60-8b6c-4987-8690-dbef25befe73"",""service"":""0f0f8a2f-9703-4f78-a3ed-8fcc57a55f5a"",""deployment"":""7bae97c9-ccbe-49fe-a672-c3ea4a2a6d1e"",""replica"":""5a8db334-f6d0-4ba9-a018-aa1be977e5fd""}",2026-02-15T09:40:33.315145358Z
    results = compiler.execute_sql(,"{""level"":""error""}","{""project"":""70a52d41-885a-4854-b650-392635199b54"",""environment"":""67be7a60-8b6c-4987-8690-dbef25befe73"",""service"":""0f0f8a2f-9703-4f78-a3ed-8fcc57a55f5a"",""deployment"":""7bae97c9-ccbe-49fe-a672-c3ea4a2a6d1e"",""replica"":""5a8db334-f6d0-4ba9-a018-aa1be977e5fd""}",2026-02-15T09:40:33.315149698Z
              ^^^^^^^^^^^^^^^^^^^^^,"{""level"":""error""}","{""project"":""70a52d41-885a-4854-b650-392635199b54"",""environment"":""67be7a60-8b6c-4987-8690-dbef25befe73"",""service"":""0f0f8a2f-9703-4f78-a3ed-8fcc57a55f5a"",""deployment"":""7bae97c9-ccbe-49fe-a672-c3ea4a2a6d1e"",""replica"":""5a8db334-f6d0-4ba9-a018-aa1be977e5fd""}",2026-02-15T09:40:33.315153758Z
"  File ""/usr/local/lib/python3.11/site-packages/django/db/models/sql/compiler.py"", line 1621, in execute_sql","{""level"":""error""}","{""project"":""70a52d41-885a-4854-b650-392635199b54"",""environment"":""67be7a60-8b6c-4987-8690-dbef25befe73"",""service"":""0f0f8a2f-9703-4f78-a3ed-8fcc57a55f5a"",""deployment"":""7bae97c9-ccbe-49fe-a672-c3ea4a2a6d1e"",""replica"":""5a8db334-f6d0-4ba9-a018-aa1be977e5fd""}",2026-02-15T09:40:33.315158858Z
    cursor = self.connection.cursor(),"{""level"":""error""}","{""project"":""70a52d41-885a-4854-b650-392635199b54"",""environment"":""67be7a60-8b6c-4987-8690-dbef25befe73"",""service"":""0f0f8a2f-9703-4f78-a3ed-8fcc57a55f5a"",""deployment"":""7bae97c9-ccbe-49fe-a672-c3ea4a2a6d1e"",""replica"":""5a8db334-f6d0-4ba9-a018-aa1be977e5fd""}",2026-02-15T09:40:33.315163308Z
             ^^^^^^^^^^^^^^^^^^^^^^^^,"{""level"":""error""}","{""project"":""70a52d41-885a-4854-b650-392635199b54"",""environment"":""67be7a60-8b6c-4987-8690-dbef25befe73"",""service"":""0f0f8a2f-9703-4f78-a3ed-8fcc57a55f5a"",""deployment"":""7bae97c9-ccbe-49fe-a672-c3ea4a2a6d1e"",""replica"":""5a8db334-f6d0-4ba9-a018-aa1be977e5fd""}",2026-02-15T09:40:33.315168258Z
"  File ""/usr/local/lib/python3.11/site-packages/django/utils/asyncio.py"", line 26, in inner","{""level"":""error""}","{""project"":""70a52d41-885a-4854-b650-392635199b54"",""environment"":""67be7a60-8b6c-4987-8690-dbef25befe73"",""service"":""0f0f8a2f-9703-4f78-a3ed-8fcc57a55f5a"",""deployment"":""7bae97c9-ccbe-49fe-a672-c3ea4a2a6d1e"",""replica"":""5a8db334-f6d0-4ba9-a018-aa1be977e5fd""}",2026-02-15T09:40:33.315172318Z
"    return func(*args, **kwargs)","{""level"":""error""}","{""project"":""70a52d41-885a-4854-b650-392635199b54"",""environment"":""67be7a60-8b6c-4987-8690-dbef25befe73"",""service"":""0f0f8a2f-9703-4f78-a3ed-8fcc57a55f5a"",""deployment"":""7bae97c9-ccbe-49fe-a672-c3ea4a2a6d1e"",""replica"":""5a8db334-f6d0-4ba9-a018-aa1be977e5fd""}",2026-02-15T09:40:33.315176898Z
           ^^^^^^^^^^^^^^^^^^^^^,"{""level"":""error""}","{""project"":""70a52d41-885a-4854-b650-392635199b54"",""environment"":""67be7a60-8b6c-4987-8690-dbef25befe73"",""service"":""0f0f8a2f-9703-4f78-a3ed-8fcc57a55f5a"",""deployment"":""7bae97c9-ccbe-49fe-a672-c3ea4a2a6d1e"",""replica"":""5a8db334-f6d0-4ba9-a018-aa1be977e5fd""}",2026-02-15T09:40:33.315180968Z
"  File ""/usr/local/lib/python3.11/site-packages/django/db/backends/base/base.py"", line 320, in cursor","{""level"":""error""}","{""project"":""70a52d41-885a-4854-b650-392635199b54"",""environment"":""67be7a60-8b6c-4987-8690-dbef25befe73"",""service"":""0f0f8a2f-9703-4f78-a3ed-8fcc57a55f5a"",""deployment"":""7bae97c9-ccbe-49fe-a672-c3ea4a2a6d1e"",""replica"":""5a8db334-f6d0-4ba9-a018-aa1be977e5fd""}",2026-02-15T09:40:33.315185368Z
    return self._cursor(),"{""level"":""error""}","{""project"":""70a52d41-885a-4854-b650-392635199b54"",""environment"":""67be7a60-8b6c-4987-8690-dbef25befe73"",""service"":""0f0f8a2f-9703-4f78-a3ed-8fcc57a55f5a"",""deployment"":""7bae97c9-ccbe-49fe-a672-c3ea4a2a6d1e"",""replica"":""5a8db334-f6d0-4ba9-a018-aa1be977e5fd""}",2026-02-15T09:40:33.315189218Z
           ^^^^^^^^^^^^^^,"{""level"":""error""}","{""project"":""70a52d41-885a-4854-b650-392635199b54"",""environment"":""67be7a60-8b6c-4987-8690-dbef25befe73"",""service"":""0f0f8a2f-9703-4f78-a3ed-8fcc57a55f5a"",""deployment"":""7bae97c9-ccbe-49fe-a672-c3ea4a2a6d1e"",""replica"":""5a8db334-f6d0-4ba9-a018-aa1be977e5fd""}",2026-02-15T09:40:33.315192908Z
"  File ""/usr/local/lib/python3.11/site-packages/django/db/backends/base/base.py"", line 296, in _cursor","{""level"":""error""}","{""project"":""70a52d41-885a-4854-b650-392635199b54"",""environment"":""67be7a60-8b6c-4987-8690-dbef25befe73"",""service"":""0f0f8a2f-9703-4f78-a3ed-8fcc57a55f5a"",""deployment"":""7bae97c9-ccbe-49fe-a672-c3ea4a2a6d1e"",""replica"":""5a8db334-f6d0-4ba9-a018-aa1be977e5fd""}",2026-02-15T09:40:33.315196618Z
    self.ensure_connection(),"{""level"":""error""}","{""project"":""70a52d41-885a-4854-b650-392635199b54"",""environment"":""67be7a60-8b6c-4987-8690-dbef25befe73"",""service"":""0f0f8a2f-9703-4f78-a3ed-8fcc57a55f5a"",""deployment"":""7bae97c9-ccbe-49fe-a672-c3ea4a2a6d1e"",""replica"":""5a8db334-f6d0-4ba9-a018-aa1be977e5fd""}",2026-02-15T09:40:33.315977758Z
"  File ""/usr/local/lib/python3.11/site-packages/django/utils/asyncio.py"", line 26, in inner","{""level"":""error""}","{""project"":""70a52d41-885a-4854-b650-392635199b54"",""environment"":""67be7a60-8b6c-4987-8690-dbef25befe73"",""service"":""0f0f8a2f-9703-4f78-a3ed-8fcc57a55f5a"",""deployment"":""7bae97c9-ccbe-49fe-a672-c3ea4a2a6d1e"",""replica"":""5a8db334-f6d0-4ba9-a018-aa1be977e5fd""}",2026-02-15T09:40:33.315986608Z
"    return func(*args, **kwargs)","{""level"":""error""}","{""project"":""70a52d41-885a-4854-b650-392635199b54"",""environment"":""67be7a60-8b6c-4987-8690-dbef25befe73"",""service"":""0f0f8a2f-9703-4f78-a3ed-8fcc57a55f5a"",""deployment"":""7bae97c9-ccbe-49fe-a672-c3ea4a2a6d1e"",""replica"":""5a8db334-f6d0-4ba9-a018-aa1be977e5fd""}",2026-02-15T09:40:33.315994808Z
           ^^^^^^^^^^^^^^^^^^^^^,"{""level"":""error""}","{""project"":""70a52d41-885a-4854-b650-392635199b54"",""environment"":""67be7a60-8b6c-4987-8690-dbef25befe73"",""service"":""0f0f8a2f-9703-4f78-a3ed-8fcc57a55f5a"",""deployment"":""7bae97c9-ccbe-49fe-a672-c3ea4a2a6d1e"",""replica"":""5a8db334-f6d0-4ba9-a018-aa1be977e5fd""}",2026-02-15T09:40:33.316000398Z
"  File ""/usr/local/lib/python3.11/site-packages/django/db/backends/base/base.py"", line 278, in ensure_connection","{""level"":""error""}","{""project"":""70a52d41-885a-4854-b650-392635199b54"",""environment"":""67be7a60-8b6c-4987-8690-dbef25befe73"",""service"":""0f0f8a2f-9703-4f78-a3ed-8fcc57a55f5a"",""deployment"":""7bae97c9-ccbe-49fe-a672-c3ea4a2a6d1e"",""replica"":""5a8db334-f6d0-4ba9-a018-aa1be977e5fd""}",2026-02-15T09:40:33.316005668Z
    with self.wrap_database_errors:,"{""level"":""error""}","{""project"":""70a52d41-885a-4854-b650-392635199b54"",""environment"":""67be7a60-8b6c-4987-8690-dbef25befe73"",""service"":""0f0f8a2f-9703-4f78-a3ed-8fcc57a55f5a"",""deployment"":""7bae97c9-ccbe-49fe-a672-c3ea4a2a6d1e"",""replica"":""5a8db334-f6d0-4ba9-a018-aa1be977e5fd""}",2026-02-15T09:40:33.316012078Z
"  File ""/usr/local/lib/python3.11/site-packages/django/db/utils.py"", line 91, in __exit__","{""level"":""error""}","{""project"":""70a52d41-885a-4854-b650-392635199b54"",""environment"":""67be7a60-8b6c-4987-8690-dbef25befe73"",""service"":""0f0f8a2f-9703-4f78-a3ed-8fcc57a55f5a"",""deployment"":""7bae97c9-ccbe-49fe-a672-c3ea4a2a6d1e"",""replica"":""5a8db334-f6d0-4ba9-a018-aa1be977e5fd""}",2026-02-15T09:40:33.316017268Z
    raise dj_exc_value.with_traceback(traceback) from exc_value,"{""level"":""error""}","{""project"":""70a52d41-885a-4854-b650-392635199b54"",""environment"":""67be7a60-8b6c-4987-8690-dbef25befe73"",""service"":""0f0f8a2f-9703-4f78-a3ed-8fcc57a55f5a"",""deployment"":""7bae97c9-ccbe-49fe-a672-c3ea4a2a6d1e"",""replica"":""5a8db334-f6d0-4ba9-a018-aa1be977e5fd""}",2026-02-15T09:40:33.316022608Z
"  File ""/usr/local/lib/python3.11/site-packages/django/db/backends/base/base.py"", line 279, in ensure_connection","{""level"":""error""}","{""project"":""70a52d41-885a-4854-b650-392635199b54"",""environment"":""67be7a60-8b6c-4987-8690-dbef25befe73"",""service"":""0f0f8a2f-9703-4f78-a3ed-8fcc57a55f5a"",""deployment"":""7bae97c9-ccbe-49fe-a672-c3ea4a2a6d1e"",""replica"":""5a8db334-f6d0-4ba9-a018-aa1be977e5fd""}",2026-02-15T09:40:33.316027798Z
    self.connect(),"{""level"":""error""}","{""project"":""70a52d41-885a-4854-b650-392635199b54"",""environment"":""67be7a60-8b6c-4987-8690-dbef25befe73"",""service"":""0f0f8a2f-9703-4f78-a3ed-8fcc57a55f5a"",""deployment"":""7bae97c9-ccbe-49fe-a672-c3ea4a2a6d1e"",""replica"":""5a8db334-f6d0-4ba9-a018-aa1be977e5fd""}",2026-02-15T09:40:33.316033188Z
"  File ""/usr/local/lib/python3.11/site-packages/django/utils/asyncio.py"", line 26, in inner","{""level"":""error""}","{""project"":""70a52d41-885a-4854-b650-392635199b54"",""environment"":""67be7a60-8b6c-4987-8690-dbef25befe73"",""service"":""0f0f8a2f-9703-4f78-a3ed-8fcc57a55f5a"",""deployment"":""7bae97c9-ccbe-49fe-a672-c3ea4a2a6d1e"",""replica"":""5a8db334-f6d0-4ba9-a018-aa1be977e5fd""}",2026-02-15T09:40:33.316038508Z
"    return func(*args, **kwargs)","{""level"":""error""}","{""project"":""70a52d41-885a-4854-b650-392635199b54"",""environment"":""67be7a60-8b6c-4987-8690-dbef25befe73"",""service"":""0f0f8a2f-9703-4f78-a3ed-8fcc57a55f5a"",""deployment"":""7bae97c9-ccbe-49fe-a672-c3ea4a2a6d1e"",""replica"":""5a8db334-f6d0-4ba9-a018-aa1be977e5fd""}",2026-02-15T09:40:33.316045338Z
           ^^^^^^^^^^^^^^^^^^^^^,"{""level"":""error""}","{""project"":""70a52d41-885a-4854-b650-392635199b54"",""environment"":""67be7a60-8b6c-4987-8690-dbef25befe73"",""service"":""0f0f8a2f-9703-4f78-a3ed-8fcc57a55f5a"",""deployment"":""7bae97c9-ccbe-49fe-a672-c3ea4a2a6d1e"",""replica"":""5a8db334-f6d0-4ba9-a018-aa1be977e5fd""}",2026-02-15T09:40:33.316103168Z
"  File ""/usr/local/lib/python3.11/site-packages/django/db/backends/base/base.py"", line 256, in connect","{""level"":""error""}","{""project"":""70a52d41-885a-4854-b650-392635199b54"",""environment"":""67be7a60-8b6c-4987-8690-dbef25befe73"",""service"":""0f0f8a2f-9703-4f78-a3ed-8fcc57a55f5a"",""deployment"":""7bae97c9-ccbe-49fe-a672-c3ea4a2a6d1e"",""replica"":""5a8db334-f6d0-4ba9-a018-aa1be977e5fd""}",2026-02-15T09:40:33.316109058Z
    self.connection = self.get_new_connection(conn_params),"{""level"":""error""}","{""project"":""70a52d41-885a-4854-b650-392635199b54"",""environment"":""67be7a60-8b6c-4987-8690-dbef25befe73"",""service"":""0f0f8a2f-9703-4f78-a3ed-8fcc57a55f5a"",""deployment"":""7bae97c9-ccbe-49fe-a672-c3ea4a2a6d1e"",""replica"":""5a8db334-f6d0-4ba9-a018-aa1be977e5fd""}",2026-02-15T09:40:33.316114388Z
                      ^^^^^^^^^^^^^^^^^^^^^^^^^^^^^^^^^^^^,"{""level"":""error""}","{""project"":""70a52d41-885a-4854-b650-392635199b54"",""environment"":""67be7a60-8b6c-4987-8690-dbef25befe73"",""service"":""0f0f8a2f-9703-4f78-a3ed-8fcc57a55f5a"",""deployment"":""7bae97c9-ccbe-49fe-a672-c3ea4a2a6d1e"",""replica"":""5a8db334-f6d0-4ba9-a018-aa1be977e5fd""}",2026-02-15T09:40:33.316119778Z
"  File ""/usr/local/lib/python3.11/site-packages/django/utils/asyncio.py"", line 26, in inner","{""level"":""error""}","{""project"":""70a52d41-885a-4854-b650-392635199b54"",""environment"":""67be7a60-8b6c-4987-8690-dbef25befe73"",""service"":""0f0f8a2f-9703-4f78-a3ed-8fcc57a55f5a"",""deployment"":""7bae97c9-ccbe-49fe-a672-c3ea4a2a6d1e"",""replica"":""5a8db334-f6d0-4ba9-a018-aa1be977e5fd""}",2026-02-15T09:40:33.316125198Z
"    return func(*args, **kwargs)","{""level"":""error""}","{""project"":""70a52d41-885a-4854-b650-392635199b54"",""environment"":""67be7a60-8b6c-4987-8690-dbef25befe73"",""service"":""0f0f8a2f-9703-4f78-a3ed-8fcc57a55f5a"",""deployment"":""7bae97c9-ccbe-49fe-a672-c3ea4a2a6d1e"",""replica"":""5a8db334-f6d0-4ba9-a018-aa1be977e5fd""}",2026-02-15T09:40:33.316131078Z
           ^^^^^^^^^^^^^^^^^^^^^,"{""level"":""error""}","{""project"":""70a52d41-885a-4854-b650-392635199b54"",""environment"":""67be7a60-8b6c-4987-8690-dbef25befe73"",""service"":""0f0f8a2f-9703-4f78-a3ed-8fcc57a55f5a"",""deployment"":""7bae97c9-ccbe-49fe-a672-c3ea4a2a6d1e"",""replica"":""5a8db334-f6d0-4ba9-a018-aa1be977e5fd""}",2026-02-15T09:40:33.316136458Z
"  File ""/usr/local/lib/python3.11/site-packages/django/db/backends/postgresql/base.py"", line 332, in get_new_connection","{""level"":""error""}","{""project"":""70a52d41-885a-4854-b650-392635199b54"",""environment"":""67be7a60-8b6c-4987-8690-dbef25befe73"",""service"":""0f0f8a2f-9703-4f78-a3ed-8fcc57a55f5a"",""deployment"":""7bae97c9-ccbe-49fe-a672-c3ea4a2a6d1e"",""replica"":""5a8db334-f6d0-4ba9-a018-aa1be977e5fd""}",2026-02-15T09:40:33.316142508Z
    connection = self.Database.connect(**conn_params),"{""level"":""error""}","{""project"":""70a52d41-885a-4854-b650-392635199b54"",""environment"":""67be7a60-8b6c-4987-8690-dbef25befe73"",""service"":""0f0f8a2f-9703-4f78-a3ed-8fcc57a55f5a"",""deployment"":""7bae97c9-ccbe-49fe-a672-c3ea4a2a6d1e"",""replica"":""5a8db334-f6d0-4ba9-a018-aa1be977e5fd""}",2026-02-15T09:40:33.316809398Z
                 ^^^^^^^^^^^^^^^^^^^^^^^^^^^^^^^^^^^^,"{""level"":""error""}","{""project"":""70a52d41-885a-4854-b650-392635199b54"",""environment"":""67be7a60-8b6c-4987-8690-dbef25befe73"",""service"":""0f0f8a2f-9703-4f78-a3ed-8fcc57a55f5a"",""deployment"":""7bae97c9-ccbe-49fe-a672-c3ea4a2a6d1e"",""replica"":""5a8db334-f6d0-4ba9-a018-aa1be977e5fd""}",2026-02-15T09:40:33.316818878Z
"  File ""/usr/local/lib/python3.11/site-packages/psycopg2/__init__.py"", line 122, in connect","{""level"":""error""}","{""project"":""70a52d41-885a-4854-b650-392635199b54"",""environment"":""67be7a60-8b6c-4987-8690-dbef25befe73"",""service"":""0f0f8a2f-9703-4f78-a3ed-8fcc57a55f5a"",""deployment"":""7bae97c9-ccbe-49fe-a672-c3ea4a2a6d1e"",""replica"":""5a8db334-f6d0-4ba9-a018-aa1be977e5fd""}",2026-02-15T09:40:33.316826147Z
"    conn = _connect(dsn, connection_factory=connection_factory, **kwasync)","{""level"":""error""}","{""project"":""70a52d41-885a-4854-b650-392635199b54"",""environment"":""67be7a60-8b6c-4987-8690-dbef25befe73"",""service"":""0f0f8a2f-9703-4f78-a3ed-8fcc57a55f5a"",""deployment"":""7bae97c9-ccbe-49fe-a672-c3ea4a2a6d1e"",""replica"":""5a8db334-f6d0-4ba9-a018-aa1be977e5fd""}",2026-02-15T09:40:33.316831938Z
           ^^^^^^^^^^^^^^^^^^^^^^^^^^^^^^^^^^^^^^^^^^^^^^^^^^^^^^^^^^^^^^^,"{""level"":""error""}","{""project"":""70a52d41-885a-4854-b650-392635199b54"",""environment"":""67be7a60-8b6c-4987-8690-dbef25befe73"",""service"":""0f0f8a2f-9703-4f78-a3ed-8fcc57a55f5a"",""deployment"":""7bae97c9-ccbe-49fe-a672-c3ea4a2a6d1e"",""replica"":""5a8db334-f6d0-4ba9-a018-aa1be977e5fd""}",2026-02-15T09:40:33.316838287Z
"django.db.utils.OperationalError: connection to server at ""15.164.188.235"", port 5432 failed: FATAL:  MaxClientsInSessionMode: max clients reached - in Session mode max clients are limited to pool_size","{""level"":""error""}","{""project"":""70a52d41-885a-4854-b650-392635199b54"",""environment"":""67be7a60-8b6c-4987-8690-dbef25befe73"",""service"":""0f0f8a2f-9703-4f78-a3ed-8fcc57a55f5a"",""deployment"":""7bae97c9-ccbe-49fe-a672-c3ea4a2a6d1e"",""replica"":""5a8db334-f6d0-4ba9-a018-aa1be977e5fd""}",2026-02-15T09:40:33.316843958Z
,"{""level"":""error""}","{""project"":""70a52d41-885a-4854-b650-392635199b54"",""environment"":""67be7a60-8b6c-4987-8690-dbef25befe73"",""service"":""0f0f8a2f-9703-4f78-a3ed-8fcc57a55f5a"",""deployment"":""7bae97c9-ccbe-49fe-a672-c3ea4a2a6d1e"",""replica"":""5a8db334-f6d0-4ba9-a018-aa1be977e5fd""}",2026-02-15T09:40:33.316849807Z
Internal Server Error: /api/community/ghosts/me/,"{""level"":""error""}","{""project"":""70a52d41-885a-4854-b650-392635199b54"",""environment"":""67be7a60-8b6c-4987-8690-dbef25befe73"",""service"":""0f0f8a2f-9703-4f78-a3ed-8fcc57a55f5a"",""deployment"":""7bae97c9-ccbe-49fe-a672-c3ea4a2a6d1e"",""replica"":""5a8db334-f6d0-4ba9-a018-aa1be977e5fd""}",2026-02-15T09:40:33.316855347Z
Traceback (most recent call last):,"{""level"":""error""}","{""project"":""70a52d41-885a-4854-b650-392635199b54"",""environment"":""67be7a60-8b6c-4987-8690-dbef25befe73"",""service"":""0f0f8a2f-9703-4f78-a3ed-8fcc57a55f5a"",""deployment"":""7bae97c9-ccbe-49fe-a672-c3ea4a2a6d1e"",""replica"":""5a8db334-f6d0-4ba9-a018-aa1be977e5fd""}",2026-02-15T09:40:33.316860867Z
"  File ""/usr/local/lib/python3.11/site-packages/django/db/backends/base/base.py"", line 279, in ensure_connection","{""level"":""error""}","{""project"":""70a52d41-885a-4854-b650-392635199b54"",""environment"":""67be7a60-8b6c-4987-8690-dbef25befe73"",""service"":""0f0f8a2f-9703-4f78-a3ed-8fcc57a55f5a"",""deployment"":""7bae97c9-ccbe-49fe-a672-c3ea4a2a6d1e"",""replica"":""5a8db334-f6d0-4ba9-a018-aa1be977e5fd""}",2026-02-15T09:40:33.316866738Z
    self.connect(),"{""level"":""error""}","{""project"":""70a52d41-885a-4854-b650-392635199b54"",""environment"":""67be7a60-8b6c-4987-8690-dbef25befe73"",""service"":""0f0f8a2f-9703-4f78-a3ed-8fcc57a55f5a"",""deployment"":""7bae97c9-ccbe-49fe-a672-c3ea4a2a6d1e"",""replica"":""5a8db334-f6d0-4ba9-a018-aa1be977e5fd""}",2026-02-15T09:40:33.316872307Z
"  File ""/usr/local/lib/python3.11/site-packages/django/utils/asyncio.py"", line 26, in inner","{""level"":""error""}","{""project"":""70a52d41-885a-4854-b650-392635199b54"",""environment"":""67be7a60-8b6c-4987-8690-dbef25befe73"",""service"":""0f0f8a2f-9703-4f78-a3ed-8fcc57a55f5a"",""deployment"":""7bae97c9-ccbe-49fe-a672-c3ea4a2a6d1e"",""replica"":""5a8db334-f6d0-4ba9-a018-aa1be977e5fd""}",2026-02-15T09:40:33.316877967Z
"    return func(*args, **kwargs)","{""level"":""error""}","{""project"":""70a52d41-885a-4854-b650-392635199b54"",""environment"":""67be7a60-8b6c-4987-8690-dbef25befe73"",""service"":""0f0f8a2f-9703-4f78-a3ed-8fcc57a55f5a"",""deployment"":""7bae97c9-ccbe-49fe-a672-c3ea4a2a6d1e"",""replica"":""5a8db334-f6d0-4ba9-a018-aa1be977e5fd""}",2026-02-15T09:40:33.316883807Z
           ^^^^^^^^^^^^^^^^^^^^^,"{""level"":""error""}","{""project"":""70a52d41-885a-4854-b650-392635199b54"",""environment"":""67be7a60-8b6c-4987-8690-dbef25befe73"",""service"":""0f0f8a2f-9703-4f78-a3ed-8fcc57a55f5a"",""deployment"":""7bae97c9-ccbe-49fe-a672-c3ea4a2a6d1e"",""replica"":""5a8db334-f6d0-4ba9-a018-aa1be977e5fd""}",2026-02-15T09:40:33.316888438Z
"  File ""/usr/local/lib/python3.11/site-packages/django/db/backends/base/base.py"", line 256, in connect","{""level"":""error""}","{""project"":""70a52d41-885a-4854-b650-392635199b54"",""environment"":""67be7a60-8b6c-4987-8690-dbef25befe73"",""service"":""0f0f8a2f-9703-4f78-a3ed-8fcc57a55f5a"",""deployment"":""7bae97c9-ccbe-49fe-a672-c3ea4a2a6d1e"",""replica"":""5a8db334-f6d0-4ba9-a018-aa1be977e5fd""}",2026-02-15T09:40:33.316891887Z
    self.connection = self.get_new_connection(conn_params),"{""level"":""error""}","{""project"":""70a52d41-885a-4854-b650-392635199b54"",""environment"":""67be7a60-8b6c-4987-8690-dbef25befe73"",""service"":""0f0f8a2f-9703-4f78-a3ed-8fcc57a55f5a"",""deployment"":""7bae97c9-ccbe-49fe-a672-c3ea4a2a6d1e"",""replica"":""5a8db334-f6d0-4ba9-a018-aa1be977e5fd""}",2026-02-15T09:40:33.316895367Z
                      ^^^^^^^^^^^^^^^^^^^^^^^^^^^^^^^^^^^^,"{""level"":""error""}","{""project"":""70a52d41-885a-4854-b650-392635199b54"",""environment"":""67be7a60-8b6c-4987-8690-dbef25befe73"",""service"":""0f0f8a2f-9703-4f78-a3ed-8fcc57a55f5a"",""deployment"":""7bae97c9-ccbe-49fe-a672-c3ea4a2a6d1e"",""replica"":""5a8db334-f6d0-4ba9-a018-aa1be977e5fd""}",2026-02-15T09:40:33.316898967Z
"  File ""/usr/local/lib/python3.11/site-packages/django/utils/asyncio.py"", line 26, in inner","{""level"":""error""}","{""project"":""70a52d41-885a-4854-b650-392635199b54"",""environment"":""67be7a60-8b6c-4987-8690-dbef25befe73"",""service"":""0f0f8a2f-9703-4f78-a3ed-8fcc57a55f5a"",""deployment"":""7bae97c9-ccbe-49fe-a672-c3ea4a2a6d1e"",""replica"":""5a8db334-f6d0-4ba9-a018-aa1be977e5fd""}",2026-02-15T09:40:33.316902558Z
"  File ""/usr/local/lib/python3.11/site-packages/asgiref/sync.py"", line 557, in thread_handler","{""level"":""error""}","{""project"":""70a52d41-885a-4854-b650-392635199b54"",""environment"":""67be7a60-8b6c-4987-8690-dbef25befe73"",""service"":""0f0f8a2f-9703-4f78-a3ed-8fcc57a55f5a"",""deployment"":""7bae97c9-ccbe-49fe-a672-c3ea4a2a6d1e"",""replica"":""5a8db334-f6d0-4ba9-a018-aa1be977e5fd""}",2026-02-15T09:40:33.317851367Z
"    return func(*args, **kwargs)","{""level"":""error""}","{""project"":""70a52d41-885a-4854-b650-392635199b54"",""environment"":""67be7a60-8b6c-4987-8690-dbef25befe73"",""service"":""0f0f8a2f-9703-4f78-a3ed-8fcc57a55f5a"",""deployment"":""7bae97c9-ccbe-49fe-a672-c3ea4a2a6d1e"",""replica"":""5a8db334-f6d0-4ba9-a018-aa1be977e5fd""}",2026-02-15T09:40:33.317855367Z
           ^^^^^^^^^^^^^^^^^^^^^,"{""level"":""error""}","{""project"":""70a52d41-885a-4854-b650-392635199b54"",""environment"":""67be7a60-8b6c-4987-8690-dbef25befe73"",""service"":""0f0f8a2f-9703-4f78-a3ed-8fcc57a55f5a"",""deployment"":""7bae97c9-ccbe-49fe-a672-c3ea4a2a6d1e"",""replica"":""5a8db334-f6d0-4ba9-a018-aa1be977e5fd""}",2026-02-15T09:40:33.317864167Z
"  File ""/usr/local/lib/python3.11/site-packages/django/db/backends/postgresql/base.py"", line 332, in get_new_connection","{""level"":""error""}","{""project"":""70a52d41-885a-4854-b650-392635199b54"",""environment"":""67be7a60-8b6c-4987-8690-dbef25befe73"",""service"":""0f0f8a2f-9703-4f78-a3ed-8fcc57a55f5a"",""deployment"":""7bae97c9-ccbe-49fe-a672-c3ea4a2a6d1e"",""replica"":""5a8db334-f6d0-4ba9-a018-aa1be977e5fd""}",2026-02-15T09:40:33.317870227Z
    connection = self.Database.connect(**conn_params),"{""level"":""error""}","{""project"":""70a52d41-885a-4854-b650-392635199b54"",""environment"":""67be7a60-8b6c-4987-8690-dbef25befe73"",""service"":""0f0f8a2f-9703-4f78-a3ed-8fcc57a55f5a"",""deployment"":""7bae97c9-ccbe-49fe-a672-c3ea4a2a6d1e"",""replica"":""5a8db334-f6d0-4ba9-a018-aa1be977e5fd""}",2026-02-15T09:40:33.317875867Z
                 ^^^^^^^^^^^^^^^^^^^^^^^^^^^^^^^^^^^^,"{""level"":""error""}","{""project"":""70a52d41-885a-4854-b650-392635199b54"",""environment"":""67be7a60-8b6c-4987-8690-dbef25befe73"",""service"":""0f0f8a2f-9703-4f78-a3ed-8fcc57a55f5a"",""deployment"":""7bae97c9-ccbe-49fe-a672-c3ea4a2a6d1e"",""replica"":""5a8db334-f6d0-4ba9-a018-aa1be977e5fd""}",2026-02-15T09:40:33.317881637Z
"  File ""/usr/local/lib/python3.11/site-packages/psycopg2/__init__.py"", line 122, in connect","{""level"":""error""}","{""project"":""70a52d41-885a-4854-b650-392635199b54"",""environment"":""67be7a60-8b6c-4987-8690-dbef25befe73"",""service"":""0f0f8a2f-9703-4f78-a3ed-8fcc57a55f5a"",""deployment"":""7bae97c9-ccbe-49fe-a672-c3ea4a2a6d1e"",""replica"":""5a8db334-f6d0-4ba9-a018-aa1be977e5fd""}",2026-02-15T09:40:33.317887007Z
"    conn = _connect(dsn, connection_factory=connection_factory, **kwasync)","{""level"":""error""}","{""project"":""70a52d41-885a-4854-b650-392635199b54"",""environment"":""67be7a60-8b6c-4987-8690-dbef25befe73"",""service"":""0f0f8a2f-9703-4f78-a3ed-8fcc57a55f5a"",""deployment"":""7bae97c9-ccbe-49fe-a672-c3ea4a2a6d1e"",""replica"":""5a8db334-f6d0-4ba9-a018-aa1be977e5fd""}",2026-02-15T09:40:33.317892267Z
           ^^^^^^^^^^^^^^^^^^^^^^^^^^^^^^^^^^^^^^^^^^^^^^^^^^^^^^^^^^^^^^^,"{""level"":""error""}","{""project"":""70a52d41-885a-4854-b650-392635199b54"",""environment"":""67be7a60-8b6c-4987-8690-dbef25befe73"",""service"":""0f0f8a2f-9703-4f78-a3ed-8fcc57a55f5a"",""deployment"":""7bae97c9-ccbe-49fe-a672-c3ea4a2a6d1e"",""replica"":""5a8db334-f6d0-4ba9-a018-aa1be977e5fd""}",2026-02-15T09:40:33.317897737Z
"psycopg2.OperationalError: connection to server at ""15.164.188.235"", port 5432 failed: FATAL:  MaxClientsInSessionMode: max clients reached - in Session mode max clients are limited to pool_size","{""level"":""error""}","{""project"":""70a52d41-885a-4854-b650-392635199b54"",""environment"":""67be7a60-8b6c-4987-8690-dbef25befe73"",""service"":""0f0f8a2f-9703-4f78-a3ed-8fcc57a55f5a"",""deployment"":""7bae97c9-ccbe-49fe-a672-c3ea4a2a6d1e"",""replica"":""5a8db334-f6d0-4ba9-a018-aa1be977e5fd""}",2026-02-15T09:40:33.317903107Z
,"{""level"":""error""}","{""project"":""70a52d41-885a-4854-b650-392635199b54"",""environment"":""67be7a60-8b6c-4987-8690-dbef25befe73"",""service"":""0f0f8a2f-9703-4f78-a3ed-8fcc57a55f5a"",""deployment"":""7bae97c9-ccbe-49fe-a672-c3ea4a2a6d1e"",""replica"":""5a8db334-f6d0-4ba9-a018-aa1be977e5fd""}",2026-02-15T09:40:33.317908647Z
,"{""level"":""error""}","{""project"":""70a52d41-885a-4854-b650-392635199b54"",""environment"":""67be7a60-8b6c-4987-8690-dbef25befe73"",""service"":""0f0f8a2f-9703-4f78-a3ed-8fcc57a55f5a"",""deployment"":""7bae97c9-ccbe-49fe-a672-c3ea4a2a6d1e"",""replica"":""5a8db334-f6d0-4ba9-a018-aa1be977e5fd""}",2026-02-15T09:40:33.317914327Z
The above exception was the direct cause of the following exception:,"{""level"":""error""}","{""project"":""70a52d41-885a-4854-b650-392635199b54"",""environment"":""67be7a60-8b6c-4987-8690-dbef25befe73"",""service"":""0f0f8a2f-9703-4f78-a3ed-8fcc57a55f5a"",""deployment"":""7bae97c9-ccbe-49fe-a672-c3ea4a2a6d1e"",""replica"":""5a8db334-f6d0-4ba9-a018-aa1be977e5fd""}",2026-02-15T09:40:33.317926927Z
,"{""level"":""error""}","{""project"":""70a52d41-885a-4854-b650-392635199b54"",""environment"":""67be7a60-8b6c-4987-8690-dbef25befe73"",""service"":""0f0f8a2f-9703-4f78-a3ed-8fcc57a55f5a"",""deployment"":""7bae97c9-ccbe-49fe-a672-c3ea4a2a6d1e"",""replica"":""5a8db334-f6d0-4ba9-a018-aa1be977e5fd""}",2026-02-15T09:40:33.317931427Z
Traceback (most recent call last):,"{""level"":""error""}","{""project"":""70a52d41-885a-4854-b650-392635199b54"",""environment"":""67be7a60-8b6c-4987-8690-dbef25befe73"",""service"":""0f0f8a2f-9703-4f78-a3ed-8fcc57a55f5a"",""deployment"":""7bae97c9-ccbe-49fe-a672-c3ea4a2a6d1e"",""replica"":""5a8db334-f6d0-4ba9-a018-aa1be977e5fd""}",2026-02-15T09:40:33.317935587Z
"  File ""/usr/local/lib/python3.11/site-packages/asgiref/sync.py"", line 557, in thread_handler","{""level"":""error""}","{""project"":""70a52d41-885a-4854-b650-392635199b54"",""environment"":""67be7a60-8b6c-4987-8690-dbef25befe73"",""service"":""0f0f8a2f-9703-4f78-a3ed-8fcc57a55f5a"",""deployment"":""7bae97c9-ccbe-49fe-a672-c3ea4a2a6d1e"",""replica"":""5a8db334-f6d0-4ba9-a018-aa1be977e5fd""}",2026-02-15T09:40:33.317939267Z
    raise exc_info[1],"{""level"":""error""}","{""project"":""70a52d41-885a-4854-b650-392635199b54"",""environment"":""67be7a60-8b6c-4987-8690-dbef25befe73"",""service"":""0f0f8a2f-9703-4f78-a3ed-8fcc57a55f5a"",""deployment"":""7bae97c9-ccbe-49fe-a672-c3ea4a2a6d1e"",""replica"":""5a8db334-f6d0-4ba9-a018-aa1be977e5fd""}",2026-02-15T09:40:33.317942937Z
"  File ""/usr/local/lib/python3.11/site-packages/django/core/handlers/exception.py"", line 42, in inner","{""level"":""error""}","{""project"":""70a52d41-885a-4854-b650-392635199b54"",""environment"":""67be7a60-8b6c-4987-8690-dbef25befe73"",""service"":""0f0f8a2f-9703-4f78-a3ed-8fcc57a55f5a"",""deployment"":""7bae97c9-ccbe-49fe-a672-c3ea4a2a6d1e"",""replica"":""5a8db334-f6d0-4ba9-a018-aa1be977e5fd""}",2026-02-15T09:40:33.317946557Z
    response = await get_response(request),"{""level"":""error""}","{""project"":""70a52d41-885a-4854-b650-392635199b54"",""environment"":""67be7a60-8b6c-4987-8690-dbef25befe73"",""service"":""0f0f8a2f-9703-4f78-a3ed-8fcc57a55f5a"",""deployment"":""7bae97c9-ccbe-49fe-a672-c3ea4a2a6d1e"",""replica"":""5a8db334-f6d0-4ba9-a018-aa1be977e5fd""}",2026-02-15T09:40:33.317953967Z
               ^^^^^^^^^^^^^^^^^^^^^^^^^^^,"{""level"":""error""}","{""project"":""70a52d41-885a-4854-b650-392635199b54"",""environment"":""67be7a60-8b6c-4987-8690-dbef25befe73"",""service"":""0f0f8a2f-9703-4f78-a3ed-8fcc57a55f5a"",""deployment"":""7bae97c9-ccbe-49fe-a672-c3ea4a2a6d1e"",""replica"":""5a8db334-f6d0-4ba9-a018-aa1be977e5fd""}",2026-02-15T09:40:33.317957687Z
    raise exc_info[1],"{""level"":""error""}","{""project"":""70a52d41-885a-4854-b650-392635199b54"",""environment"":""67be7a60-8b6c-4987-8690-dbef25befe73"",""service"":""0f0f8a2f-9703-4f78-a3ed-8fcc57a55f5a"",""deployment"":""7bae97c9-ccbe-49fe-a672-c3ea4a2a6d1e"",""replica"":""5a8db334-f6d0-4ba9-a018-aa1be977e5fd""}",2026-02-15T09:40:33.318707677Z
"  File ""/usr/local/lib/python3.11/site-packages/django/core/handlers/base.py"", line 253, in _get_response_async","{""level"":""error""}","{""project"":""70a52d41-885a-4854-b650-392635199b54"",""environment"":""67be7a60-8b6c-4987-8690-dbef25befe73"",""service"":""0f0f8a2f-9703-4f78-a3ed-8fcc57a55f5a"",""deployment"":""7bae97c9-ccbe-49fe-a672-c3ea4a2a6d1e"",""replica"":""5a8db334-f6d0-4ba9-a018-aa1be977e5fd""}",2026-02-15T09:40:33.318716357Z
    response = await wrapped_callback(,"{""level"":""error""}","{""project"":""70a52d41-885a-4854-b650-392635199b54"",""environment"":""67be7a60-8b6c-4987-8690-dbef25befe73"",""service"":""0f0f8a2f-9703-4f78-a3ed-8fcc57a55f5a"",""deployment"":""7bae97c9-ccbe-49fe-a672-c3ea4a2a6d1e"",""replica"":""5a8db334-f6d0-4ba9-a018-aa1be977e5fd""}",2026-02-15T09:40:33.318724427Z
               ^^^^^^^^^^^^^^^^^^^^^^^,"{""level"":""error""}","{""project"":""70a52d41-885a-4854-b650-392635199b54"",""environment"":""67be7a60-8b6c-4987-8690-dbef25befe73"",""service"":""0f0f8a2f-9703-4f78-a3ed-8fcc57a55f5a"",""deployment"":""7bae97c9-ccbe-49fe-a672-c3ea4a2a6d1e"",""replica"":""5a8db334-f6d0-4ba9-a018-aa1be977e5fd""}",2026-02-15T09:40:33.318731227Z
"  File ""/usr/local/lib/python3.11/site-packages/asgiref/sync.py"", line 506, in __call__","{""level"":""error""}","{""project"":""70a52d41-885a-4854-b650-392635199b54"",""environment"":""67be7a60-8b6c-4987-8690-dbef25befe73"",""service"":""0f0f8a2f-9703-4f78-a3ed-8fcc57a55f5a"",""deployment"":""7bae97c9-ccbe-49fe-a672-c3ea4a2a6d1e"",""replica"":""5a8db334-f6d0-4ba9-a018-aa1be977e5fd""}",2026-02-15T09:40:33.318737077Z
    ret = await asyncio.shield(exec_coro),"{""level"":""error""}","{""project"":""70a52d41-885a-4854-b650-392635199b54"",""environment"":""67be7a60-8b6c-4987-8690-dbef25befe73"",""service"":""0f0f8a2f-9703-4f78-a3ed-8fcc57a55f5a"",""deployment"":""7bae97c9-ccbe-49fe-a672-c3ea4a2a6d1e"",""replica"":""5a8db334-f6d0-4ba9-a018-aa1be977e5fd""}",2026-02-15T09:40:33.318743027Z
          ^^^^^^^^^^^^^^^^^^^^^^^^^^^^^^^,"{""level"":""error""}","{""project"":""70a52d41-885a-4854-b650-392635199b54"",""environment"":""67be7a60-8b6c-4987-8690-dbef25befe73"",""service"":""0f0f8a2f-9703-4f78-a3ed-8fcc57a55f5a"",""deployment"":""7bae97c9-ccbe-49fe-a672-c3ea4a2a6d1e"",""replica"":""5a8db334-f6d0-4ba9-a018-aa1be977e5fd""}",2026-02-15T09:40:33.318749127Z
"  File ""/usr/local/lib/python3.11/site-packages/asgiref/current_thread_executor.py"", line 40, in run","{""level"":""error""}","{""project"":""70a52d41-885a-4854-b650-392635199b54"",""environment"":""67be7a60-8b6c-4987-8690-dbef25befe73"",""service"":""0f0f8a2f-9703-4f78-a3ed-8fcc57a55f5a"",""deployment"":""7bae97c9-ccbe-49fe-a672-c3ea4a2a6d1e"",""replica"":""5a8db334-f6d0-4ba9-a018-aa1be977e5fd""}",2026-02-15T09:40:33.318755977Z
"    result = self.fn(*self.args, **self.kwargs)","{""level"":""error""}","{""project"":""70a52d41-885a-4854-b650-392635199b54"",""environment"":""67be7a60-8b6c-4987-8690-dbef25befe73"",""service"":""0f0f8a2f-9703-4f78-a3ed-8fcc57a55f5a"",""deployment"":""7bae97c9-ccbe-49fe-a672-c3ea4a2a6d1e"",""replica"":""5a8db334-f6d0-4ba9-a018-aa1be977e5fd""}",2026-02-15T09:40:33.318762287Z
             ^^^^^^^^^^^^^^^^^^^^^^^^^^^^^^^^^^,"{""level"":""error""}","{""project"":""70a52d41-885a-4854-b650-392635199b54"",""environment"":""67be7a60-8b6c-4987-8690-dbef25befe73"",""service"":""0f0f8a2f-9703-4f78-a3ed-8fcc57a55f5a"",""deployment"":""7bae97c9-ccbe-49fe-a672-c3ea4a2a6d1e"",""replica"":""5a8db334-f6d0-4ba9-a018-aa1be977e5fd""}",2026-02-15T09:40:33.318767987Z
"  File ""/usr/local/lib/python3.11/site-packages/asgiref/sync.py"", line 561, in thread_handler","{""level"":""error""}","{""project"":""70a52d41-885a-4854-b650-392635199b54"",""environment"":""67be7a60-8b6c-4987-8690-dbef25befe73"",""service"":""0f0f8a2f-9703-4f78-a3ed-8fcc57a55f5a"",""deployment"":""7bae97c9-ccbe-49fe-a672-c3ea4a2a6d1e"",""replica"":""5a8db334-f6d0-4ba9-a018-aa1be977e5fd""}",2026-02-15T09:40:33.318774017Z
"    return func(*args, **kwargs)","{""level"":""error""}","{""project"":""70a52d41-885a-4854-b650-392635199b54"",""environment"":""67be7a60-8b6c-4987-8690-dbef25befe73"",""service"":""0f0f8a2f-9703-4f78-a3ed-8fcc57a55f5a"",""deployment"":""7bae97c9-ccbe-49fe-a672-c3ea4a2a6d1e"",""replica"":""5a8db334-f6d0-4ba9-a018-aa1be977e5fd""}",2026-02-15T09:40:33.318779947Z
           ^^^^^^^^^^^^^^^^^^^^^,"{""level"":""error""}","{""project"":""70a52d41-885a-4854-b650-392635199b54"",""environment"":""67be7a60-8b6c-4987-8690-dbef25befe73"",""service"":""0f0f8a2f-9703-4f78-a3ed-8fcc57a55f5a"",""deployment"":""7bae97c9-ccbe-49fe-a672-c3ea4a2a6d1e"",""replica"":""5a8db334-f6d0-4ba9-a018-aa1be977e5fd""}",2026-02-15T09:40:33.318786257Z
"  File ""/usr/local/lib/python3.11/site-packages/django/views/decorators/csrf.py"", line 65, in _view_wrapper","{""level"":""error""}","{""project"":""70a52d41-885a-4854-b650-392635199b54"",""environment"":""67be7a60-8b6c-4987-8690-dbef25befe73"",""service"":""0f0f8a2f-9703-4f78-a3ed-8fcc57a55f5a"",""deployment"":""7bae97c9-ccbe-49fe-a672-c3ea4a2a6d1e"",""replica"":""5a8db334-f6d0-4ba9-a018-aa1be977e5fd""}",2026-02-15T09:40:33.318791417Z
"    return view_func(request, *args, **kwargs)","{""level"":""error""}","{""project"":""70a52d41-885a-4854-b650-392635199b54"",""environment"":""67be7a60-8b6c-4987-8690-dbef25befe73"",""service"":""0f0f8a2f-9703-4f78-a3ed-8fcc57a55f5a"",""deployment"":""7bae97c9-ccbe-49fe-a672-c3ea4a2a6d1e"",""replica"":""5a8db334-f6d0-4ba9-a018-aa1be977e5fd""}",2026-02-15T09:40:33.318795057Z
           ^^^^^^^^^^^^^^^^^^^^^^^^^^^^^^^^^^^,"{""level"":""error""}","{""project"":""70a52d41-885a-4854-b650-392635199b54"",""environment"":""67be7a60-8b6c-4987-8690-dbef25befe73"",""service"":""0f0f8a2f-9703-4f78-a3ed-8fcc57a55f5a"",""deployment"":""7bae97c9-ccbe-49fe-a672-c3ea4a2a6d1e"",""replica"":""5a8db334-f6d0-4ba9-a018-aa1be977e5fd""}",2026-02-15T09:40:33.318799057Z
"  File ""/usr/local/lib/python3.11/site-packages/rest_framework/viewsets.py"", line 125, in view","{""level"":""error""}","{""project"":""70a52d41-885a-4854-b650-392635199b54"",""environment"":""67be7a60-8b6c-4987-8690-dbef25befe73"",""service"":""0f0f8a2f-9703-4f78-a3ed-8fcc57a55f5a"",""deployment"":""7bae97c9-ccbe-49fe-a672-c3ea4a2a6d1e"",""replica"":""5a8db334-f6d0-4ba9-a018-aa1be977e5fd""}",2026-02-15T09:40:33.318802757Z
"    return self.dispatch(request, *args, **kwargs)","{""level"":""error""}","{""project"":""70a52d41-885a-4854-b650-392635199b54"",""environment"":""67be7a60-8b6c-4987-8690-dbef25befe73"",""service"":""0f0f8a2f-9703-4f78-a3ed-8fcc57a55f5a"",""deployment"":""7bae97c9-ccbe-49fe-a672-c3ea4a2a6d1e"",""replica"":""5a8db334-f6d0-4ba9-a018-aa1be977e5fd""}",2026-02-15T09:40:33.318806587Z
           ^^^^^^^^^^^^^^^^^^^^^^^^^^^^^^^^^^^^^^^,"{""level"":""error""}","{""project"":""70a52d41-885a-4854-b650-392635199b54"",""environment"":""67be7a60-8b6c-4987-8690-dbef25befe73"",""service"":""0f0f8a2f-9703-4f78-a3ed-8fcc57a55f5a"",""deployment"":""7bae97c9-ccbe-49fe-a672-c3ea4a2a6d1e"",""replica"":""5a8db334-f6d0-4ba9-a018-aa1be977e5fd""}",2026-02-15T09:40:33.318810837Z
"  File ""/usr/local/lib/python3.11/site-packages/rest_framework/views.py"", line 515, in dispatch","{""level"":""error""}","{""project"":""70a52d41-885a-4854-b650-392635199b54"",""environment"":""67be7a60-8b6c-4987-8690-dbef25befe73"",""service"":""0f0f8a2f-9703-4f78-a3ed-8fcc57a55f5a"",""deployment"":""7bae97c9-ccbe-49fe-a672-c3ea4a2a6d1e"",""replica"":""5a8db334-f6d0-4ba9-a018-aa1be977e5fd""}",2026-02-15T09:40:33.318815217Z
                      ^^^^^^^^^^^^^^^^^^^^^^^^^^^^^^^^,"{""level"":""error""}","{""project"":""70a52d41-885a-4854-b650-392635199b54"",""environment"":""67be7a60-8b6c-4987-8690-dbef25befe73"",""service"":""0f0f8a2f-9703-4f78-a3ed-8fcc57a55f5a"",""deployment"":""7bae97c9-ccbe-49fe-a672-c3ea4a2a6d1e"",""replica"":""5a8db334-f6d0-4ba9-a018-aa1be977e5fd""}",2026-02-15T09:40:33.319526237Z
"  File ""/usr/local/lib/python3.11/site-packages/rest_framework_simplejwt/authentication.py"", line 51, in authenticate","{""level"":""error""}","{""project"":""70a52d41-885a-4854-b650-392635199b54"",""environment"":""67be7a60-8b6c-4987-8690-dbef25befe73"",""service"":""0f0f8a2f-9703-4f78-a3ed-8fcc57a55f5a"",""deployment"":""7bae97c9-ccbe-49fe-a672-c3ea4a2a6d1e"",""replica"":""5a8db334-f6d0-4ba9-a018-aa1be977e5fd""}",2026-02-15T09:40:33.319532737Z
"    return self.get_user(validated_token), validated_token","{""level"":""error""}","{""project"":""70a52d41-885a-4854-b650-392635199b54"",""environment"":""67be7a60-8b6c-4987-8690-dbef25befe73"",""service"":""0f0f8a2f-9703-4f78-a3ed-8fcc57a55f5a"",""deployment"":""7bae97c9-ccbe-49fe-a672-c3ea4a2a6d1e"",""replica"":""5a8db334-f6d0-4ba9-a018-aa1be977e5fd""}",2026-02-15T09:40:33.319538017Z
    response = self.handle_exception(exc),"{""level"":""error""}","{""project"":""70a52d41-885a-4854-b650-392635199b54"",""environment"":""67be7a60-8b6c-4987-8690-dbef25befe73"",""service"":""0f0f8a2f-9703-4f78-a3ed-8fcc57a55f5a"",""deployment"":""7bae97c9-ccbe-49fe-a672-c3ea4a2a6d1e"",""replica"":""5a8db334-f6d0-4ba9-a018-aa1be977e5fd""}",2026-02-15T09:40:33.319542367Z
               ^^^^^^^^^^^^^^^^^^^^^^^^^^,"{""level"":""error""}","{""project"":""70a52d41-885a-4854-b650-392635199b54"",""environment"":""67be7a60-8b6c-4987-8690-dbef25befe73"",""service"":""0f0f8a2f-9703-4f78-a3ed-8fcc57a55f5a"",""deployment"":""7bae97c9-ccbe-49fe-a672-c3ea4a2a6d1e"",""replica"":""5a8db334-f6d0-4ba9-a018-aa1be977e5fd""}",2026-02-15T09:40:33.319553027Z
"  File ""/usr/local/lib/python3.11/site-packages/rest_framework/views.py"", line 475, in handle_exception","{""level"":""error""}","{""project"":""70a52d41-885a-4854-b650-392635199b54"",""environment"":""67be7a60-8b6c-4987-8690-dbef25befe73"",""service"":""0f0f8a2f-9703-4f78-a3ed-8fcc57a55f5a"",""deployment"":""7bae97c9-ccbe-49fe-a672-c3ea4a2a6d1e"",""replica"":""5a8db334-f6d0-4ba9-a018-aa1be977e5fd""}",2026-02-15T09:40:33.319559607Z
    self.raise_uncaught_exception(exc),"{""level"":""error""}","{""project"":""70a52d41-885a-4854-b650-392635199b54"",""environment"":""67be7a60-8b6c-4987-8690-dbef25befe73"",""service"":""0f0f8a2f-9703-4f78-a3ed-8fcc57a55f5a"",""deployment"":""7bae97c9-ccbe-49fe-a672-c3ea4a2a6d1e"",""replica"":""5a8db334-f6d0-4ba9-a018-aa1be977e5fd""}",2026-02-15T09:40:33.319565207Z
"  File ""/usr/local/lib/python3.11/site-packages/rest_framework/views.py"", line 486, in raise_uncaught_exception","{""level"":""error""}","{""project"":""70a52d41-885a-4854-b650-392635199b54"",""environment"":""67be7a60-8b6c-4987-8690-dbef25befe73"",""service"":""0f0f8a2f-9703-4f78-a3ed-8fcc57a55f5a"",""deployment"":""7bae97c9-ccbe-49fe-a672-c3ea4a2a6d1e"",""replica"":""5a8db334-f6d0-4ba9-a018-aa1be977e5fd""}",2026-02-15T09:40:33.319570607Z
    raise exc,"{""level"":""error""}","{""project"":""70a52d41-885a-4854-b650-392635199b54"",""environment"":""67be7a60-8b6c-4987-8690-dbef25befe73"",""service"":""0f0f8a2f-9703-4f78-a3ed-8fcc57a55f5a"",""deployment"":""7bae97c9-ccbe-49fe-a672-c3ea4a2a6d1e"",""replica"":""5a8db334-f6d0-4ba9-a018-aa1be977e5fd""}",2026-02-15T09:40:33.319576777Z
"  File ""/usr/local/lib/python3.11/site-packages/rest_framework/views.py"", line 503, in dispatch","{""level"":""error""}","{""project"":""70a52d41-885a-4854-b650-392635199b54"",""environment"":""67be7a60-8b6c-4987-8690-dbef25befe73"",""service"":""0f0f8a2f-9703-4f78-a3ed-8fcc57a55f5a"",""deployment"":""7bae97c9-ccbe-49fe-a672-c3ea4a2a6d1e"",""replica"":""5a8db334-f6d0-4ba9-a018-aa1be977e5fd""}",2026-02-15T09:40:33.319582747Z
"    self.initial(request, *args, **kwargs)","{""level"":""error""}","{""project"":""70a52d41-885a-4854-b650-392635199b54"",""environment"":""67be7a60-8b6c-4987-8690-dbef25befe73"",""service"":""0f0f8a2f-9703-4f78-a3ed-8fcc57a55f5a"",""deployment"":""7bae97c9-ccbe-49fe-a672-c3ea4a2a6d1e"",""replica"":""5a8db334-f6d0-4ba9-a018-aa1be977e5fd""}",2026-02-15T09:40:33.319588207Z
"  File ""/usr/local/lib/python3.11/site-packages/rest_framework/views.py"", line 420, in initial","{""level"":""error""}","{""project"":""70a52d41-885a-4854-b650-392635199b54"",""environment"":""67be7a60-8b6c-4987-8690-dbef25befe73"",""service"":""0f0f8a2f-9703-4f78-a3ed-8fcc57a55f5a"",""deployment"":""7bae97c9-ccbe-49fe-a672-c3ea4a2a6d1e"",""replica"":""5a8db334-f6d0-4ba9-a018-aa1be977e5fd""}",2026-02-15T09:40:33.319593947Z
    self.perform_authentication(request),"{""level"":""error""}","{""project"":""70a52d41-885a-4854-b650-392635199b54"",""environment"":""67be7a60-8b6c-4987-8690-dbef25befe73"",""service"":""0f0f8a2f-9703-4f78-a3ed-8fcc57a55f5a"",""deployment"":""7bae97c9-ccbe-49fe-a672-c3ea4a2a6d1e"",""replica"":""5a8db334-f6d0-4ba9-a018-aa1be977e5fd""}",2026-02-15T09:40:33.319599677Z
"  File ""/usr/local/lib/python3.11/site-packages/rest_framework/views.py"", line 330, in perform_authentication","{""level"":""error""}","{""project"":""70a52d41-885a-4854-b650-392635199b54"",""environment"":""67be7a60-8b6c-4987-8690-dbef25befe73"",""service"":""0f0f8a2f-9703-4f78-a3ed-8fcc57a55f5a"",""deployment"":""7bae97c9-ccbe-49fe-a672-c3ea4a2a6d1e"",""replica"":""5a8db334-f6d0-4ba9-a018-aa1be977e5fd""}",2026-02-15T09:40:33.319605117Z
    request.user,"{""level"":""error""}","{""project"":""70a52d41-885a-4854-b650-392635199b54"",""environment"":""67be7a60-8b6c-4987-8690-dbef25befe73"",""service"":""0f0f8a2f-9703-4f78-a3ed-8fcc57a55f5a"",""deployment"":""7bae97c9-ccbe-49fe-a672-c3ea4a2a6d1e"",""replica"":""5a8db334-f6d0-4ba9-a018-aa1be977e5fd""}",2026-02-15T09:40:33.319610977Z
"  File ""/usr/local/lib/python3.11/site-packages/rest_framework/request.py"", line 232, in user","{""level"":""error""}","{""project"":""70a52d41-885a-4854-b650-392635199b54"",""environment"":""67be7a60-8b6c-4987-8690-dbef25befe73"",""service"":""0f0f8a2f-9703-4f78-a3ed-8fcc57a55f5a"",""deployment"":""7bae97c9-ccbe-49fe-a672-c3ea4a2a6d1e"",""replica"":""5a8db334-f6d0-4ba9-a018-aa1be977e5fd""}",2026-02-15T09:40:33.319616797Z
    self._authenticate(),"{""level"":""error""}","{""project"":""70a52d41-885a-4854-b650-392635199b54"",""environment"":""67be7a60-8b6c-4987-8690-dbef25befe73"",""service"":""0f0f8a2f-9703-4f78-a3ed-8fcc57a55f5a"",""deployment"":""7bae97c9-ccbe-49fe-a672-c3ea4a2a6d1e"",""replica"":""5a8db334-f6d0-4ba9-a018-aa1be977e5fd""}",2026-02-15T09:40:33.319621067Z
"  File ""/usr/local/lib/python3.11/site-packages/rest_framework/request.py"", line 385, in _authenticate","{""level"":""error""}","{""project"":""70a52d41-885a-4854-b650-392635199b54"",""environment"":""67be7a60-8b6c-4987-8690-dbef25befe73"",""service"":""0f0f8a2f-9703-4f78-a3ed-8fcc57a55f5a"",""deployment"":""7bae97c9-ccbe-49fe-a672-c3ea4a2a6d1e"",""replica"":""5a8db334-f6d0-4ba9-a018-aa1be977e5fd""}",2026-02-15T09:40:33.319624787Z
    user_auth_tuple = authenticator.authenticate(self),"{""level"":""error""}","{""project"":""70a52d41-885a-4854-b650-392635199b54"",""environment"":""67be7a60-8b6c-4987-8690-dbef25befe73"",""service"":""0f0f8a2f-9703-4f78-a3ed-8fcc57a55f5a"",""deployment"":""7bae97c9-ccbe-49fe-a672-c3ea4a2a6d1e"",""replica"":""5a8db334-f6d0-4ba9-a018-aa1be977e5fd""}",2026-02-15T09:40:33.319630597Z
           ^^^^^^^^^^^^^^^^^^^^^^^^^^^^^^,"{""level"":""error""}","{""project"":""70a52d41-885a-4854-b650-392635199b54"",""environment"":""67be7a60-8b6c-4987-8690-dbef25befe73"",""service"":""0f0f8a2f-9703-4f78-a3ed-8fcc57a55f5a"",""deployment"":""7bae97c9-ccbe-49fe-a672-c3ea4a2a6d1e"",""replica"":""5a8db334-f6d0-4ba9-a018-aa1be977e5fd""}",2026-02-15T09:40:33.320323847Z
"  File ""/usr/local/lib/python3.11/site-packages/rest_framework_simplejwt/authentication.py"", line 132, in get_user","{""level"":""error""}","{""project"":""70a52d41-885a-4854-b650-392635199b54"",""environment"":""67be7a60-8b6c-4987-8690-dbef25befe73"",""service"":""0f0f8a2f-9703-4f78-a3ed-8fcc57a55f5a"",""deployment"":""7bae97c9-ccbe-49fe-a672-c3ea4a2a6d1e"",""replica"":""5a8db334-f6d0-4ba9-a018-aa1be977e5fd""}",2026-02-15T09:40:33.320331907Z
    user = self.user_model.objects.get(**{api_settings.USER_ID_FIELD: user_id}),"{""level"":""error""}","{""project"":""70a52d41-885a-4854-b650-392635199b54"",""environment"":""67be7a60-8b6c-4987-8690-dbef25befe73"",""service"":""0f0f8a2f-9703-4f78-a3ed-8fcc57a55f5a"",""deployment"":""7bae97c9-ccbe-49fe-a672-c3ea4a2a6d1e"",""replica"":""5a8db334-f6d0-4ba9-a018-aa1be977e5fd""}",2026-02-15T09:40:33.320339937Z
           ^^^^^^^^^^^^^^^^^^^^^^^^^^^^^^^^^^^^^^^^^^^^^^^^^^^^^^^^^^^^^^^^^^^^,"{""level"":""error""}","{""project"":""70a52d41-885a-4854-b650-392635199b54"",""environment"":""67be7a60-8b6c-4987-8690-dbef25befe73"",""service"":""0f0f8a2f-9703-4f78-a3ed-8fcc57a55f5a"",""deployment"":""7bae97c9-ccbe-49fe-a672-c3ea4a2a6d1e"",""replica"":""5a8db334-f6d0-4ba9-a018-aa1be977e5fd""}",2026-02-15T09:40:33.320346427Z
"  File ""/usr/local/lib/python3.11/site-packages/django/db/models/manager.py"", line 87, in manager_method","{""level"":""error""}","{""project"":""70a52d41-885a-4854-b650-392635199b54"",""environment"":""67be7a60-8b6c-4987-8690-dbef25befe73"",""service"":""0f0f8a2f-9703-4f78-a3ed-8fcc57a55f5a"",""deployment"":""7bae97c9-ccbe-49fe-a672-c3ea4a2a6d1e"",""replica"":""5a8db334-f6d0-4ba9-a018-aa1be977e5fd""}",2026-02-15T09:40:33.320352007Z
"    return getattr(self.get_queryset(), name)(*args, **kwargs)","{""level"":""error""}","{""project"":""70a52d41-885a-4854-b650-392635199b54"",""environment"":""67be7a60-8b6c-4987-8690-dbef25befe73"",""service"":""0f0f8a2f-9703-4f78-a3ed-8fcc57a55f5a"",""deployment"":""7bae97c9-ccbe-49fe-a672-c3ea4a2a6d1e"",""replica"":""5a8db334-f6d0-4ba9-a018-aa1be977e5fd""}",2026-02-15T09:40:33.320357627Z
           ^^^^^^^^^^^^^^^^^^^^^^^^^^^^^^^^^^^^^^^^^^^^^^^^^^^,"{""level"":""error""}","{""project"":""70a52d41-885a-4854-b650-392635199b54"",""environment"":""67be7a60-8b6c-4987-8690-dbef25befe73"",""service"":""0f0f8a2f-9703-4f78-a3ed-8fcc57a55f5a"",""deployment"":""7bae97c9-ccbe-49fe-a672-c3ea4a2a6d1e"",""replica"":""5a8db334-f6d0-4ba9-a018-aa1be977e5fd""}",2026-02-15T09:40:33.320363117Z
"  File ""/usr/local/lib/python3.11/site-packages/django/db/models/query.py"", line 631, in get","{""level"":""error""}","{""project"":""70a52d41-885a-4854-b650-392635199b54"",""environment"":""67be7a60-8b6c-4987-8690-dbef25befe73"",""service"":""0f0f8a2f-9703-4f78-a3ed-8fcc57a55f5a"",""deployment"":""7bae97c9-ccbe-49fe-a672-c3ea4a2a6d1e"",""replica"":""5a8db334-f6d0-4ba9-a018-aa1be977e5fd""}",2026-02-15T09:40:33.320368837Z
    num = len(clone),"{""level"":""error""}","{""project"":""70a52d41-885a-4854-b650-392635199b54"",""environment"":""67be7a60-8b6c-4987-8690-dbef25befe73"",""service"":""0f0f8a2f-9703-4f78-a3ed-8fcc57a55f5a"",""deployment"":""7bae97c9-ccbe-49fe-a672-c3ea4a2a6d1e"",""replica"":""5a8db334-f6d0-4ba9-a018-aa1be977e5fd""}",2026-02-15T09:40:33.320374347Z
          ^^^^^^^^^^,"{""level"":""error""}","{""project"":""70a52d41-885a-4854-b650-392635199b54"",""environment"":""67be7a60-8b6c-4987-8690-dbef25befe73"",""service"":""0f0f8a2f-9703-4f78-a3ed-8fcc57a55f5a"",""deployment"":""7bae97c9-ccbe-49fe-a672-c3ea4a2a6d1e"",""replica"":""5a8db334-f6d0-4ba9-a018-aa1be977e5fd""}",2026-02-15T09:40:33.320380267Z
"  File ""/usr/local/lib/python3.11/site-packages/django/db/models/query.py"", line 368, in __len__","{""level"":""error""}","{""project"":""70a52d41-885a-4854-b650-392635199b54"",""environment"":""67be7a60-8b6c-4987-8690-dbef25befe73"",""service"":""0f0f8a2f-9703-4f78-a3ed-8fcc57a55f5a"",""deployment"":""7bae97c9-ccbe-49fe-a672-c3ea4a2a6d1e"",""replica"":""5a8db334-f6d0-4ba9-a018-aa1be977e5fd""}",2026-02-15T09:40:33.320385987Z
    self._fetch_all(),"{""level"":""error""}","{""project"":""70a52d41-885a-4854-b650-392635199b54"",""environment"":""67be7a60-8b6c-4987-8690-dbef25befe73"",""service"":""0f0f8a2f-9703-4f78-a3ed-8fcc57a55f5a"",""deployment"":""7bae97c9-ccbe-49fe-a672-c3ea4a2a6d1e"",""replica"":""5a8db334-f6d0-4ba9-a018-aa1be977e5fd""}",2026-02-15T09:40:33.320391677Z
"  File ""/usr/local/lib/python3.11/site-packages/django/db/models/query.py"", line 1954, in _fetch_all","{""level"":""error""}","{""project"":""70a52d41-885a-4854-b650-392635199b54"",""environment"":""67be7a60-8b6c-4987-8690-dbef25befe73"",""service"":""0f0f8a2f-9703-4f78-a3ed-8fcc57a55f5a"",""deployment"":""7bae97c9-ccbe-49fe-a672-c3ea4a2a6d1e"",""replica"":""5a8db334-f6d0-4ba9-a018-aa1be977e5fd""}",2026-02-15T09:40:33.320399147Z
    self._result_cache = list(self._iterable_class(self)),"{""level"":""error""}","{""project"":""70a52d41-885a-4854-b650-392635199b54"",""environment"":""67be7a60-8b6c-4987-8690-dbef25befe73"",""service"":""0f0f8a2f-9703-4f78-a3ed-8fcc57a55f5a"",""deployment"":""7bae97c9-ccbe-49fe-a672-c3ea4a2a6d1e"",""replica"":""5a8db334-f6d0-4ba9-a018-aa1be977e5fd""}",2026-02-15T09:40:33.320405307Z
                         ^^^^^^^^^^^^^^^^^^^^^^^^^^^^^^^^,"{""level"":""error""}","{""project"":""70a52d41-885a-4854-b650-392635199b54"",""environment"":""67be7a60-8b6c-4987-8690-dbef25befe73"",""service"":""0f0f8a2f-9703-4f78-a3ed-8fcc57a55f5a"",""deployment"":""7bae97c9-ccbe-49fe-a672-c3ea4a2a6d1e"",""replica"":""5a8db334-f6d0-4ba9-a018-aa1be977e5fd""}",2026-02-15T09:40:33.320409117Z
"  File ""/usr/local/lib/python3.11/site-packages/django/db/models/query.py"", line 93, in __iter__","{""level"":""error""}","{""project"":""70a52d41-885a-4854-b650-392635199b54"",""environment"":""67be7a60-8b6c-4987-8690-dbef25befe73"",""service"":""0f0f8a2f-9703-4f78-a3ed-8fcc57a55f5a"",""deployment"":""7bae97c9-ccbe-49fe-a672-c3ea4a2a6d1e"",""replica"":""5a8db334-f6d0-4ba9-a018-aa1be977e5fd""}",2026-02-15T09:40:33.320412857Z
    results = compiler.execute_sql(,"{""level"":""error""}","{""project"":""70a52d41-885a-4854-b650-392635199b54"",""environment"":""67be7a60-8b6c-4987-8690-dbef25befe73"",""service"":""0f0f8a2f-9703-4f78-a3ed-8fcc57a55f5a"",""deployment"":""7bae97c9-ccbe-49fe-a672-c3ea4a2a6d1e"",""replica"":""5a8db334-f6d0-4ba9-a018-aa1be977e5fd""}",2026-02-15T09:40:33.320416817Z
              ^^^^^^^^^^^^^^^^^^^^^,"{""level"":""error""}","{""project"":""70a52d41-885a-4854-b650-392635199b54"",""environment"":""67be7a60-8b6c-4987-8690-dbef25befe73"",""service"":""0f0f8a2f-9703-4f78-a3ed-8fcc57a55f5a"",""deployment"":""7bae97c9-ccbe-49fe-a672-c3ea4a2a6d1e"",""replica"":""5a8db334-f6d0-4ba9-a018-aa1be977e5fd""}",2026-02-15T09:40:33.320420617Z
"  File ""/usr/local/lib/python3.11/site-packages/django/db/models/sql/compiler.py"", line 1621, in execute_sql","{""level"":""error""}","{""project"":""70a52d41-885a-4854-b650-392635199b54"",""environment"":""67be7a60-8b6c-4987-8690-dbef25befe73"",""service"":""0f0f8a2f-9703-4f78-a3ed-8fcc57a55f5a"",""deployment"":""7bae97c9-ccbe-49fe-a672-c3ea4a2a6d1e"",""replica"":""5a8db334-f6d0-4ba9-a018-aa1be977e5fd""}",2026-02-15T09:40:33.320424547Z
"  File ""/usr/local/lib/python3.11/site-packages/django/utils/asyncio.py"", line 26, in inner","{""level"":""error""}","{""project"":""70a52d41-885a-4854-b650-392635199b54"",""environment"":""67be7a60-8b6c-4987-8690-dbef25befe73"",""service"":""0f0f8a2f-9703-4f78-a3ed-8fcc57a55f5a"",""deployment"":""7bae97c9-ccbe-49fe-a672-c3ea4a2a6d1e"",""replica"":""5a8db334-f6d0-4ba9-a018-aa1be977e5fd""}",2026-02-15T09:40:33.321175037Z
"  File ""/usr/local/lib/python3.11/site-packages/django/utils/asyncio.py"", line 26, in inner","{""level"":""error""}","{""project"":""70a52d41-885a-4854-b650-392635199b54"",""environment"":""67be7a60-8b6c-4987-8690-dbef25befe73"",""service"":""0f0f8a2f-9703-4f78-a3ed-8fcc57a55f5a"",""deployment"":""7bae97c9-ccbe-49fe-a672-c3ea4a2a6d1e"",""replica"":""5a8db334-f6d0-4ba9-a018-aa1be977e5fd""}",2026-02-15T09:40:33.321176077Z
    cursor = self.connection.cursor(),"{""level"":""error""}","{""project"":""70a52d41-885a-4854-b650-392635199b54"",""environment"":""67be7a60-8b6c-4987-8690-dbef25befe73"",""service"":""0f0f8a2f-9703-4f78-a3ed-8fcc57a55f5a"",""deployment"":""7bae97c9-ccbe-49fe-a672-c3ea4a2a6d1e"",""replica"":""5a8db334-f6d0-4ba9-a018-aa1be977e5fd""}",2026-02-15T09:40:33.321178627Z
"    return func(*args, **kwargs)","{""level"":""error""}","{""project"":""70a52d41-885a-4854-b650-392635199b54"",""environment"":""67be7a60-8b6c-4987-8690-dbef25befe73"",""service"":""0f0f8a2f-9703-4f78-a3ed-8fcc57a55f5a"",""deployment"":""7bae97c9-ccbe-49fe-a672-c3ea4a2a6d1e"",""replica"":""5a8db334-f6d0-4ba9-a018-aa1be977e5fd""}",2026-02-15T09:40:33.321182817Z
             ^^^^^^^^^^^^^^^^^^^^^^^^,"{""level"":""error""}","{""project"":""70a52d41-885a-4854-b650-392635199b54"",""environment"":""67be7a60-8b6c-4987-8690-dbef25befe73"",""service"":""0f0f8a2f-9703-4f78-a3ed-8fcc57a55f5a"",""deployment"":""7bae97c9-ccbe-49fe-a672-c3ea4a2a6d1e"",""replica"":""5a8db334-f6d0-4ba9-a018-aa1be977e5fd""}",2026-02-15T09:40:33.321186577Z
"  File ""/usr/local/lib/python3.11/site-packages/django/db/utils.py"", line 91, in __exit__","{""level"":""error""}","{""project"":""70a52d41-885a-4854-b650-392635199b54"",""environment"":""67be7a60-8b6c-4987-8690-dbef25befe73"",""service"":""0f0f8a2f-9703-4f78-a3ed-8fcc57a55f5a"",""deployment"":""7bae97c9-ccbe-49fe-a672-c3ea4a2a6d1e"",""replica"":""5a8db334-f6d0-4ba9-a018-aa1be977e5fd""}",2026-02-15T09:40:33.321187967Z
           ^^^^^^^^^^^^^^^^^^^^^,"{""level"":""error""}","{""project"":""70a52d41-885a-4854-b650-392635199b54"",""environment"":""67be7a60-8b6c-4987-8690-dbef25befe73"",""service"":""0f0f8a2f-9703-4f78-a3ed-8fcc57a55f5a"",""deployment"":""7bae97c9-ccbe-49fe-a672-c3ea4a2a6d1e"",""replica"":""5a8db334-f6d0-4ba9-a018-aa1be977e5fd""}",2026-02-15T09:40:33.321191677Z
"  File ""/usr/local/lib/python3.11/site-packages/django/utils/asyncio.py"", line 26, in inner","{""level"":""error""}","{""project"":""70a52d41-885a-4854-b650-392635199b54"",""environment"":""67be7a60-8b6c-4987-8690-dbef25befe73"",""service"":""0f0f8a2f-9703-4f78-a3ed-8fcc57a55f5a"",""deployment"":""7bae97c9-ccbe-49fe-a672-c3ea4a2a6d1e"",""replica"":""5a8db334-f6d0-4ba9-a018-aa1be977e5fd""}",2026-02-15T09:40:33.321193797Z
    raise dj_exc_value.with_traceback(traceback) from exc_value,"{""level"":""error""}","{""project"":""70a52d41-885a-4854-b650-392635199b54"",""environment"":""67be7a60-8b6c-4987-8690-dbef25befe73"",""service"":""0f0f8a2f-9703-4f78-a3ed-8fcc57a55f5a"",""deployment"":""7bae97c9-ccbe-49fe-a672-c3ea4a2a6d1e"",""replica"":""5a8db334-f6d0-4ba9-a018-aa1be977e5fd""}",2026-02-15T09:40:33.321193937Z
"  File ""/usr/local/lib/python3.11/site-packages/django/db/backends/base/base.py"", line 278, in ensure_connection","{""level"":""error""}","{""project"":""70a52d41-885a-4854-b650-392635199b54"",""environment"":""67be7a60-8b6c-4987-8690-dbef25befe73"",""service"":""0f0f8a2f-9703-4f78-a3ed-8fcc57a55f5a"",""deployment"":""7bae97c9-ccbe-49fe-a672-c3ea4a2a6d1e"",""replica"":""5a8db334-f6d0-4ba9-a018-aa1be977e5fd""}",2026-02-15T09:40:33.321198967Z
"  File ""/usr/local/lib/python3.11/site-packages/django/db/backends/base/base.py"", line 279, in ensure_connection","{""level"":""error""}","{""project"":""70a52d41-885a-4854-b650-392635199b54"",""environment"":""67be7a60-8b6c-4987-8690-dbef25befe73"",""service"":""0f0f8a2f-9703-4f78-a3ed-8fcc57a55f5a"",""deployment"":""7bae97c9-ccbe-49fe-a672-c3ea4a2a6d1e"",""replica"":""5a8db334-f6d0-4ba9-a018-aa1be977e5fd""}",2026-02-15T09:40:33.321200987Z
"    return func(*args, **kwargs)","{""level"":""error""}","{""project"":""70a52d41-885a-4854-b650-392635199b54"",""environment"":""67be7a60-8b6c-4987-8690-dbef25befe73"",""service"":""0f0f8a2f-9703-4f78-a3ed-8fcc57a55f5a"",""deployment"":""7bae97c9-ccbe-49fe-a672-c3ea4a2a6d1e"",""replica"":""5a8db334-f6d0-4ba9-a018-aa1be977e5fd""}",2026-02-15T09:40:33.321201317Z
    with self.wrap_database_errors:,"{""level"":""error""}","{""project"":""70a52d41-885a-4854-b650-392635199b54"",""environment"":""67be7a60-8b6c-4987-8690-dbef25befe73"",""service"":""0f0f8a2f-9703-4f78-a3ed-8fcc57a55f5a"",""deployment"":""7bae97c9-ccbe-49fe-a672-c3ea4a2a6d1e"",""replica"":""5a8db334-f6d0-4ba9-a018-aa1be977e5fd""}",2026-02-15T09:40:33.321205977Z
    self.connect(),"{""level"":""error""}","{""project"":""70a52d41-885a-4854-b650-392635199b54"",""environment"":""67be7a60-8b6c-4987-8690-dbef25befe73"",""service"":""0f0f8a2f-9703-4f78-a3ed-8fcc57a55f5a"",""deployment"":""7bae97c9-ccbe-49fe-a672-c3ea4a2a6d1e"",""replica"":""5a8db334-f6d0-4ba9-a018-aa1be977e5fd""}",2026-02-15T09:40:33.321206177Z
           ^^^^^^^^^^^^^^^^^^^^^,"{""level"":""error""}","{""project"":""70a52d41-885a-4854-b650-392635199b54"",""environment"":""67be7a60-8b6c-4987-8690-dbef25befe73"",""service"":""0f0f8a2f-9703-4f78-a3ed-8fcc57a55f5a"",""deployment"":""7bae97c9-ccbe-49fe-a672-c3ea4a2a6d1e"",""replica"":""5a8db334-f6d0-4ba9-a018-aa1be977e5fd""}",2026-02-15T09:40:33.321209927Z
"  File ""/usr/local/lib/python3.11/site-packages/django/db/backends/base/base.py"", line 320, in cursor","{""level"":""error""}","{""project"":""70a52d41-885a-4854-b650-392635199b54"",""environment"":""67be7a60-8b6c-4987-8690-dbef25befe73"",""service"":""0f0f8a2f-9703-4f78-a3ed-8fcc57a55f5a"",""deployment"":""7bae97c9-ccbe-49fe-a672-c3ea4a2a6d1e"",""replica"":""5a8db334-f6d0-4ba9-a018-aa1be977e5fd""}",2026-02-15T09:40:33.321216817Z
    return self._cursor(),"{""level"":""error""}","{""project"":""70a52d41-885a-4854-b650-392635199b54"",""environment"":""67be7a60-8b6c-4987-8690-dbef25befe73"",""service"":""0f0f8a2f-9703-4f78-a3ed-8fcc57a55f5a"",""deployment"":""7bae97c9-ccbe-49fe-a672-c3ea4a2a6d1e"",""replica"":""5a8db334-f6d0-4ba9-a018-aa1be977e5fd""}",2026-02-15T09:40:33.321222967Z
           ^^^^^^^^^^^^^^,"{""level"":""error""}","{""project"":""70a52d41-885a-4854-b650-392635199b54"",""environment"":""67be7a60-8b6c-4987-8690-dbef25befe73"",""service"":""0f0f8a2f-9703-4f78-a3ed-8fcc57a55f5a"",""deployment"":""7bae97c9-ccbe-49fe-a672-c3ea4a2a6d1e"",""replica"":""5a8db334-f6d0-4ba9-a018-aa1be977e5fd""}",2026-02-15T09:40:33.321228677Z
"  File ""/usr/local/lib/python3.11/site-packages/django/db/backends/base/base.py"", line 296, in _cursor","{""level"":""error""}","{""project"":""70a52d41-885a-4854-b650-392635199b54"",""environment"":""67be7a60-8b6c-4987-8690-dbef25befe73"",""service"":""0f0f8a2f-9703-4f78-a3ed-8fcc57a55f5a"",""deployment"":""7bae97c9-ccbe-49fe-a672-c3ea4a2a6d1e"",""replica"":""5a8db334-f6d0-4ba9-a018-aa1be977e5fd""}",2026-02-15T09:40:33.321234667Z
    self.ensure_connection(),"{""level"":""error""}","{""project"":""70a52d41-885a-4854-b650-392635199b54"",""environment"":""67be7a60-8b6c-4987-8690-dbef25befe73"",""service"":""0f0f8a2f-9703-4f78-a3ed-8fcc57a55f5a"",""deployment"":""7bae97c9-ccbe-49fe-a672-c3ea4a2a6d1e"",""replica"":""5a8db334-f6d0-4ba9-a018-aa1be977e5fd""}",2026-02-15T09:40:33.321240267Z
"  File ""/usr/local/lib/python3.11/site-packages/psycopg2/__init__.py"", line 122, in connect","{""level"":""error""}","{""project"":""70a52d41-885a-4854-b650-392635199b54"",""environment"":""67be7a60-8b6c-4987-8690-dbef25befe73"",""service"":""0f0f8a2f-9703-4f78-a3ed-8fcc57a55f5a"",""deployment"":""7bae97c9-ccbe-49fe-a672-c3ea4a2a6d1e"",""replica"":""5a8db334-f6d0-4ba9-a018-aa1be977e5fd""}",2026-02-15T09:40:33.322125937Z
"    conn = _connect(dsn, connection_factory=connection_factory, **kwasync)","{""level"":""error""}","{""project"":""70a52d41-885a-4854-b650-392635199b54"",""environment"":""67be7a60-8b6c-4987-8690-dbef25befe73"",""service"":""0f0f8a2f-9703-4f78-a3ed-8fcc57a55f5a"",""deployment"":""7bae97c9-ccbe-49fe-a672-c3ea4a2a6d1e"",""replica"":""5a8db334-f6d0-4ba9-a018-aa1be977e5fd""}",2026-02-15T09:40:33.322133906Z
"    return func(*args, **kwargs)","{""level"":""error""}","{""project"":""70a52d41-885a-4854-b650-392635199b54"",""environment"":""67be7a60-8b6c-4987-8690-dbef25befe73"",""service"":""0f0f8a2f-9703-4f78-a3ed-8fcc57a55f5a"",""deployment"":""7bae97c9-ccbe-49fe-a672-c3ea4a2a6d1e"",""replica"":""5a8db334-f6d0-4ba9-a018-aa1be977e5fd""}",2026-02-15T09:40:33.322141377Z
           ^^^^^^^^^^^^^^^^^^^^^^^^^^^^^^^^^^^^^^^^^^^^^^^^^^^^^^^^^^^^^^^,"{""level"":""error""}","{""project"":""70a52d41-885a-4854-b650-392635199b54"",""environment"":""67be7a60-8b6c-4987-8690-dbef25befe73"",""service"":""0f0f8a2f-9703-4f78-a3ed-8fcc57a55f5a"",""deployment"":""7bae97c9-ccbe-49fe-a672-c3ea4a2a6d1e"",""replica"":""5a8db334-f6d0-4ba9-a018-aa1be977e5fd""}",2026-02-15T09:40:33.322143966Z
           ^^^^^^^^^^^^^^^^^^^^^,"{""level"":""error""}","{""project"":""70a52d41-885a-4854-b650-392635199b54"",""environment"":""67be7a60-8b6c-4987-8690-dbef25befe73"",""service"":""0f0f8a2f-9703-4f78-a3ed-8fcc57a55f5a"",""deployment"":""7bae97c9-ccbe-49fe-a672-c3ea4a2a6d1e"",""replica"":""5a8db334-f6d0-4ba9-a018-aa1be977e5fd""}",2026-02-15T09:40:33.322149777Z
"django.db.utils.OperationalError: connection to server at ""15.164.188.235"", port 5432 failed: FATAL:  MaxClientsInSessionMode: max clients reached - in Session mode max clients are limited to pool_size","{""level"":""error""}","{""project"":""70a52d41-885a-4854-b650-392635199b54"",""environment"":""67be7a60-8b6c-4987-8690-dbef25befe73"",""service"":""0f0f8a2f-9703-4f78-a3ed-8fcc57a55f5a"",""deployment"":""7bae97c9-ccbe-49fe-a672-c3ea4a2a6d1e"",""replica"":""5a8db334-f6d0-4ba9-a018-aa1be977e5fd""}",2026-02-15T09:40:33.322152077Z
"  File ""/usr/local/lib/python3.11/site-packages/django/db/backends/base/base.py"", line 256, in connect","{""level"":""error""}","{""project"":""70a52d41-885a-4854-b650-392635199b54"",""environment"":""67be7a60-8b6c-4987-8690-dbef25befe73"",""service"":""0f0f8a2f-9703-4f78-a3ed-8fcc57a55f5a"",""deployment"":""7bae97c9-ccbe-49fe-a672-c3ea4a2a6d1e"",""replica"":""5a8db334-f6d0-4ba9-a018-aa1be977e5fd""}",2026-02-15T09:40:33.322158397Z
,"{""level"":""error""}","{""project"":""70a52d41-885a-4854-b650-392635199b54"",""environment"":""67be7a60-8b6c-4987-8690-dbef25befe73"",""service"":""0f0f8a2f-9703-4f78-a3ed-8fcc57a55f5a"",""deployment"":""7bae97c9-ccbe-49fe-a672-c3ea4a2a6d1e"",""replica"":""5a8db334-f6d0-4ba9-a018-aa1be977e5fd""}",2026-02-15T09:40:33.322159797Z
    self.connection = self.get_new_connection(conn_params),"{""level"":""error""}","{""project"":""70a52d41-885a-4854-b650-392635199b54"",""environment"":""67be7a60-8b6c-4987-8690-dbef25befe73"",""service"":""0f0f8a2f-9703-4f78-a3ed-8fcc57a55f5a"",""deployment"":""7bae97c9-ccbe-49fe-a672-c3ea4a2a6d1e"",""replica"":""5a8db334-f6d0-4ba9-a018-aa1be977e5fd""}",2026-02-15T09:40:33.322166426Z
"HTTP 500 response started for ['100.64.0.7', 25056]","{""level"":""error""}","{""project"":""70a52d41-885a-4854-b650-392635199b54"",""environment"":""67be7a60-8b6c-4987-8690-dbef25befe73"",""service"":""0f0f8a2f-9703-4f78-a3ed-8fcc57a55f5a"",""deployment"":""7bae97c9-ccbe-49fe-a672-c3ea4a2a6d1e"",""replica"":""5a8db334-f6d0-4ba9-a018-aa1be977e5fd""}",2026-02-15T09:40:33.322167986Z
"HTTP close for ['100.64.0.7', 25056]","{""level"":""error""}","{""project"":""70a52d41-885a-4854-b650-392635199b54"",""environment"":""67be7a60-8b6c-4987-8690-dbef25befe73"",""service"":""0f0f8a2f-9703-4f78-a3ed-8fcc57a55f5a"",""deployment"":""7bae97c9-ccbe-49fe-a672-c3ea4a2a6d1e"",""replica"":""5a8db334-f6d0-4ba9-a018-aa1be977e5fd""}",2026-02-15T09:40:33.322174697Z
                      ^^^^^^^^^^^^^^^^^^^^^^^^^^^^^^^^^^^^,"{""level"":""error""}","{""project"":""70a52d41-885a-4854-b650-392635199b54"",""environment"":""67be7a60-8b6c-4987-8690-dbef25befe73"",""service"":""0f0f8a2f-9703-4f78-a3ed-8fcc57a55f5a"",""deployment"":""7bae97c9-ccbe-49fe-a672-c3ea4a2a6d1e"",""replica"":""5a8db334-f6d0-4ba9-a018-aa1be977e5fd""}",2026-02-15T09:40:33.322175617Z
"""100.64.0.7"" - - [15/Feb/2026:09:40:32 +0000] ""GET /api/community/ghosts/me/ HTTP/1.1"" 500 145 ""-"" ""python-requests/2.32.5""","{""level"":""error""}","{""project"":""70a52d41-885a-4854-b650-392635199b54"",""environment"":""67be7a60-8b6c-4987-8690-dbef25befe73"",""service"":""0f0f8a2f-9703-4f78-a3ed-8fcc57a55f5a"",""deployment"":""7bae97c9-ccbe-49fe-a672-c3ea4a2a6d1e"",""replica"":""5a8db334-f6d0-4ba9-a018-aa1be977e5fd""}",2026-02-15T09:40:33.322181466Z
"  File ""/usr/local/lib/python3.11/site-packages/django/utils/asyncio.py"", line 26, in inner","{""level"":""error""}","{""project"":""70a52d41-885a-4854-b650-392635199b54"",""environment"":""67be7a60-8b6c-4987-8690-dbef25befe73"",""service"":""0f0f8a2f-9703-4f78-a3ed-8fcc57a55f5a"",""deployment"":""7bae97c9-ccbe-49fe-a672-c3ea4a2a6d1e"",""replica"":""5a8db334-f6d0-4ba9-a018-aa1be977e5fd""}",2026-02-15T09:40:33.322184257Z
"    return func(*args, **kwargs)","{""level"":""error""}","{""project"":""70a52d41-885a-4854-b650-392635199b54"",""environment"":""67be7a60-8b6c-4987-8690-dbef25befe73"",""service"":""0f0f8a2f-9703-4f78-a3ed-8fcc57a55f5a"",""deployment"":""7bae97c9-ccbe-49fe-a672-c3ea4a2a6d1e"",""replica"":""5a8db334-f6d0-4ba9-a018-aa1be977e5fd""}",2026-02-15T09:40:33.322190277Z
           ^^^^^^^^^^^^^^^^^^^^^,"{""level"":""error""}","{""project"":""70a52d41-885a-4854-b650-392635199b54"",""environment"":""67be7a60-8b6c-4987-8690-dbef25befe73"",""service"":""0f0f8a2f-9703-4f78-a3ed-8fcc57a55f5a"",""deployment"":""7bae97c9-ccbe-49fe-a672-c3ea4a2a6d1e"",""replica"":""5a8db334-f6d0-4ba9-a018-aa1be977e5fd""}",2026-02-15T09:40:33.322195866Z
"  File ""/usr/local/lib/python3.11/site-packages/django/db/backends/postgresql/base.py"", line 332, in get_new_connection","{""level"":""error""}","{""project"":""70a52d41-885a-4854-b650-392635199b54"",""environment"":""67be7a60-8b6c-4987-8690-dbef25befe73"",""service"":""0f0f8a2f-9703-4f78-a3ed-8fcc57a55f5a"",""deployment"":""7bae97c9-ccbe-49fe-a672-c3ea4a2a6d1e"",""replica"":""5a8db334-f6d0-4ba9-a018-aa1be977e5fd""}",2026-02-15T09:40:33.322201466Z
    connection = self.Database.connect(**conn_params),"{""level"":""error""}","{""project"":""70a52d41-885a-4854-b650-392635199b54"",""environment"":""67be7a60-8b6c-4987-8690-dbef25befe73"",""service"":""0f0f8a2f-9703-4f78-a3ed-8fcc57a55f5a"",""deployment"":""7bae97c9-ccbe-49fe-a672-c3ea4a2a6d1e"",""replica"":""5a8db334-f6d0-4ba9-a018-aa1be977e5fd""}",2026-02-15T09:40:33.322208177Z
                 ^^^^^^^^^^^^^^^^^^^^^^^^^^^^^^^^^^^^,"{""level"":""error""}","{""project"":""70a52d41-885a-4854-b650-392635199b54"",""environment"":""67be7a60-8b6c-4987-8690-dbef25befe73"",""service"":""0f0f8a2f-9703-4f78-a3ed-8fcc57a55f5a"",""deployment"":""7bae97c9-ccbe-49fe-a672-c3ea4a2a6d1e"",""replica"":""5a8db334-f6d0-4ba9-a018-aa1be977e5fd""}",2026-02-15T09:40:33.322214197Z
"HTTP response complete for ['100.64.0.7', 25056]","{""level"":""error""}","{""project"":""70a52d41-885a-4854-b650-392635199b54"",""environment"":""67be7a60-8b6c-4987-8690-dbef25befe73"",""service"":""0f0f8a2f-9703-4f78-a3ed-8fcc57a55f5a"",""deployment"":""7bae97c9-ccbe-49fe-a672-c3ea4a2a6d1e"",""replica"":""5a8db334-f6d0-4ba9-a018-aa1be977e5fd""}",2026-02-15T09:40:33.322884097Z
"100.64.0.7:25056 - - [15/Feb/2026:09:40:33] ""GET /api/community/ghosts/me/"" 500 145","{""level"":""info""}","{""project"":""70a52d41-885a-4854-b650-392635199b54"",""environment"":""67be7a60-8b6c-4987-8690-dbef25befe73"",""service"":""0f0f8a2f-9703-4f78-a3ed-8fcc57a55f5a"",""deployment"":""7bae97c9-ccbe-49fe-a672-c3ea4a2a6d1e"",""replica"":""5a8db334-f6d0-4ba9-a018-aa1be977e5fd""}",2026-02-15T09:40:33.322893266Z
Internal Server Error: /api/community/ghosts/me/,"{""level"":""error""}","{""project"":""70a52d41-885a-4854-b650-392635199b54"",""environment"":""67be7a60-8b6c-4987-8690-dbef25befe73"",""service"":""0f0f8a2f-9703-4f78-a3ed-8fcc57a55f5a"",""deployment"":""7bae97c9-ccbe-49fe-a672-c3ea4a2a6d1e"",""replica"":""5a8db334-f6d0-4ba9-a018-aa1be977e5fd""}",2026-02-15T09:40:33.322899877Z
Traceback (most recent call last):,"{""level"":""error""}","{""project"":""70a52d41-885a-4854-b650-392635199b54"",""environment"":""67be7a60-8b6c-4987-8690-dbef25befe73"",""service"":""0f0f8a2f-9703-4f78-a3ed-8fcc57a55f5a"",""deployment"":""7bae97c9-ccbe-49fe-a672-c3ea4a2a6d1e"",""replica"":""5a8db334-f6d0-4ba9-a018-aa1be977e5fd""}",2026-02-15T09:40:33.322905716Z
"  File ""/usr/local/lib/python3.11/site-packages/django/db/backends/base/base.py"", line 279, in ensure_connection","{""level"":""error""}","{""project"":""70a52d41-885a-4854-b650-392635199b54"",""environment"":""67be7a60-8b6c-4987-8690-dbef25befe73"",""service"":""0f0f8a2f-9703-4f78-a3ed-8fcc57a55f5a"",""deployment"":""7bae97c9-ccbe-49fe-a672-c3ea4a2a6d1e"",""replica"":""5a8db334-f6d0-4ba9-a018-aa1be977e5fd""}",2026-02-15T09:40:33.322911556Z
    self.connect(),"{""level"":""error""}","{""project"":""70a52d41-885a-4854-b650-392635199b54"",""environment"":""67be7a60-8b6c-4987-8690-dbef25befe73"",""service"":""0f0f8a2f-9703-4f78-a3ed-8fcc57a55f5a"",""deployment"":""7bae97c9-ccbe-49fe-a672-c3ea4a2a6d1e"",""replica"":""5a8db334-f6d0-4ba9-a018-aa1be977e5fd""}",2026-02-15T09:40:33.322917846Z
"  File ""/usr/local/lib/python3.11/site-packages/django/utils/asyncio.py"", line 26, in inner","{""level"":""error""}","{""project"":""70a52d41-885a-4854-b650-392635199b54"",""environment"":""67be7a60-8b6c-4987-8690-dbef25befe73"",""service"":""0f0f8a2f-9703-4f78-a3ed-8fcc57a55f5a"",""deployment"":""7bae97c9-ccbe-49fe-a672-c3ea4a2a6d1e"",""replica"":""5a8db334-f6d0-4ba9-a018-aa1be977e5fd""}",2026-02-15T09:40:33.322923646Z
"    return func(*args, **kwargs)","{""level"":""error""}","{""project"":""70a52d41-885a-4854-b650-392635199b54"",""environment"":""67be7a60-8b6c-4987-8690-dbef25befe73"",""service"":""0f0f8a2f-9703-4f78-a3ed-8fcc57a55f5a"",""deployment"":""7bae97c9-ccbe-49fe-a672-c3ea4a2a6d1e"",""replica"":""5a8db334-f6d0-4ba9-a018-aa1be977e5fd""}",2026-02-15T09:40:33.322929466Z
           ^^^^^^^^^^^^^^^^^^^^^,"{""level"":""error""}","{""project"":""70a52d41-885a-4854-b650-392635199b54"",""environment"":""67be7a60-8b6c-4987-8690-dbef25befe73"",""service"":""0f0f8a2f-9703-4f78-a3ed-8fcc57a55f5a"",""deployment"":""7bae97c9-ccbe-49fe-a672-c3ea4a2a6d1e"",""replica"":""5a8db334-f6d0-4ba9-a018-aa1be977e5fd""}",2026-02-15T09:40:33.322935046Z
"  File ""/usr/local/lib/python3.11/site-packages/django/db/backends/base/base.py"", line 256, in connect","{""level"":""error""}","{""project"":""70a52d41-885a-4854-b650-392635199b54"",""environment"":""67be7a60-8b6c-4987-8690-dbef25befe73"",""service"":""0f0f8a2f-9703-4f78-a3ed-8fcc57a55f5a"",""deployment"":""7bae97c9-ccbe-49fe-a672-c3ea4a2a6d1e"",""replica"":""5a8db334-f6d0-4ba9-a018-aa1be977e5fd""}",2026-02-15T09:40:33.322940496Z
    self.connection = self.get_new_connection(conn_params),"{""level"":""error""}","{""project"":""70a52d41-885a-4854-b650-392635199b54"",""environment"":""67be7a60-8b6c-4987-8690-dbef25befe73"",""service"":""0f0f8a2f-9703-4f78-a3ed-8fcc57a55f5a"",""deployment"":""7bae97c9-ccbe-49fe-a672-c3ea4a2a6d1e"",""replica"":""5a8db334-f6d0-4ba9-a018-aa1be977e5fd""}",2026-02-15T09:40:33.322946576Z
                      ^^^^^^^^^^^^^^^^^^^^^^^^^^^^^^^^^^^^,"{""level"":""error""}","{""project"":""70a52d41-885a-4854-b650-392635199b54"",""environment"":""67be7a60-8b6c-4987-8690-dbef25befe73"",""service"":""0f0f8a2f-9703-4f78-a3ed-8fcc57a55f5a"",""deployment"":""7bae97c9-ccbe-49fe-a672-c3ea4a2a6d1e"",""replica"":""5a8db334-f6d0-4ba9-a018-aa1be977e5fd""}",2026-02-15T09:40:33.322952446Z
"  File ""/usr/local/lib/python3.11/site-packages/django/utils/asyncio.py"", line 26, in inner","{""level"":""error""}","{""project"":""70a52d41-885a-4854-b650-392635199b54"",""environment"":""67be7a60-8b6c-4987-8690-dbef25befe73"",""service"":""0f0f8a2f-9703-4f78-a3ed-8fcc57a55f5a"",""deployment"":""7bae97c9-ccbe-49fe-a672-c3ea4a2a6d1e"",""replica"":""5a8db334-f6d0-4ba9-a018-aa1be977e5fd""}",2026-02-15T09:40:33.322958606Z
"    return func(*args, **kwargs)","{""level"":""error""}","{""project"":""70a52d41-885a-4854-b650-392635199b54"",""environment"":""67be7a60-8b6c-4987-8690-dbef25befe73"",""service"":""0f0f8a2f-9703-4f78-a3ed-8fcc57a55f5a"",""deployment"":""7bae97c9-ccbe-49fe-a672-c3ea4a2a6d1e"",""replica"":""5a8db334-f6d0-4ba9-a018-aa1be977e5fd""}",2026-02-15T09:40:33.322964606Z
           ^^^^^^^^^^^^^^^^^^^^^,"{""level"":""error""}","{""project"":""70a52d41-885a-4854-b650-392635199b54"",""environment"":""67be7a60-8b6c-4987-8690-dbef25befe73"",""service"":""0f0f8a2f-9703-4f78-a3ed-8fcc57a55f5a"",""deployment"":""7bae97c9-ccbe-49fe-a672-c3ea4a2a6d1e"",""replica"":""5a8db334-f6d0-4ba9-a018-aa1be977e5fd""}",2026-02-15T09:40:33.322970976Z
"  File ""/usr/local/lib/python3.11/site-packages/django/db/backends/postgresql/base.py"", line 332, in get_new_connection","{""level"":""error""}","{""project"":""70a52d41-885a-4854-b650-392635199b54"",""environment"":""67be7a60-8b6c-4987-8690-dbef25befe73"",""service"":""0f0f8a2f-9703-4f78-a3ed-8fcc57a55f5a"",""deployment"":""7bae97c9-ccbe-49fe-a672-c3ea4a2a6d1e"",""replica"":""5a8db334-f6d0-4ba9-a018-aa1be977e5fd""}",2026-02-15T09:40:33.322977396Z
    connection = self.Database.connect(**conn_params),"{""level"":""error""}","{""project"":""70a52d41-885a-4854-b650-392635199b54"",""environment"":""67be7a60-8b6c-4987-8690-dbef25befe73"",""service"":""0f0f8a2f-9703-4f78-a3ed-8fcc57a55f5a"",""deployment"":""7bae97c9-ccbe-49fe-a672-c3ea4a2a6d1e"",""replica"":""5a8db334-f6d0-4ba9-a018-aa1be977e5fd""}",2026-02-15T09:40:33.322985256Z
                 ^^^^^^^^^^^^^^^^^^^^^^^^^^^^^^^^^^^^,"{""level"":""error""}","{""project"":""70a52d41-885a-4854-b650-392635199b54"",""environment"":""67be7a60-8b6c-4987-8690-dbef25befe73"",""service"":""0f0f8a2f-9703-4f78-a3ed-8fcc57a55f5a"",""deployment"":""7bae97c9-ccbe-49fe-a672-c3ea4a2a6d1e"",""replica"":""5a8db334-f6d0-4ba9-a018-aa1be977e5fd""}",2026-02-15T09:40:33.322991076Z
"  File ""/usr/local/lib/python3.11/site-packages/psycopg2/__init__.py"", line 122, in connect","{""level"":""error""}","{""project"":""70a52d41-885a-4854-b650-392635199b54"",""environment"":""67be7a60-8b6c-4987-8690-dbef25befe73"",""service"":""0f0f8a2f-9703-4f78-a3ed-8fcc57a55f5a"",""deployment"":""7bae97c9-ccbe-49fe-a672-c3ea4a2a6d1e"",""replica"":""5a8db334-f6d0-4ba9-a018-aa1be977e5fd""}",2026-02-15T09:40:33.322998116Z
"    conn = _connect(dsn, connection_factory=connection_factory, **kwasync)","{""level"":""error""}","{""project"":""70a52d41-885a-4854-b650-392635199b54"",""environment"":""67be7a60-8b6c-4987-8690-dbef25befe73"",""service"":""0f0f8a2f-9703-4f78-a3ed-8fcc57a55f5a"",""deployment"":""7bae97c9-ccbe-49fe-a672-c3ea4a2a6d1e"",""replica"":""5a8db334-f6d0-4ba9-a018-aa1be977e5fd""}",2026-02-15T09:40:33.323003516Z
           ^^^^^^^^^^^^^^^^^^^^^^^^^^^^^^^^^^^^^^^^^^^^^^^^^^^^^^^^^^^^^^^,"{""level"":""error""}","{""project"":""70a52d41-885a-4854-b650-392635199b54"",""environment"":""67be7a60-8b6c-4987-8690-dbef25befe73"",""service"":""0f0f8a2f-9703-4f78-a3ed-8fcc57a55f5a"",""deployment"":""7bae97c9-ccbe-49fe-a672-c3ea4a2a6d1e"",""replica"":""5a8db334-f6d0-4ba9-a018-aa1be977e5fd""}",2026-02-15T09:40:33.323461596Z
"psycopg2.OperationalError: connection to server at ""15.164.188.235"", port 5432 failed: FATAL:  MaxClientsInSessionMode: max clients reached - in Session mode max clients are limited to pool_size","{""level"":""error""}","{""project"":""70a52d41-885a-4854-b650-392635199b54"",""environment"":""67be7a60-8b6c-4987-8690-dbef25befe73"",""service"":""0f0f8a2f-9703-4f78-a3ed-8fcc57a55f5a"",""deployment"":""7bae97c9-ccbe-49fe-a672-c3ea4a2a6d1e"",""replica"":""5a8db334-f6d0-4ba9-a018-aa1be977e5fd""}",2026-02-15T09:40:33.323468956Z
,"{""level"":""error""}","{""project"":""70a52d41-885a-4854-b650-392635199b54"",""environment"":""67be7a60-8b6c-4987-8690-dbef25befe73"",""service"":""0f0f8a2f-9703-4f78-a3ed-8fcc57a55f5a"",""deployment"":""7bae97c9-ccbe-49fe-a672-c3ea4a2a6d1e"",""replica"":""5a8db334-f6d0-4ba9-a018-aa1be977e5fd""}",2026-02-15T09:40:33.323475236Z
,"{""level"":""error""}","{""project"":""70a52d41-885a-4854-b650-392635199b54"",""environment"":""67be7a60-8b6c-4987-8690-dbef25befe73"",""service"":""0f0f8a2f-9703-4f78-a3ed-8fcc57a55f5a"",""deployment"":""7bae97c9-ccbe-49fe-a672-c3ea4a2a6d1e"",""replica"":""5a8db334-f6d0-4ba9-a018-aa1be977e5fd""}",2026-02-15T09:40:33.323480776Z
The above exception was the direct cause of the following exception:,"{""level"":""error""}","{""project"":""70a52d41-885a-4854-b650-392635199b54"",""environment"":""67be7a60-8b6c-4987-8690-dbef25befe73"",""service"":""0f0f8a2f-9703-4f78-a3ed-8fcc57a55f5a"",""deployment"":""7bae97c9-ccbe-49fe-a672-c3ea4a2a6d1e"",""replica"":""5a8db334-f6d0-4ba9-a018-aa1be977e5fd""}",2026-02-15T09:40:33.323486126Z
,"{""level"":""error""}","{""project"":""70a52d41-885a-4854-b650-392635199b54"",""environment"":""67be7a60-8b6c-4987-8690-dbef25befe73"",""service"":""0f0f8a2f-9703-4f78-a3ed-8fcc57a55f5a"",""deployment"":""7bae97c9-ccbe-49fe-a672-c3ea4a2a6d1e"",""replica"":""5a8db334-f6d0-4ba9-a018-aa1be977e5fd""}",2026-02-15T09:40:33.323491646Z
Traceback (most recent call last):,"{""level"":""error""}","{""project"":""70a52d41-885a-4854-b650-392635199b54"",""environment"":""67be7a60-8b6c-4987-8690-dbef25befe73"",""service"":""0f0f8a2f-9703-4f78-a3ed-8fcc57a55f5a"",""deployment"":""7bae97c9-ccbe-49fe-a672-c3ea4a2a6d1e"",""replica"":""5a8db334-f6d0-4ba9-a018-aa1be977e5fd""}",2026-02-15T09:40:33.323497136Z
"  File ""/usr/local/lib/python3.11/site-packages/asgiref/sync.py"", line 557, in thread_handler","{""level"":""error""}","{""project"":""70a52d41-885a-4854-b650-392635199b54"",""environment"":""67be7a60-8b6c-4987-8690-dbef25befe73"",""service"":""0f0f8a2f-9703-4f78-a3ed-8fcc57a55f5a"",""deployment"":""7bae97c9-ccbe-49fe-a672-c3ea4a2a6d1e"",""replica"":""5a8db334-f6d0-4ba9-a018-aa1be977e5fd""}",2026-02-15T09:40:33.323502506Z
    raise exc_info[1],"{""level"":""error""}","{""project"":""70a52d41-885a-4854-b650-392635199b54"",""environment"":""67be7a60-8b6c-4987-8690-dbef25befe73"",""service"":""0f0f8a2f-9703-4f78-a3ed-8fcc57a55f5a"",""deployment"":""7bae97c9-ccbe-49fe-a672-c3ea4a2a6d1e"",""replica"":""5a8db334-f6d0-4ba9-a018-aa1be977e5fd""}",2026-02-15T09:40:33.323507636Z
"  File ""/usr/local/lib/python3.11/site-packages/django/core/handlers/exception.py"", line 42, in inner","{""level"":""error""}","{""project"":""70a52d41-885a-4854-b650-392635199b54"",""environment"":""67be7a60-8b6c-4987-8690-dbef25befe73"",""service"":""0f0f8a2f-9703-4f78-a3ed-8fcc57a55f5a"",""deployment"":""7bae97c9-ccbe-49fe-a672-c3ea4a2a6d1e"",""replica"":""5a8db334-f6d0-4ba9-a018-aa1be977e5fd""}",2026-02-15T09:40:33.323513056Z
    response = await get_response(request),"{""level"":""error""}","{""project"":""70a52d41-885a-4854-b650-392635199b54"",""environment"":""67be7a60-8b6c-4987-8690-dbef25befe73"",""service"":""0f0f8a2f-9703-4f78-a3ed-8fcc57a55f5a"",""deployment"":""7bae97c9-ccbe-49fe-a672-c3ea4a2a6d1e"",""replica"":""5a8db334-f6d0-4ba9-a018-aa1be977e5fd""}",2026-02-15T09:40:33.323518646Z
               ^^^^^^^^^^^^^^^^^^^^^^^^^^^,"{""level"":""error""}","{""project"":""70a52d41-885a-4854-b650-392635199b54"",""environment"":""67be7a60-8b6c-4987-8690-dbef25befe73"",""service"":""0f0f8a2f-9703-4f78-a3ed-8fcc57a55f5a"",""deployment"":""7bae97c9-ccbe-49fe-a672-c3ea4a2a6d1e"",""replica"":""5a8db334-f6d0-4ba9-a018-aa1be977e5fd""}",2026-02-15T09:40:33.323524286Z
"  File ""/usr/local/lib/python3.11/site-packages/asgiref/sync.py"", line 557, in thread_handler","{""level"":""error""}","{""project"":""70a52d41-885a-4854-b650-392635199b54"",""environment"":""67be7a60-8b6c-4987-8690-dbef25befe73"",""service"":""0f0f8a2f-9703-4f78-a3ed-8fcc57a55f5a"",""deployment"":""7bae97c9-ccbe-49fe-a672-c3ea4a2a6d1e"",""replica"":""5a8db334-f6d0-4ba9-a018-aa1be977e5fd""}",2026-02-15T09:40:33.323529666Z
    raise exc_info[1],"{""level"":""error""}","{""project"":""70a52d41-885a-4854-b650-392635199b54"",""environment"":""67be7a60-8b6c-4987-8690-dbef25befe73"",""service"":""0f0f8a2f-9703-4f78-a3ed-8fcc57a55f5a"",""deployment"":""7bae97c9-ccbe-49fe-a672-c3ea4a2a6d1e"",""replica"":""5a8db334-f6d0-4ba9-a018-aa1be977e5fd""}",2026-02-15T09:40:33.323535246Z
"  File ""/usr/local/lib/python3.11/site-packages/django/core/handlers/base.py"", line 253, in _get_response_async","{""level"":""error""}","{""project"":""70a52d41-885a-4854-b650-392635199b54"",""environment"":""67be7a60-8b6c-4987-8690-dbef25befe73"",""service"":""0f0f8a2f-9703-4f78-a3ed-8fcc57a55f5a"",""deployment"":""7bae97c9-ccbe-49fe-a672-c3ea4a2a6d1e"",""replica"":""5a8db334-f6d0-4ba9-a018-aa1be977e5fd""}",2026-02-15T09:40:33.323541086Z
    response = await wrapped_callback(,"{""level"":""error""}","{""project"":""70a52d41-885a-4854-b650-392635199b54"",""environment"":""67be7a60-8b6c-4987-8690-dbef25befe73"",""service"":""0f0f8a2f-9703-4f78-a3ed-8fcc57a55f5a"",""deployment"":""7bae97c9-ccbe-49fe-a672-c3ea4a2a6d1e"",""replica"":""5a8db334-f6d0-4ba9-a018-aa1be977e5fd""}",2026-02-15T09:40:33.323546306Z
               ^^^^^^^^^^^^^^^^^^^^^^^,"{""level"":""error""}","{""project"":""70a52d41-885a-4854-b650-392635199b54"",""environment"":""67be7a60-8b6c-4987-8690-dbef25befe73"",""service"":""0f0f8a2f-9703-4f78-a3ed-8fcc57a55f5a"",""deployment"":""7bae97c9-ccbe-49fe-a672-c3ea4a2a6d1e"",""replica"":""5a8db334-f6d0-4ba9-a018-aa1be977e5fd""}",2026-02-15T09:40:33.323552126Z
"  File ""/usr/local/lib/python3.11/site-packages/asgiref/sync.py"", line 506, in __call__","{""level"":""error""}","{""project"":""70a52d41-885a-4854-b650-392635199b54"",""environment"":""67be7a60-8b6c-4987-8690-dbef25befe73"",""service"":""0f0f8a2f-9703-4f78-a3ed-8fcc57a55f5a"",""deployment"":""7bae97c9-ccbe-49fe-a672-c3ea4a2a6d1e"",""replica"":""5a8db334-f6d0-4ba9-a018-aa1be977e5fd""}",2026-02-15T09:40:33.323558066Z
    ret = await asyncio.shield(exec_coro),"{""level"":""error""}","{""project"":""70a52d41-885a-4854-b650-392635199b54"",""environment"":""67be7a60-8b6c-4987-8690-dbef25befe73"",""service"":""0f0f8a2f-9703-4f78-a3ed-8fcc57a55f5a"",""deployment"":""7bae97c9-ccbe-49fe-a672-c3ea4a2a6d1e"",""replica"":""5a8db334-f6d0-4ba9-a018-aa1be977e5fd""}",2026-02-15T09:40:33.323568496Z
          ^^^^^^^^^^^^^^^^^^^^^^^^^^^^^^^,"{""level"":""error""}","{""project"":""70a52d41-885a-4854-b650-392635199b54"",""environment"":""67be7a60-8b6c-4987-8690-dbef25befe73"",""service"":""0f0f8a2f-9703-4f78-a3ed-8fcc57a55f5a"",""deployment"":""7bae97c9-ccbe-49fe-a672-c3ea4a2a6d1e"",""replica"":""5a8db334-f6d0-4ba9-a018-aa1be977e5fd""}",2026-02-15T09:40:33.323574316Z
"  File ""/usr/local/lib/python3.11/site-packages/asgiref/current_thread_executor.py"", line 40, in run","{""level"":""error""}","{""project"":""70a52d41-885a-4854-b650-392635199b54"",""environment"":""67be7a60-8b6c-4987-8690-dbef25befe73"",""service"":""0f0f8a2f-9703-4f78-a3ed-8fcc57a55f5a"",""deployment"":""7bae97c9-ccbe-49fe-a672-c3ea4a2a6d1e"",""replica"":""5a8db334-f6d0-4ba9-a018-aa1be977e5fd""}",2026-02-15T09:40:33.323579956Z
    raise exc,"{""level"":""error""}","{""project"":""70a52d41-885a-4854-b650-392635199b54"",""environment"":""67be7a60-8b6c-4987-8690-dbef25befe73"",""service"":""0f0f8a2f-9703-4f78-a3ed-8fcc57a55f5a"",""deployment"":""7bae97c9-ccbe-49fe-a672-c3ea4a2a6d1e"",""replica"":""5a8db334-f6d0-4ba9-a018-aa1be977e5fd""}",2026-02-15T09:40:33.324414966Z
"    result = self.fn(*self.args, **self.kwargs)","{""level"":""error""}","{""project"":""70a52d41-885a-4854-b650-392635199b54"",""environment"":""67be7a60-8b6c-4987-8690-dbef25befe73"",""service"":""0f0f8a2f-9703-4f78-a3ed-8fcc57a55f5a"",""deployment"":""7bae97c9-ccbe-49fe-a672-c3ea4a2a6d1e"",""replica"":""5a8db334-f6d0-4ba9-a018-aa1be977e5fd""}",2026-02-15T09:40:33.324416466Z
"  File ""/usr/local/lib/python3.11/site-packages/rest_framework/views.py"", line 503, in dispatch","{""level"":""error""}","{""project"":""70a52d41-885a-4854-b650-392635199b54"",""environment"":""67be7a60-8b6c-4987-8690-dbef25befe73"",""service"":""0f0f8a2f-9703-4f78-a3ed-8fcc57a55f5a"",""deployment"":""7bae97c9-ccbe-49fe-a672-c3ea4a2a6d1e"",""replica"":""5a8db334-f6d0-4ba9-a018-aa1be977e5fd""}",2026-02-15T09:40:33.324422126Z
             ^^^^^^^^^^^^^^^^^^^^^^^^^^^^^^^^^^,"{""level"":""error""}","{""project"":""70a52d41-885a-4854-b650-392635199b54"",""environment"":""67be7a60-8b6c-4987-8690-dbef25befe73"",""service"":""0f0f8a2f-9703-4f78-a3ed-8fcc57a55f5a"",""deployment"":""7bae97c9-ccbe-49fe-a672-c3ea4a2a6d1e"",""replica"":""5a8db334-f6d0-4ba9-a018-aa1be977e5fd""}",2026-02-15T09:40:33.324425786Z
"    self.initial(request, *args, **kwargs)","{""level"":""error""}","{""project"":""70a52d41-885a-4854-b650-392635199b54"",""environment"":""67be7a60-8b6c-4987-8690-dbef25befe73"",""service"":""0f0f8a2f-9703-4f78-a3ed-8fcc57a55f5a"",""deployment"":""7bae97c9-ccbe-49fe-a672-c3ea4a2a6d1e"",""replica"":""5a8db334-f6d0-4ba9-a018-aa1be977e5fd""}",2026-02-15T09:40:33.324427716Z
"  File ""/usr/local/lib/python3.11/site-packages/asgiref/sync.py"", line 561, in thread_handler","{""level"":""error""}","{""project"":""70a52d41-885a-4854-b650-392635199b54"",""environment"":""67be7a60-8b6c-4987-8690-dbef25befe73"",""service"":""0f0f8a2f-9703-4f78-a3ed-8fcc57a55f5a"",""deployment"":""7bae97c9-ccbe-49fe-a672-c3ea4a2a6d1e"",""replica"":""5a8db334-f6d0-4ba9-a018-aa1be977e5fd""}",2026-02-15T09:40:33.324433316Z
"    return func(*args, **kwargs)","{""level"":""error""}","{""project"":""70a52d41-885a-4854-b650-392635199b54"",""environment"":""67be7a60-8b6c-4987-8690-dbef25befe73"",""service"":""0f0f8a2f-9703-4f78-a3ed-8fcc57a55f5a"",""deployment"":""7bae97c9-ccbe-49fe-a672-c3ea4a2a6d1e"",""replica"":""5a8db334-f6d0-4ba9-a018-aa1be977e5fd""}",2026-02-15T09:40:33.324439616Z
           ^^^^^^^^^^^^^^^^^^^^^,"{""level"":""error""}","{""project"":""70a52d41-885a-4854-b650-392635199b54"",""environment"":""67be7a60-8b6c-4987-8690-dbef25befe73"",""service"":""0f0f8a2f-9703-4f78-a3ed-8fcc57a55f5a"",""deployment"":""7bae97c9-ccbe-49fe-a672-c3ea4a2a6d1e"",""replica"":""5a8db334-f6d0-4ba9-a018-aa1be977e5fd""}",2026-02-15T09:40:33.324445826Z
"  File ""/usr/local/lib/python3.11/site-packages/django/views/decorators/csrf.py"", line 65, in _view_wrapper","{""level"":""error""}","{""project"":""70a52d41-885a-4854-b650-392635199b54"",""environment"":""67be7a60-8b6c-4987-8690-dbef25befe73"",""service"":""0f0f8a2f-9703-4f78-a3ed-8fcc57a55f5a"",""deployment"":""7bae97c9-ccbe-49fe-a672-c3ea4a2a6d1e"",""replica"":""5a8db334-f6d0-4ba9-a018-aa1be977e5fd""}",2026-02-15T09:40:33.324452216Z
"    return view_func(request, *args, **kwargs)","{""level"":""error""}","{""project"":""70a52d41-885a-4854-b650-392635199b54"",""environment"":""67be7a60-8b6c-4987-8690-dbef25befe73"",""service"":""0f0f8a2f-9703-4f78-a3ed-8fcc57a55f5a"",""deployment"":""7bae97c9-ccbe-49fe-a672-c3ea4a2a6d1e"",""replica"":""5a8db334-f6d0-4ba9-a018-aa1be977e5fd""}",2026-02-15T09:40:33.324458246Z
           ^^^^^^^^^^^^^^^^^^^^^^^^^^^^^^^^^^^,"{""level"":""error""}","{""project"":""70a52d41-885a-4854-b650-392635199b54"",""environment"":""67be7a60-8b6c-4987-8690-dbef25befe73"",""service"":""0f0f8a2f-9703-4f78-a3ed-8fcc57a55f5a"",""deployment"":""7bae97c9-ccbe-49fe-a672-c3ea4a2a6d1e"",""replica"":""5a8db334-f6d0-4ba9-a018-aa1be977e5fd""}",2026-02-15T09:40:33.324464416Z
"  File ""/usr/local/lib/python3.11/site-packages/rest_framework/viewsets.py"", line 125, in view","{""level"":""error""}","{""project"":""70a52d41-885a-4854-b650-392635199b54"",""environment"":""67be7a60-8b6c-4987-8690-dbef25befe73"",""service"":""0f0f8a2f-9703-4f78-a3ed-8fcc57a55f5a"",""deployment"":""7bae97c9-ccbe-49fe-a672-c3ea4a2a6d1e"",""replica"":""5a8db334-f6d0-4ba9-a018-aa1be977e5fd""}",2026-02-15T09:40:33.324470296Z
"    return self.dispatch(request, *args, **kwargs)","{""level"":""error""}","{""project"":""70a52d41-885a-4854-b650-392635199b54"",""environment"":""67be7a60-8b6c-4987-8690-dbef25befe73"",""service"":""0f0f8a2f-9703-4f78-a3ed-8fcc57a55f5a"",""deployment"":""7bae97c9-ccbe-49fe-a672-c3ea4a2a6d1e"",""replica"":""5a8db334-f6d0-4ba9-a018-aa1be977e5fd""}",2026-02-15T09:40:33.324477456Z
           ^^^^^^^^^^^^^^^^^^^^^^^^^^^^^^^^^^^^^^^,"{""level"":""error""}","{""project"":""70a52d41-885a-4854-b650-392635199b54"",""environment"":""67be7a60-8b6c-4987-8690-dbef25befe73"",""service"":""0f0f8a2f-9703-4f78-a3ed-8fcc57a55f5a"",""deployment"":""7bae97c9-ccbe-49fe-a672-c3ea4a2a6d1e"",""replica"":""5a8db334-f6d0-4ba9-a018-aa1be977e5fd""}",2026-02-15T09:40:33.324483426Z
"  File ""/usr/local/lib/python3.11/site-packages/rest_framework/views.py"", line 515, in dispatch","{""level"":""error""}","{""project"":""70a52d41-885a-4854-b650-392635199b54"",""environment"":""67be7a60-8b6c-4987-8690-dbef25befe73"",""service"":""0f0f8a2f-9703-4f78-a3ed-8fcc57a55f5a"",""deployment"":""7bae97c9-ccbe-49fe-a672-c3ea4a2a6d1e"",""replica"":""5a8db334-f6d0-4ba9-a018-aa1be977e5fd""}",2026-02-15T09:40:33.324489186Z
    response = self.handle_exception(exc),"{""level"":""error""}","{""project"":""70a52d41-885a-4854-b650-392635199b54"",""environment"":""67be7a60-8b6c-4987-8690-dbef25befe73"",""service"":""0f0f8a2f-9703-4f78-a3ed-8fcc57a55f5a"",""deployment"":""7bae97c9-ccbe-49fe-a672-c3ea4a2a6d1e"",""replica"":""5a8db334-f6d0-4ba9-a018-aa1be977e5fd""}",2026-02-15T09:40:33.324495136Z
               ^^^^^^^^^^^^^^^^^^^^^^^^^^,"{""level"":""error""}","{""project"":""70a52d41-885a-4854-b650-392635199b54"",""environment"":""67be7a60-8b6c-4987-8690-dbef25befe73"",""service"":""0f0f8a2f-9703-4f78-a3ed-8fcc57a55f5a"",""deployment"":""7bae97c9-ccbe-49fe-a672-c3ea4a2a6d1e"",""replica"":""5a8db334-f6d0-4ba9-a018-aa1be977e5fd""}",2026-02-15T09:40:33.324501206Z
"  File ""/usr/local/lib/python3.11/site-packages/rest_framework/views.py"", line 475, in handle_exception","{""level"":""error""}","{""project"":""70a52d41-885a-4854-b650-392635199b54"",""environment"":""67be7a60-8b6c-4987-8690-dbef25befe73"",""service"":""0f0f8a2f-9703-4f78-a3ed-8fcc57a55f5a"",""deployment"":""7bae97c9-ccbe-49fe-a672-c3ea4a2a6d1e"",""replica"":""5a8db334-f6d0-4ba9-a018-aa1be977e5fd""}",2026-02-15T09:40:33.324507456Z
    self.raise_uncaught_exception(exc),"{""level"":""error""}","{""project"":""70a52d41-885a-4854-b650-392635199b54"",""environment"":""67be7a60-8b6c-4987-8690-dbef25befe73"",""service"":""0f0f8a2f-9703-4f78-a3ed-8fcc57a55f5a"",""deployment"":""7bae97c9-ccbe-49fe-a672-c3ea4a2a6d1e"",""replica"":""5a8db334-f6d0-4ba9-a018-aa1be977e5fd""}",2026-02-15T09:40:33.324513386Z
"  File ""/usr/local/lib/python3.11/site-packages/rest_framework/views.py"", line 486, in raise_uncaught_exception","{""level"":""error""}","{""project"":""70a52d41-885a-4854-b650-392635199b54"",""environment"":""67be7a60-8b6c-4987-8690-dbef25befe73"",""service"":""0f0f8a2f-9703-4f78-a3ed-8fcc57a55f5a"",""deployment"":""7bae97c9-ccbe-49fe-a672-c3ea4a2a6d1e"",""replica"":""5a8db334-f6d0-4ba9-a018-aa1be977e5fd""}",2026-02-15T09:40:33.324519716Z
"  File ""/usr/local/lib/python3.11/site-packages/rest_framework/views.py"", line 420, in initial","{""level"":""error""}","{""project"":""70a52d41-885a-4854-b650-392635199b54"",""environment"":""67be7a60-8b6c-4987-8690-dbef25befe73"",""service"":""0f0f8a2f-9703-4f78-a3ed-8fcc57a55f5a"",""deployment"":""7bae97c9-ccbe-49fe-a672-c3ea4a2a6d1e"",""replica"":""5a8db334-f6d0-4ba9-a018-aa1be977e5fd""}",2026-02-15T09:40:33.324892636Z
    self.perform_authentication(request),"{""level"":""error""}","{""project"":""70a52d41-885a-4854-b650-392635199b54"",""environment"":""67be7a60-8b6c-4987-8690-dbef25befe73"",""service"":""0f0f8a2f-9703-4f78-a3ed-8fcc57a55f5a"",""deployment"":""7bae97c9-ccbe-49fe-a672-c3ea4a2a6d1e"",""replica"":""5a8db334-f6d0-4ba9-a018-aa1be977e5fd""}",2026-02-15T09:40:33.324898076Z
"  File ""/usr/local/lib/python3.11/site-packages/rest_framework/views.py"", line 330, in perform_authentication","{""level"":""error""}","{""project"":""70a52d41-885a-4854-b650-392635199b54"",""environment"":""67be7a60-8b6c-4987-8690-dbef25befe73"",""service"":""0f0f8a2f-9703-4f78-a3ed-8fcc57a55f5a"",""deployment"":""7bae97c9-ccbe-49fe-a672-c3ea4a2a6d1e"",""replica"":""5a8db334-f6d0-4ba9-a018-aa1be977e5fd""}",2026-02-15T09:40:33.324902416Z
    request.user,"{""level"":""error""}","{""project"":""70a52d41-885a-4854-b650-392635199b54"",""environment"":""67be7a60-8b6c-4987-8690-dbef25befe73"",""service"":""0f0f8a2f-9703-4f78-a3ed-8fcc57a55f5a"",""deployment"":""7bae97c9-ccbe-49fe-a672-c3ea4a2a6d1e"",""replica"":""5a8db334-f6d0-4ba9-a018-aa1be977e5fd""}",2026-02-15T09:40:33.324907256Z
"  File ""/usr/local/lib/python3.11/site-packages/rest_framework/request.py"", line 232, in user","{""level"":""error""}","{""project"":""70a52d41-885a-4854-b650-392635199b54"",""environment"":""67be7a60-8b6c-4987-8690-dbef25befe73"",""service"":""0f0f8a2f-9703-4f78-a3ed-8fcc57a55f5a"",""deployment"":""7bae97c9-ccbe-49fe-a672-c3ea4a2a6d1e"",""replica"":""5a8db334-f6d0-4ba9-a018-aa1be977e5fd""}",2026-02-15T09:40:33.324913406Z
    self._authenticate(),"{""level"":""error""}","{""project"":""70a52d41-885a-4854-b650-392635199b54"",""environment"":""67be7a60-8b6c-4987-8690-dbef25befe73"",""service"":""0f0f8a2f-9703-4f78-a3ed-8fcc57a55f5a"",""deployment"":""7bae97c9-ccbe-49fe-a672-c3ea4a2a6d1e"",""replica"":""5a8db334-f6d0-4ba9-a018-aa1be977e5fd""}",2026-02-15T09:40:33.324918086Z
"  File ""/usr/local/lib/python3.11/site-packages/rest_framework/request.py"", line 385, in _authenticate","{""level"":""error""}","{""project"":""70a52d41-885a-4854-b650-392635199b54"",""environment"":""67be7a60-8b6c-4987-8690-dbef25befe73"",""service"":""0f0f8a2f-9703-4f78-a3ed-8fcc57a55f5a"",""deployment"":""7bae97c9-ccbe-49fe-a672-c3ea4a2a6d1e"",""replica"":""5a8db334-f6d0-4ba9-a018-aa1be977e5fd""}",2026-02-15T09:40:33.324922146Z
    user_auth_tuple = authenticator.authenticate(self),"{""level"":""error""}","{""project"":""70a52d41-885a-4854-b650-392635199b54"",""environment"":""67be7a60-8b6c-4987-8690-dbef25befe73"",""service"":""0f0f8a2f-9703-4f78-a3ed-8fcc57a55f5a"",""deployment"":""7bae97c9-ccbe-49fe-a672-c3ea4a2a6d1e"",""replica"":""5a8db334-f6d0-4ba9-a018-aa1be977e5fd""}",2026-02-15T09:40:33.324926456Z
                      ^^^^^^^^^^^^^^^^^^^^^^^^^^^^^^^^,"{""level"":""error""}","{""project"":""70a52d41-885a-4854-b650-392635199b54"",""environment"":""67be7a60-8b6c-4987-8690-dbef25befe73"",""service"":""0f0f8a2f-9703-4f78-a3ed-8fcc57a55f5a"",""deployment"":""7bae97c9-ccbe-49fe-a672-c3ea4a2a6d1e"",""replica"":""5a8db334-f6d0-4ba9-a018-aa1be977e5fd""}",2026-02-15T09:40:33.324930566Z
"  File ""/usr/local/lib/python3.11/site-packages/rest_framework_simplejwt/authentication.py"", line 51, in authenticate","{""level"":""error""}","{""project"":""70a52d41-885a-4854-b650-392635199b54"",""environment"":""67be7a60-8b6c-4987-8690-dbef25befe73"",""service"":""0f0f8a2f-9703-4f78-a3ed-8fcc57a55f5a"",""deployment"":""7bae97c9-ccbe-49fe-a672-c3ea4a2a6d1e"",""replica"":""5a8db334-f6d0-4ba9-a018-aa1be977e5fd""}",2026-02-15T09:40:33.324935926Z
"    return self.get_user(validated_token), validated_token","{""level"":""error""}","{""project"":""70a52d41-885a-4854-b650-392635199b54"",""environment"":""67be7a60-8b6c-4987-8690-dbef25befe73"",""service"":""0f0f8a2f-9703-4f78-a3ed-8fcc57a55f5a"",""deployment"":""7bae97c9-ccbe-49fe-a672-c3ea4a2a6d1e"",""replica"":""5a8db334-f6d0-4ba9-a018-aa1be977e5fd""}",2026-02-15T09:40:33.324940546Z
           ^^^^^^^^^^^^^^^^^^^^^^^^^^^^^^,"{""level"":""error""}","{""project"":""70a52d41-885a-4854-b650-392635199b54"",""environment"":""67be7a60-8b6c-4987-8690-dbef25befe73"",""service"":""0f0f8a2f-9703-4f78-a3ed-8fcc57a55f5a"",""deployment"":""7bae97c9-ccbe-49fe-a672-c3ea4a2a6d1e"",""replica"":""5a8db334-f6d0-4ba9-a018-aa1be977e5fd""}",2026-02-15T09:40:33.324944596Z
"  File ""/usr/local/lib/python3.11/site-packages/rest_framework_simplejwt/authentication.py"", line 132, in get_user","{""level"":""error""}","{""project"":""70a52d41-885a-4854-b650-392635199b54"",""environment"":""67be7a60-8b6c-4987-8690-dbef25befe73"",""service"":""0f0f8a2f-9703-4f78-a3ed-8fcc57a55f5a"",""deployment"":""7bae97c9-ccbe-49fe-a672-c3ea4a2a6d1e"",""replica"":""5a8db334-f6d0-4ba9-a018-aa1be977e5fd""}",2026-02-15T09:40:33.324948386Z
    user = self.user_model.objects.get(**{api_settings.USER_ID_FIELD: user_id}),"{""level"":""error""}","{""project"":""70a52d41-885a-4854-b650-392635199b54"",""environment"":""67be7a60-8b6c-4987-8690-dbef25befe73"",""service"":""0f0f8a2f-9703-4f78-a3ed-8fcc57a55f5a"",""deployment"":""7bae97c9-ccbe-49fe-a672-c3ea4a2a6d1e"",""replica"":""5a8db334-f6d0-4ba9-a018-aa1be977e5fd""}",2026-02-15T09:40:33.324952336Z
           ^^^^^^^^^^^^^^^^^^^^^^^^^^^^^^^^^^^^^^^^^^^^^^^^^^^^^^^^^^^^^^^^^^^^,"{""level"":""error""}","{""project"":""70a52d41-885a-4854-b650-392635199b54"",""environment"":""67be7a60-8b6c-4987-8690-dbef25befe73"",""service"":""0f0f8a2f-9703-4f78-a3ed-8fcc57a55f5a"",""deployment"":""7bae97c9-ccbe-49fe-a672-c3ea4a2a6d1e"",""replica"":""5a8db334-f6d0-4ba9-a018-aa1be977e5fd""}",2026-02-15T09:40:33.324956206Z
"  File ""/usr/local/lib/python3.11/site-packages/django/db/models/manager.py"", line 87, in manager_method","{""level"":""error""}","{""project"":""70a52d41-885a-4854-b650-392635199b54"",""environment"":""67be7a60-8b6c-4987-8690-dbef25befe73"",""service"":""0f0f8a2f-9703-4f78-a3ed-8fcc57a55f5a"",""deployment"":""7bae97c9-ccbe-49fe-a672-c3ea4a2a6d1e"",""replica"":""5a8db334-f6d0-4ba9-a018-aa1be977e5fd""}",2026-02-15T09:40:33.324960106Z
"    return getattr(self.get_queryset(), name)(*args, **kwargs)","{""level"":""error""}","{""project"":""70a52d41-885a-4854-b650-392635199b54"",""environment"":""67be7a60-8b6c-4987-8690-dbef25befe73"",""service"":""0f0f8a2f-9703-4f78-a3ed-8fcc57a55f5a"",""deployment"":""7bae97c9-ccbe-49fe-a672-c3ea4a2a6d1e"",""replica"":""5a8db334-f6d0-4ba9-a018-aa1be977e5fd""}",2026-02-15T09:40:33.324964436Z
           ^^^^^^^^^^^^^^^^^^^^^^^^^^^^^^^^^^^^^^^^^^^^^^^^^^^,"{""level"":""error""}","{""project"":""70a52d41-885a-4854-b650-392635199b54"",""environment"":""67be7a60-8b6c-4987-8690-dbef25befe73"",""service"":""0f0f8a2f-9703-4f78-a3ed-8fcc57a55f5a"",""deployment"":""7bae97c9-ccbe-49fe-a672-c3ea4a2a6d1e"",""replica"":""5a8db334-f6d0-4ba9-a018-aa1be977e5fd""}",2026-02-15T09:40:33.324969366Z
"  File ""/usr/local/lib/python3.11/site-packages/django/db/models/query.py"", line 631, in get","{""level"":""error""}","{""project"":""70a52d41-885a-4854-b650-392635199b54"",""environment"":""67be7a60-8b6c-4987-8690-dbef25befe73"",""service"":""0f0f8a2f-9703-4f78-a3ed-8fcc57a55f5a"",""deployment"":""7bae97c9-ccbe-49fe-a672-c3ea4a2a6d1e"",""replica"":""5a8db334-f6d0-4ba9-a018-aa1be977e5fd""}",2026-02-15T09:40:33.325956896Z
    num = len(clone),"{""level"":""error""}","{""project"":""70a52d41-885a-4854-b650-392635199b54"",""environment"":""67be7a60-8b6c-4987-8690-dbef25befe73"",""service"":""0f0f8a2f-9703-4f78-a3ed-8fcc57a55f5a"",""deployment"":""7bae97c9-ccbe-49fe-a672-c3ea4a2a6d1e"",""replica"":""5a8db334-f6d0-4ba9-a018-aa1be977e5fd""}",2026-02-15T09:40:33.325962936Z
          ^^^^^^^^^^,"{""level"":""error""}","{""project"":""70a52d41-885a-4854-b650-392635199b54"",""environment"":""67be7a60-8b6c-4987-8690-dbef25befe73"",""service"":""0f0f8a2f-9703-4f78-a3ed-8fcc57a55f5a"",""deployment"":""7bae97c9-ccbe-49fe-a672-c3ea4a2a6d1e"",""replica"":""5a8db334-f6d0-4ba9-a018-aa1be977e5fd""}",2026-02-15T09:40:33.325970176Z
"  File ""/usr/local/lib/python3.11/site-packages/django/db/models/query.py"", line 368, in __len__","{""level"":""error""}","{""project"":""70a52d41-885a-4854-b650-392635199b54"",""environment"":""67be7a60-8b6c-4987-8690-dbef25befe73"",""service"":""0f0f8a2f-9703-4f78-a3ed-8fcc57a55f5a"",""deployment"":""7bae97c9-ccbe-49fe-a672-c3ea4a2a6d1e"",""replica"":""5a8db334-f6d0-4ba9-a018-aa1be977e5fd""}",2026-02-15T09:40:33.325976806Z
    self._fetch_all(),"{""level"":""error""}","{""project"":""70a52d41-885a-4854-b650-392635199b54"",""environment"":""67be7a60-8b6c-4987-8690-dbef25befe73"",""service"":""0f0f8a2f-9703-4f78-a3ed-8fcc57a55f5a"",""deployment"":""7bae97c9-ccbe-49fe-a672-c3ea4a2a6d1e"",""replica"":""5a8db334-f6d0-4ba9-a018-aa1be977e5fd""}",2026-02-15T09:40:33.325983416Z
"  File ""/usr/local/lib/python3.11/site-packages/django/db/models/query.py"", line 1954, in _fetch_all","{""level"":""error""}","{""project"":""70a52d41-885a-4854-b650-392635199b54"",""environment"":""67be7a60-8b6c-4987-8690-dbef25befe73"",""service"":""0f0f8a2f-9703-4f78-a3ed-8fcc57a55f5a"",""deployment"":""7bae97c9-ccbe-49fe-a672-c3ea4a2a6d1e"",""replica"":""5a8db334-f6d0-4ba9-a018-aa1be977e5fd""}",2026-02-15T09:40:33.325989916Z
    self._result_cache = list(self._iterable_class(self)),"{""level"":""error""}","{""project"":""70a52d41-885a-4854-b650-392635199b54"",""environment"":""67be7a60-8b6c-4987-8690-dbef25befe73"",""service"":""0f0f8a2f-9703-4f78-a3ed-8fcc57a55f5a"",""deployment"":""7bae97c9-ccbe-49fe-a672-c3ea4a2a6d1e"",""replica"":""5a8db334-f6d0-4ba9-a018-aa1be977e5fd""}",2026-02-15T09:40:33.325997656Z
                         ^^^^^^^^^^^^^^^^^^^^^^^^^^^^^^^^,"{""level"":""error""}","{""project"":""70a52d41-885a-4854-b650-392635199b54"",""environment"":""67be7a60-8b6c-4987-8690-dbef25befe73"",""service"":""0f0f8a2f-9703-4f78-a3ed-8fcc57a55f5a"",""deployment"":""7bae97c9-ccbe-49fe-a672-c3ea4a2a6d1e"",""replica"":""5a8db334-f6d0-4ba9-a018-aa1be977e5fd""}",2026-02-15T09:40:33.326005786Z
"  File ""/usr/local/lib/python3.11/site-packages/django/db/models/query.py"", line 93, in __iter__","{""level"":""error""}","{""project"":""70a52d41-885a-4854-b650-392635199b54"",""environment"":""67be7a60-8b6c-4987-8690-dbef25befe73"",""service"":""0f0f8a2f-9703-4f78-a3ed-8fcc57a55f5a"",""deployment"":""7bae97c9-ccbe-49fe-a672-c3ea4a2a6d1e"",""replica"":""5a8db334-f6d0-4ba9-a018-aa1be977e5fd""}",2026-02-15T09:40:33.326011806Z
    results = compiler.execute_sql(,"{""level"":""error""}","{""project"":""70a52d41-885a-4854-b650-392635199b54"",""environment"":""67be7a60-8b6c-4987-8690-dbef25befe73"",""service"":""0f0f8a2f-9703-4f78-a3ed-8fcc57a55f5a"",""deployment"":""7bae97c9-ccbe-49fe-a672-c3ea4a2a6d1e"",""replica"":""5a8db334-f6d0-4ba9-a018-aa1be977e5fd""}",2026-02-15T09:40:33.326019776Z
              ^^^^^^^^^^^^^^^^^^^^^,"{""level"":""error""}","{""project"":""70a52d41-885a-4854-b650-392635199b54"",""environment"":""67be7a60-8b6c-4987-8690-dbef25befe73"",""service"":""0f0f8a2f-9703-4f78-a3ed-8fcc57a55f5a"",""deployment"":""7bae97c9-ccbe-49fe-a672-c3ea4a2a6d1e"",""replica"":""5a8db334-f6d0-4ba9-a018-aa1be977e5fd""}",2026-02-15T09:40:33.326026026Z
"  File ""/usr/local/lib/python3.11/site-packages/django/db/models/sql/compiler.py"", line 1621, in execute_sql","{""level"":""error""}","{""project"":""70a52d41-885a-4854-b650-392635199b54"",""environment"":""67be7a60-8b6c-4987-8690-dbef25befe73"",""service"":""0f0f8a2f-9703-4f78-a3ed-8fcc57a55f5a"",""deployment"":""7bae97c9-ccbe-49fe-a672-c3ea4a2a6d1e"",""replica"":""5a8db334-f6d0-4ba9-a018-aa1be977e5fd""}",2026-02-15T09:40:33.326032546Z
    cursor = self.connection.cursor(),"{""level"":""error""}","{""project"":""70a52d41-885a-4854-b650-392635199b54"",""environment"":""67be7a60-8b6c-4987-8690-dbef25befe73"",""service"":""0f0f8a2f-9703-4f78-a3ed-8fcc57a55f5a"",""deployment"":""7bae97c9-ccbe-49fe-a672-c3ea4a2a6d1e"",""replica"":""5a8db334-f6d0-4ba9-a018-aa1be977e5fd""}",2026-02-15T09:40:33.326038866Z
             ^^^^^^^^^^^^^^^^^^^^^^^^,"{""level"":""error""}","{""project"":""70a52d41-885a-4854-b650-392635199b54"",""environment"":""67be7a60-8b6c-4987-8690-dbef25befe73"",""service"":""0f0f8a2f-9703-4f78-a3ed-8fcc57a55f5a"",""deployment"":""7bae97c9-ccbe-49fe-a672-c3ea4a2a6d1e"",""replica"":""5a8db334-f6d0-4ba9-a018-aa1be977e5fd""}",2026-02-15T09:40:33.326045106Z
"  File ""/usr/local/lib/python3.11/site-packages/django/utils/asyncio.py"", line 26, in inner","{""level"":""error""}","{""project"":""70a52d41-885a-4854-b650-392635199b54"",""environment"":""67be7a60-8b6c-4987-8690-dbef25befe73"",""service"":""0f0f8a2f-9703-4f78-a3ed-8fcc57a55f5a"",""deployment"":""7bae97c9-ccbe-49fe-a672-c3ea4a2a6d1e"",""replica"":""5a8db334-f6d0-4ba9-a018-aa1be977e5fd""}",2026-02-15T09:40:33.326051006Z
"    return func(*args, **kwargs)","{""level"":""error""}","{""project"":""70a52d41-885a-4854-b650-392635199b54"",""environment"":""67be7a60-8b6c-4987-8690-dbef25befe73"",""service"":""0f0f8a2f-9703-4f78-a3ed-8fcc57a55f5a"",""deployment"":""7bae97c9-ccbe-49fe-a672-c3ea4a2a6d1e"",""replica"":""5a8db334-f6d0-4ba9-a018-aa1be977e5fd""}",2026-02-15T09:40:33.326057776Z
           ^^^^^^^^^^^^^^^^^^^^^,"{""level"":""error""}","{""project"":""70a52d41-885a-4854-b650-392635199b54"",""environment"":""67be7a60-8b6c-4987-8690-dbef25befe73"",""service"":""0f0f8a2f-9703-4f78-a3ed-8fcc57a55f5a"",""deployment"":""7bae97c9-ccbe-49fe-a672-c3ea4a2a6d1e"",""replica"":""5a8db334-f6d0-4ba9-a018-aa1be977e5fd""}",2026-02-15T09:40:33.326064906Z
"  File ""/usr/local/lib/python3.11/site-packages/django/db/backends/base/base.py"", line 320, in cursor","{""level"":""error""}","{""project"":""70a52d41-885a-4854-b650-392635199b54"",""environment"":""67be7a60-8b6c-4987-8690-dbef25befe73"",""service"":""0f0f8a2f-9703-4f78-a3ed-8fcc57a55f5a"",""deployment"":""7bae97c9-ccbe-49fe-a672-c3ea4a2a6d1e"",""replica"":""5a8db334-f6d0-4ba9-a018-aa1be977e5fd""}",2026-02-15T09:40:33.326071496Z
    return self._cursor(),"{""level"":""error""}","{""project"":""70a52d41-885a-4854-b650-392635199b54"",""environment"":""67be7a60-8b6c-4987-8690-dbef25befe73"",""service"":""0f0f8a2f-9703-4f78-a3ed-8fcc57a55f5a"",""deployment"":""7bae97c9-ccbe-49fe-a672-c3ea4a2a6d1e"",""replica"":""5a8db334-f6d0-4ba9-a018-aa1be977e5fd""}",2026-02-15T09:40:33.326078216Z
           ^^^^^^^^^^^^^^,"{""level"":""error""}","{""project"":""70a52d41-885a-4854-b650-392635199b54"",""environment"":""67be7a60-8b6c-4987-8690-dbef25befe73"",""service"":""0f0f8a2f-9703-4f78-a3ed-8fcc57a55f5a"",""deployment"":""7bae97c9-ccbe-49fe-a672-c3ea4a2a6d1e"",""replica"":""5a8db334-f6d0-4ba9-a018-aa1be977e5fd""}",2026-02-15T09:40:33.326084966Z
"  File ""/usr/local/lib/python3.11/site-packages/django/db/backends/base/base.py"", line 296, in _cursor","{""level"":""error""}","{""project"":""70a52d41-885a-4854-b650-392635199b54"",""environment"":""67be7a60-8b6c-4987-8690-dbef25befe73"",""service"":""0f0f8a2f-9703-4f78-a3ed-8fcc57a55f5a"",""deployment"":""7bae97c9-ccbe-49fe-a672-c3ea4a2a6d1e"",""replica"":""5a8db334-f6d0-4ba9-a018-aa1be977e5fd""}",2026-02-15T09:40:33.326090896Z
    self.ensure_connection(),"{""level"":""error""}","{""project"":""70a52d41-885a-4854-b650-392635199b54"",""environment"":""67be7a60-8b6c-4987-8690-dbef25befe73"",""service"":""0f0f8a2f-9703-4f78-a3ed-8fcc57a55f5a"",""deployment"":""7bae97c9-ccbe-49fe-a672-c3ea4a2a6d1e"",""replica"":""5a8db334-f6d0-4ba9-a018-aa1be977e5fd""}",2026-02-15T09:40:33.326455456Z
"  File ""/usr/local/lib/python3.11/site-packages/django/utils/asyncio.py"", line 26, in inner","{""level"":""error""}","{""project"":""70a52d41-885a-4854-b650-392635199b54"",""environment"":""67be7a60-8b6c-4987-8690-dbef25befe73"",""service"":""0f0f8a2f-9703-4f78-a3ed-8fcc57a55f5a"",""deployment"":""7bae97c9-ccbe-49fe-a672-c3ea4a2a6d1e"",""replica"":""5a8db334-f6d0-4ba9-a018-aa1be977e5fd""}",2026-02-15T09:40:33.326464276Z
"    return func(*args, **kwargs)","{""level"":""error""}","{""project"":""70a52d41-885a-4854-b650-392635199b54"",""environment"":""67be7a60-8b6c-4987-8690-dbef25befe73"",""service"":""0f0f8a2f-9703-4f78-a3ed-8fcc57a55f5a"",""deployment"":""7bae97c9-ccbe-49fe-a672-c3ea4a2a6d1e"",""replica"":""5a8db334-f6d0-4ba9-a018-aa1be977e5fd""}",2026-02-15T09:40:33.326470446Z
           ^^^^^^^^^^^^^^^^^^^^^,"{""level"":""error""}","{""project"":""70a52d41-885a-4854-b650-392635199b54"",""environment"":""67be7a60-8b6c-4987-8690-dbef25befe73"",""service"":""0f0f8a2f-9703-4f78-a3ed-8fcc57a55f5a"",""deployment"":""7bae97c9-ccbe-49fe-a672-c3ea4a2a6d1e"",""replica"":""5a8db334-f6d0-4ba9-a018-aa1be977e5fd""}",2026-02-15T09:40:33.326476026Z
"  File ""/usr/local/lib/python3.11/site-packages/django/db/backends/base/base.py"", line 278, in ensure_connection","{""level"":""error""}","{""project"":""70a52d41-885a-4854-b650-392635199b54"",""environment"":""67be7a60-8b6c-4987-8690-dbef25befe73"",""service"":""0f0f8a2f-9703-4f78-a3ed-8fcc57a55f5a"",""deployment"":""7bae97c9-ccbe-49fe-a672-c3ea4a2a6d1e"",""replica"":""5a8db334-f6d0-4ba9-a018-aa1be977e5fd""}",2026-02-15T09:40:33.326480076Z
    with self.wrap_database_errors:,"{""level"":""error""}","{""project"":""70a52d41-885a-4854-b650-392635199b54"",""environment"":""67be7a60-8b6c-4987-8690-dbef25befe73"",""service"":""0f0f8a2f-9703-4f78-a3ed-8fcc57a55f5a"",""deployment"":""7bae97c9-ccbe-49fe-a672-c3ea4a2a6d1e"",""replica"":""5a8db334-f6d0-4ba9-a018-aa1be977e5fd""}",2026-02-15T09:40:33.326483896Z
"  File ""/usr/local/lib/python3.11/site-packages/django/db/utils.py"", line 91, in __exit__","{""level"":""error""}","{""project"":""70a52d41-885a-4854-b650-392635199b54"",""environment"":""67be7a60-8b6c-4987-8690-dbef25befe73"",""service"":""0f0f8a2f-9703-4f78-a3ed-8fcc57a55f5a"",""deployment"":""7bae97c9-ccbe-49fe-a672-c3ea4a2a6d1e"",""replica"":""5a8db334-f6d0-4ba9-a018-aa1be977e5fd""}",2026-02-15T09:40:33.326488066Z
    raise dj_exc_value.with_traceback(traceback) from exc_value,"{""level"":""error""}","{""project"":""70a52d41-885a-4854-b650-392635199b54"",""environment"":""67be7a60-8b6c-4987-8690-dbef25befe73"",""service"":""0f0f8a2f-9703-4f78-a3ed-8fcc57a55f5a"",""deployment"":""7bae97c9-ccbe-49fe-a672-c3ea4a2a6d1e"",""replica"":""5a8db334-f6d0-4ba9-a018-aa1be977e5fd""}",2026-02-15T09:40:33.326492826Z
"  File ""/usr/local/lib/python3.11/site-packages/django/db/backends/base/base.py"", line 279, in ensure_connection","{""level"":""error""}","{""project"":""70a52d41-885a-4854-b650-392635199b54"",""environment"":""67be7a60-8b6c-4987-8690-dbef25befe73"",""service"":""0f0f8a2f-9703-4f78-a3ed-8fcc57a55f5a"",""deployment"":""7bae97c9-ccbe-49fe-a672-c3ea4a2a6d1e"",""replica"":""5a8db334-f6d0-4ba9-a018-aa1be977e5fd""}",2026-02-15T09:40:33.326497406Z
    self.connect(),"{""level"":""error""}","{""project"":""70a52d41-885a-4854-b650-392635199b54"",""environment"":""67be7a60-8b6c-4987-8690-dbef25befe73"",""service"":""0f0f8a2f-9703-4f78-a3ed-8fcc57a55f5a"",""deployment"":""7bae97c9-ccbe-49fe-a672-c3ea4a2a6d1e"",""replica"":""5a8db334-f6d0-4ba9-a018-aa1be977e5fd""}",2026-02-15T09:40:33.326501236Z
"  File ""/usr/local/lib/python3.11/site-packages/django/utils/asyncio.py"", line 26, in inner","{""level"":""error""}","{""project"":""70a52d41-885a-4854-b650-392635199b54"",""environment"":""67be7a60-8b6c-4987-8690-dbef25befe73"",""service"":""0f0f8a2f-9703-4f78-a3ed-8fcc57a55f5a"",""deployment"":""7bae97c9-ccbe-49fe-a672-c3ea4a2a6d1e"",""replica"":""5a8db334-f6d0-4ba9-a018-aa1be977e5fd""}",2026-02-15T09:40:33.326505206Z
"    return func(*args, **kwargs)","{""level"":""error""}","{""project"":""70a52d41-885a-4854-b650-392635199b54"",""environment"":""67be7a60-8b6c-4987-8690-dbef25befe73"",""service"":""0f0f8a2f-9703-4f78-a3ed-8fcc57a55f5a"",""deployment"":""7bae97c9-ccbe-49fe-a672-c3ea4a2a6d1e"",""replica"":""5a8db334-f6d0-4ba9-a018-aa1be977e5fd""}",2026-02-15T09:40:33.326509006Z
           ^^^^^^^^^^^^^^^^^^^^^,"{""level"":""error""}","{""project"":""70a52d41-885a-4854-b650-392635199b54"",""environment"":""67be7a60-8b6c-4987-8690-dbef25befe73"",""service"":""0f0f8a2f-9703-4f78-a3ed-8fcc57a55f5a"",""deployment"":""7bae97c9-ccbe-49fe-a672-c3ea4a2a6d1e"",""replica"":""5a8db334-f6d0-4ba9-a018-aa1be977e5fd""}",2026-02-15T09:40:33.326512996Z
"  File ""/usr/local/lib/python3.11/site-packages/django/db/backends/base/base.py"", line 256, in connect","{""level"":""error""}","{""project"":""70a52d41-885a-4854-b650-392635199b54"",""environment"":""67be7a60-8b6c-4987-8690-dbef25befe73"",""service"":""0f0f8a2f-9703-4f78-a3ed-8fcc57a55f5a"",""deployment"":""7bae97c9-ccbe-49fe-a672-c3ea4a2a6d1e"",""replica"":""5a8db334-f6d0-4ba9-a018-aa1be977e5fd""}",2026-02-15T09:40:33.326517086Z
    self.connection = self.get_new_connection(conn_params),"{""level"":""error""}","{""project"":""70a52d41-885a-4854-b650-392635199b54"",""environment"":""67be7a60-8b6c-4987-8690-dbef25befe73"",""service"":""0f0f8a2f-9703-4f78-a3ed-8fcc57a55f5a"",""deployment"":""7bae97c9-ccbe-49fe-a672-c3ea4a2a6d1e"",""replica"":""5a8db334-f6d0-4ba9-a018-aa1be977e5fd""}",2026-02-15T09:40:33.326520986Z
                      ^^^^^^^^^^^^^^^^^^^^^^^^^^^^^^^^^^^^,"{""level"":""error""}","{""project"":""70a52d41-885a-4854-b650-392635199b54"",""environment"":""67be7a60-8b6c-4987-8690-dbef25befe73"",""service"":""0f0f8a2f-9703-4f78-a3ed-8fcc57a55f5a"",""deployment"":""7bae97c9-ccbe-49fe-a672-c3ea4a2a6d1e"",""replica"":""5a8db334-f6d0-4ba9-a018-aa1be977e5fd""}",2026-02-15T09:40:33.326524706Z
"  File ""/usr/local/lib/python3.11/site-packages/django/utils/asyncio.py"", line 26, in inner","{""level"":""error""}","{""project"":""70a52d41-885a-4854-b650-392635199b54"",""environment"":""67be7a60-8b6c-4987-8690-dbef25befe73"",""service"":""0f0f8a2f-9703-4f78-a3ed-8fcc57a55f5a"",""deployment"":""7bae97c9-ccbe-49fe-a672-c3ea4a2a6d1e"",""replica"":""5a8db334-f6d0-4ba9-a018-aa1be977e5fd""}",2026-02-15T09:40:33.326528536Z
"    return func(*args, **kwargs)","{""level"":""error""}","{""project"":""70a52d41-885a-4854-b650-392635199b54"",""environment"":""67be7a60-8b6c-4987-8690-dbef25befe73"",""service"":""0f0f8a2f-9703-4f78-a3ed-8fcc57a55f5a"",""deployment"":""7bae97c9-ccbe-49fe-a672-c3ea4a2a6d1e"",""replica"":""5a8db334-f6d0-4ba9-a018-aa1be977e5fd""}",2026-02-15T09:40:33.326532526Z
           ^^^^^^^^^^^^^^^^^^^^^,"{""level"":""error""}","{""project"":""70a52d41-885a-4854-b650-392635199b54"",""environment"":""67be7a60-8b6c-4987-8690-dbef25befe73"",""service"":""0f0f8a2f-9703-4f78-a3ed-8fcc57a55f5a"",""deployment"":""7bae97c9-ccbe-49fe-a672-c3ea4a2a6d1e"",""replica"":""5a8db334-f6d0-4ba9-a018-aa1be977e5fd""}",2026-02-15T09:40:33.326536446Z
"  File ""/usr/local/lib/python3.11/site-packages/django/db/backends/postgresql/base.py"", line 332, in get_new_connection","{""level"":""error""}","{""project"":""70a52d41-885a-4854-b650-392635199b54"",""environment"":""67be7a60-8b6c-4987-8690-dbef25befe73"",""service"":""0f0f8a2f-9703-4f78-a3ed-8fcc57a55f5a"",""deployment"":""7bae97c9-ccbe-49fe-a672-c3ea4a2a6d1e"",""replica"":""5a8db334-f6d0-4ba9-a018-aa1be977e5fd""}",2026-02-15T09:40:33.326540326Z
    connection = self.Database.connect(**conn_params),"{""level"":""error""}","{""project"":""70a52d41-885a-4854-b650-392635199b54"",""environment"":""67be7a60-8b6c-4987-8690-dbef25befe73"",""service"":""0f0f8a2f-9703-4f78-a3ed-8fcc57a55f5a"",""deployment"":""7bae97c9-ccbe-49fe-a672-c3ea4a2a6d1e"",""replica"":""5a8db334-f6d0-4ba9-a018-aa1be977e5fd""}",2026-02-15T09:40:33.327198906Z
    self.connection = self.get_new_connection(conn_params),"{""level"":""error""}","{""project"":""70a52d41-885a-4854-b650-392635199b54"",""environment"":""67be7a60-8b6c-4987-8690-dbef25befe73"",""service"":""0f0f8a2f-9703-4f78-a3ed-8fcc57a55f5a"",""deployment"":""7bae97c9-ccbe-49fe-a672-c3ea4a2a6d1e"",""replica"":""5a8db334-f6d0-4ba9-a018-aa1be977e5fd""}",2026-02-15T09:40:33.327201016Z
                 ^^^^^^^^^^^^^^^^^^^^^^^^^^^^^^^^^^^^,"{""level"":""error""}","{""project"":""70a52d41-885a-4854-b650-392635199b54"",""environment"":""67be7a60-8b6c-4987-8690-dbef25befe73"",""service"":""0f0f8a2f-9703-4f78-a3ed-8fcc57a55f5a"",""deployment"":""7bae97c9-ccbe-49fe-a672-c3ea4a2a6d1e"",""replica"":""5a8db334-f6d0-4ba9-a018-aa1be977e5fd""}",2026-02-15T09:40:33.327205306Z
                      ^^^^^^^^^^^^^^^^^^^^^^^^^^^^^^^^^^^^,"{""level"":""error""}","{""project"":""70a52d41-885a-4854-b650-392635199b54"",""environment"":""67be7a60-8b6c-4987-8690-dbef25befe73"",""service"":""0f0f8a2f-9703-4f78-a3ed-8fcc57a55f5a"",""deployment"":""7bae97c9-ccbe-49fe-a672-c3ea4a2a6d1e"",""replica"":""5a8db334-f6d0-4ba9-a018-aa1be977e5fd""}",2026-02-15T09:40:33.327208426Z
"  File ""/usr/local/lib/python3.11/site-packages/psycopg2/__init__.py"", line 122, in connect","{""level"":""error""}","{""project"":""70a52d41-885a-4854-b650-392635199b54"",""environment"":""67be7a60-8b6c-4987-8690-dbef25befe73"",""service"":""0f0f8a2f-9703-4f78-a3ed-8fcc57a55f5a"",""deployment"":""7bae97c9-ccbe-49fe-a672-c3ea4a2a6d1e"",""replica"":""5a8db334-f6d0-4ba9-a018-aa1be977e5fd""}",2026-02-15T09:40:33.327210156Z
"    conn = _connect(dsn, connection_factory=connection_factory, **kwasync)","{""level"":""error""}","{""project"":""70a52d41-885a-4854-b650-392635199b54"",""environment"":""67be7a60-8b6c-4987-8690-dbef25befe73"",""service"":""0f0f8a2f-9703-4f78-a3ed-8fcc57a55f5a"",""deployment"":""7bae97c9-ccbe-49fe-a672-c3ea4a2a6d1e"",""replica"":""5a8db334-f6d0-4ba9-a018-aa1be977e5fd""}",2026-02-15T09:40:33.327214365Z
"  File ""/usr/local/lib/python3.11/site-packages/django/utils/asyncio.py"", line 26, in inner","{""level"":""error""}","{""project"":""70a52d41-885a-4854-b650-392635199b54"",""environment"":""67be7a60-8b6c-4987-8690-dbef25befe73"",""service"":""0f0f8a2f-9703-4f78-a3ed-8fcc57a55f5a"",""deployment"":""7bae97c9-ccbe-49fe-a672-c3ea4a2a6d1e"",""replica"":""5a8db334-f6d0-4ba9-a018-aa1be977e5fd""}",2026-02-15T09:40:33.327215016Z
           ^^^^^^^^^^^^^^^^^^^^^^^^^^^^^^^^^^^^^^^^^^^^^^^^^^^^^^^^^^^^^^^,"{""level"":""error""}","{""project"":""70a52d41-885a-4854-b650-392635199b54"",""environment"":""67be7a60-8b6c-4987-8690-dbef25befe73"",""service"":""0f0f8a2f-9703-4f78-a3ed-8fcc57a55f5a"",""deployment"":""7bae97c9-ccbe-49fe-a672-c3ea4a2a6d1e"",""replica"":""5a8db334-f6d0-4ba9-a018-aa1be977e5fd""}",2026-02-15T09:40:33.327218585Z
"    return func(*args, **kwargs)","{""level"":""error""}","{""project"":""70a52d41-885a-4854-b650-392635199b54"",""environment"":""67be7a60-8b6c-4987-8690-dbef25befe73"",""service"":""0f0f8a2f-9703-4f78-a3ed-8fcc57a55f5a"",""deployment"":""7bae97c9-ccbe-49fe-a672-c3ea4a2a6d1e"",""replica"":""5a8db334-f6d0-4ba9-a018-aa1be977e5fd""}",2026-02-15T09:40:33.327219876Z
"django.db.utils.OperationalError: connection to server at ""15.164.188.235"", port 5432 failed: FATAL:  MaxClientsInSessionMode: max clients reached - in Session mode max clients are limited to pool_size","{""level"":""error""}","{""project"":""70a52d41-885a-4854-b650-392635199b54"",""environment"":""67be7a60-8b6c-4987-8690-dbef25befe73"",""service"":""0f0f8a2f-9703-4f78-a3ed-8fcc57a55f5a"",""deployment"":""7bae97c9-ccbe-49fe-a672-c3ea4a2a6d1e"",""replica"":""5a8db334-f6d0-4ba9-a018-aa1be977e5fd""}",2026-02-15T09:40:33.327222756Z
,"{""level"":""error""}","{""project"":""70a52d41-885a-4854-b650-392635199b54"",""environment"":""67be7a60-8b6c-4987-8690-dbef25befe73"",""service"":""0f0f8a2f-9703-4f78-a3ed-8fcc57a55f5a"",""deployment"":""7bae97c9-ccbe-49fe-a672-c3ea4a2a6d1e"",""replica"":""5a8db334-f6d0-4ba9-a018-aa1be977e5fd""}",2026-02-15T09:40:33.327226585Z
Internal Server Error: /api/community/ghosts/me/,"{""level"":""error""}","{""project"":""70a52d41-885a-4854-b650-392635199b54"",""environment"":""67be7a60-8b6c-4987-8690-dbef25befe73"",""service"":""0f0f8a2f-9703-4f78-a3ed-8fcc57a55f5a"",""deployment"":""7bae97c9-ccbe-49fe-a672-c3ea4a2a6d1e"",""replica"":""5a8db334-f6d0-4ba9-a018-aa1be977e5fd""}",2026-02-15T09:40:33.327230365Z
Traceback (most recent call last):,"{""level"":""error""}","{""project"":""70a52d41-885a-4854-b650-392635199b54"",""environment"":""67be7a60-8b6c-4987-8690-dbef25befe73"",""service"":""0f0f8a2f-9703-4f78-a3ed-8fcc57a55f5a"",""deployment"":""7bae97c9-ccbe-49fe-a672-c3ea4a2a6d1e"",""replica"":""5a8db334-f6d0-4ba9-a018-aa1be977e5fd""}",2026-02-15T09:40:33.327234096Z
"  File ""/usr/local/lib/python3.11/site-packages/django/db/backends/base/base.py"", line 279, in ensure_connection","{""level"":""error""}","{""project"":""70a52d41-885a-4854-b650-392635199b54"",""environment"":""67be7a60-8b6c-4987-8690-dbef25befe73"",""service"":""0f0f8a2f-9703-4f78-a3ed-8fcc57a55f5a"",""deployment"":""7bae97c9-ccbe-49fe-a672-c3ea4a2a6d1e"",""replica"":""5a8db334-f6d0-4ba9-a018-aa1be977e5fd""}",2026-02-15T09:40:33.327237725Z
    self.connect(),"{""level"":""error""}","{""project"":""70a52d41-885a-4854-b650-392635199b54"",""environment"":""67be7a60-8b6c-4987-8690-dbef25befe73"",""service"":""0f0f8a2f-9703-4f78-a3ed-8fcc57a55f5a"",""deployment"":""7bae97c9-ccbe-49fe-a672-c3ea4a2a6d1e"",""replica"":""5a8db334-f6d0-4ba9-a018-aa1be977e5fd""}",2026-02-15T09:40:33.327241345Z
"  File ""/usr/local/lib/python3.11/site-packages/django/utils/asyncio.py"", line 26, in inner","{""level"":""error""}","{""project"":""70a52d41-885a-4854-b650-392635199b54"",""environment"":""67be7a60-8b6c-4987-8690-dbef25befe73"",""service"":""0f0f8a2f-9703-4f78-a3ed-8fcc57a55f5a"",""deployment"":""7bae97c9-ccbe-49fe-a672-c3ea4a2a6d1e"",""replica"":""5a8db334-f6d0-4ba9-a018-aa1be977e5fd""}",2026-02-15T09:40:33.327244985Z
"    return func(*args, **kwargs)","{""level"":""error""}","{""project"":""70a52d41-885a-4854-b650-392635199b54"",""environment"":""67be7a60-8b6c-4987-8690-dbef25befe73"",""service"":""0f0f8a2f-9703-4f78-a3ed-8fcc57a55f5a"",""deployment"":""7bae97c9-ccbe-49fe-a672-c3ea4a2a6d1e"",""replica"":""5a8db334-f6d0-4ba9-a018-aa1be977e5fd""}",2026-02-15T09:40:33.327248556Z
           ^^^^^^^^^^^^^^^^^^^^^,"{""level"":""error""}","{""project"":""70a52d41-885a-4854-b650-392635199b54"",""environment"":""67be7a60-8b6c-4987-8690-dbef25befe73"",""service"":""0f0f8a2f-9703-4f78-a3ed-8fcc57a55f5a"",""deployment"":""7bae97c9-ccbe-49fe-a672-c3ea4a2a6d1e"",""replica"":""5a8db334-f6d0-4ba9-a018-aa1be977e5fd""}",2026-02-15T09:40:33.327252276Z
"  File ""/usr/local/lib/python3.11/site-packages/django/db/backends/base/base.py"", line 256, in connect","{""level"":""error""}","{""project"":""70a52d41-885a-4854-b650-392635199b54"",""environment"":""67be7a60-8b6c-4987-8690-dbef25befe73"",""service"":""0f0f8a2f-9703-4f78-a3ed-8fcc57a55f5a"",""deployment"":""7bae97c9-ccbe-49fe-a672-c3ea4a2a6d1e"",""replica"":""5a8db334-f6d0-4ba9-a018-aa1be977e5fd""}",2026-02-15T09:40:33.327259756Z
           ^^^^^^^^^^^^^^^^^^^^^,"{""level"":""error""}","{""project"":""70a52d41-885a-4854-b650-392635199b54"",""environment"":""67be7a60-8b6c-4987-8690-dbef25befe73"",""service"":""0f0f8a2f-9703-4f78-a3ed-8fcc57a55f5a"",""deployment"":""7bae97c9-ccbe-49fe-a672-c3ea4a2a6d1e"",""replica"":""5a8db334-f6d0-4ba9-a018-aa1be977e5fd""}",2026-02-15T09:40:33.327877816Z
"  File ""/usr/local/lib/python3.11/site-packages/django/db/backends/postgresql/base.py"", line 332, in get_new_connection","{""level"":""error""}","{""project"":""70a52d41-885a-4854-b650-392635199b54"",""environment"":""67be7a60-8b6c-4987-8690-dbef25befe73"",""service"":""0f0f8a2f-9703-4f78-a3ed-8fcc57a55f5a"",""deployment"":""7bae97c9-ccbe-49fe-a672-c3ea4a2a6d1e"",""replica"":""5a8db334-f6d0-4ba9-a018-aa1be977e5fd""}",2026-02-15T09:40:33.327885785Z
    connection = self.Database.connect(**conn_params),"{""level"":""error""}","{""project"":""70a52d41-885a-4854-b650-392635199b54"",""environment"":""67be7a60-8b6c-4987-8690-dbef25befe73"",""service"":""0f0f8a2f-9703-4f78-a3ed-8fcc57a55f5a"",""deployment"":""7bae97c9-ccbe-49fe-a672-c3ea4a2a6d1e"",""replica"":""5a8db334-f6d0-4ba9-a018-aa1be977e5fd""}",2026-02-15T09:40:33.327890405Z
                 ^^^^^^^^^^^^^^^^^^^^^^^^^^^^^^^^^^^^,"{""level"":""error""}","{""project"":""70a52d41-885a-4854-b650-392635199b54"",""environment"":""67be7a60-8b6c-4987-8690-dbef25befe73"",""service"":""0f0f8a2f-9703-4f78-a3ed-8fcc57a55f5a"",""deployment"":""7bae97c9-ccbe-49fe-a672-c3ea4a2a6d1e"",""replica"":""5a8db334-f6d0-4ba9-a018-aa1be977e5fd""}",2026-02-15T09:40:33.327895305Z
"  File ""/usr/local/lib/python3.11/site-packages/psycopg2/__init__.py"", line 122, in connect","{""level"":""error""}","{""project"":""70a52d41-885a-4854-b650-392635199b54"",""environment"":""67be7a60-8b6c-4987-8690-dbef25befe73"",""service"":""0f0f8a2f-9703-4f78-a3ed-8fcc57a55f5a"",""deployment"":""7bae97c9-ccbe-49fe-a672-c3ea4a2a6d1e"",""replica"":""5a8db334-f6d0-4ba9-a018-aa1be977e5fd""}",2026-02-15T09:40:33.327899865Z
"    conn = _connect(dsn, connection_factory=connection_factory, **kwasync)","{""level"":""error""}","{""project"":""70a52d41-885a-4854-b650-392635199b54"",""environment"":""67be7a60-8b6c-4987-8690-dbef25befe73"",""service"":""0f0f8a2f-9703-4f78-a3ed-8fcc57a55f5a"",""deployment"":""7bae97c9-ccbe-49fe-a672-c3ea4a2a6d1e"",""replica"":""5a8db334-f6d0-4ba9-a018-aa1be977e5fd""}",2026-02-15T09:40:33.327904205Z
           ^^^^^^^^^^^^^^^^^^^^^^^^^^^^^^^^^^^^^^^^^^^^^^^^^^^^^^^^^^^^^^^,"{""level"":""error""}","{""project"":""70a52d41-885a-4854-b650-392635199b54"",""environment"":""67be7a60-8b6c-4987-8690-dbef25befe73"",""service"":""0f0f8a2f-9703-4f78-a3ed-8fcc57a55f5a"",""deployment"":""7bae97c9-ccbe-49fe-a672-c3ea4a2a6d1e"",""replica"":""5a8db334-f6d0-4ba9-a018-aa1be977e5fd""}",2026-02-15T09:40:33.327908145Z
"psycopg2.OperationalError: connection to server at ""15.164.188.235"", port 5432 failed: FATAL:  MaxClientsInSessionMode: max clients reached - in Session mode max clients are limited to pool_size","{""level"":""error""}","{""project"":""70a52d41-885a-4854-b650-392635199b54"",""environment"":""67be7a60-8b6c-4987-8690-dbef25befe73"",""service"":""0f0f8a2f-9703-4f78-a3ed-8fcc57a55f5a"",""deployment"":""7bae97c9-ccbe-49fe-a672-c3ea4a2a6d1e"",""replica"":""5a8db334-f6d0-4ba9-a018-aa1be977e5fd""}",2026-02-15T09:40:33.327913636Z
,"{""level"":""error""}","{""project"":""70a52d41-885a-4854-b650-392635199b54"",""environment"":""67be7a60-8b6c-4987-8690-dbef25befe73"",""service"":""0f0f8a2f-9703-4f78-a3ed-8fcc57a55f5a"",""deployment"":""7bae97c9-ccbe-49fe-a672-c3ea4a2a6d1e"",""replica"":""5a8db334-f6d0-4ba9-a018-aa1be977e5fd""}",2026-02-15T09:40:33.327919745Z
,"{""level"":""error""}","{""project"":""70a52d41-885a-4854-b650-392635199b54"",""environment"":""67be7a60-8b6c-4987-8690-dbef25befe73"",""service"":""0f0f8a2f-9703-4f78-a3ed-8fcc57a55f5a"",""deployment"":""7bae97c9-ccbe-49fe-a672-c3ea4a2a6d1e"",""replica"":""5a8db334-f6d0-4ba9-a018-aa1be977e5fd""}",2026-02-15T09:40:33.327924616Z
The above exception was the direct cause of the following exception:,"{""level"":""error""}","{""project"":""70a52d41-885a-4854-b650-392635199b54"",""environment"":""67be7a60-8b6c-4987-8690-dbef25befe73"",""service"":""0f0f8a2f-9703-4f78-a3ed-8fcc57a55f5a"",""deployment"":""7bae97c9-ccbe-49fe-a672-c3ea4a2a6d1e"",""replica"":""5a8db334-f6d0-4ba9-a018-aa1be977e5fd""}",2026-02-15T09:40:33.327928625Z
,"{""level"":""error""}","{""project"":""70a52d41-885a-4854-b650-392635199b54"",""environment"":""67be7a60-8b6c-4987-8690-dbef25befe73"",""service"":""0f0f8a2f-9703-4f78-a3ed-8fcc57a55f5a"",""deployment"":""7bae97c9-ccbe-49fe-a672-c3ea4a2a6d1e"",""replica"":""5a8db334-f6d0-4ba9-a018-aa1be977e5fd""}",2026-02-15T09:40:33.327932956Z
Traceback (most recent call last):,"{""level"":""error""}","{""project"":""70a52d41-885a-4854-b650-392635199b54"",""environment"":""67be7a60-8b6c-4987-8690-dbef25befe73"",""service"":""0f0f8a2f-9703-4f78-a3ed-8fcc57a55f5a"",""deployment"":""7bae97c9-ccbe-49fe-a672-c3ea4a2a6d1e"",""replica"":""5a8db334-f6d0-4ba9-a018-aa1be977e5fd""}",2026-02-15T09:40:33.327937365Z
"  File ""/usr/local/lib/python3.11/site-packages/asgiref/sync.py"", line 557, in thread_handler","{""level"":""error""}","{""project"":""70a52d41-885a-4854-b650-392635199b54"",""environment"":""67be7a60-8b6c-4987-8690-dbef25befe73"",""service"":""0f0f8a2f-9703-4f78-a3ed-8fcc57a55f5a"",""deployment"":""7bae97c9-ccbe-49fe-a672-c3ea4a2a6d1e"",""replica"":""5a8db334-f6d0-4ba9-a018-aa1be977e5fd""}",2026-02-15T09:40:33.327941716Z
    raise exc_info[1],"{""level"":""error""}","{""project"":""70a52d41-885a-4854-b650-392635199b54"",""environment"":""67be7a60-8b6c-4987-8690-dbef25befe73"",""service"":""0f0f8a2f-9703-4f78-a3ed-8fcc57a55f5a"",""deployment"":""7bae97c9-ccbe-49fe-a672-c3ea4a2a6d1e"",""replica"":""5a8db334-f6d0-4ba9-a018-aa1be977e5fd""}",2026-02-15T09:40:33.327945685Z
"  File ""/usr/local/lib/python3.11/site-packages/django/core/handlers/exception.py"", line 42, in inner","{""level"":""error""}","{""project"":""70a52d41-885a-4854-b650-392635199b54"",""environment"":""67be7a60-8b6c-4987-8690-dbef25befe73"",""service"":""0f0f8a2f-9703-4f78-a3ed-8fcc57a55f5a"",""deployment"":""7bae97c9-ccbe-49fe-a672-c3ea4a2a6d1e"",""replica"":""5a8db334-f6d0-4ba9-a018-aa1be977e5fd""}",2026-02-15T09:40:33.327949776Z
    response = await get_response(request),"{""level"":""error""}","{""project"":""70a52d41-885a-4854-b650-392635199b54"",""environment"":""67be7a60-8b6c-4987-8690-dbef25befe73"",""service"":""0f0f8a2f-9703-4f78-a3ed-8fcc57a55f5a"",""deployment"":""7bae97c9-ccbe-49fe-a672-c3ea4a2a6d1e"",""replica"":""5a8db334-f6d0-4ba9-a018-aa1be977e5fd""}",2026-02-15T09:40:33.327953636Z
               ^^^^^^^^^^^^^^^^^^^^^^^^^^^,"{""level"":""error""}","{""project"":""70a52d41-885a-4854-b650-392635199b54"",""environment"":""67be7a60-8b6c-4987-8690-dbef25befe73"",""service"":""0f0f8a2f-9703-4f78-a3ed-8fcc57a55f5a"",""deployment"":""7bae97c9-ccbe-49fe-a672-c3ea4a2a6d1e"",""replica"":""5a8db334-f6d0-4ba9-a018-aa1be977e5fd""}",2026-02-15T09:40:33.327957796Z
"  File ""/usr/local/lib/python3.11/site-packages/asgiref/sync.py"", line 557, in thread_handler","{""level"":""error""}","{""project"":""70a52d41-885a-4854-b650-392635199b54"",""environment"":""67be7a60-8b6c-4987-8690-dbef25befe73"",""service"":""0f0f8a2f-9703-4f78-a3ed-8fcc57a55f5a"",""deployment"":""7bae97c9-ccbe-49fe-a672-c3ea4a2a6d1e"",""replica"":""5a8db334-f6d0-4ba9-a018-aa1be977e5fd""}",2026-02-15T09:40:33.327962325Z
    raise exc_info[1],"{""level"":""error""}","{""project"":""70a52d41-885a-4854-b650-392635199b54"",""environment"":""67be7a60-8b6c-4987-8690-dbef25befe73"",""service"":""0f0f8a2f-9703-4f78-a3ed-8fcc57a55f5a"",""deployment"":""7bae97c9-ccbe-49fe-a672-c3ea4a2a6d1e"",""replica"":""5a8db334-f6d0-4ba9-a018-aa1be977e5fd""}",2026-02-15T09:40:33.327966565Z
"  File ""/usr/local/lib/python3.11/site-packages/rest_framework/views.py"", line 515, in dispatch","{""level"":""error""}","{""project"":""70a52d41-885a-4854-b650-392635199b54"",""environment"":""67be7a60-8b6c-4987-8690-dbef25befe73"",""service"":""0f0f8a2f-9703-4f78-a3ed-8fcc57a55f5a"",""deployment"":""7bae97c9-ccbe-49fe-a672-c3ea4a2a6d1e"",""replica"":""5a8db334-f6d0-4ba9-a018-aa1be977e5fd""}",2026-02-15T09:40:33.328607265Z
"  File ""/usr/local/lib/python3.11/site-packages/django/core/handlers/base.py"", line 253, in _get_response_async","{""level"":""error""}","{""project"":""70a52d41-885a-4854-b650-392635199b54"",""environment"":""67be7a60-8b6c-4987-8690-dbef25befe73"",""service"":""0f0f8a2f-9703-4f78-a3ed-8fcc57a55f5a"",""deployment"":""7bae97c9-ccbe-49fe-a672-c3ea4a2a6d1e"",""replica"":""5a8db334-f6d0-4ba9-a018-aa1be977e5fd""}",2026-02-15T09:40:33.328609785Z
"  File ""/usr/local/lib/python3.11/site-packages/rest_framework/viewsets.py"", line 125, in view","{""level"":""error""}","{""project"":""70a52d41-885a-4854-b650-392635199b54"",""environment"":""67be7a60-8b6c-4987-8690-dbef25befe73"",""service"":""0f0f8a2f-9703-4f78-a3ed-8fcc57a55f5a"",""deployment"":""7bae97c9-ccbe-49fe-a672-c3ea4a2a6d1e"",""replica"":""5a8db334-f6d0-4ba9-a018-aa1be977e5fd""}",2026-02-15T09:40:33.328617336Z
    response = await wrapped_callback(,"{""level"":""error""}","{""project"":""70a52d41-885a-4854-b650-392635199b54"",""environment"":""67be7a60-8b6c-4987-8690-dbef25befe73"",""service"":""0f0f8a2f-9703-4f78-a3ed-8fcc57a55f5a"",""deployment"":""7bae97c9-ccbe-49fe-a672-c3ea4a2a6d1e"",""replica"":""5a8db334-f6d0-4ba9-a018-aa1be977e5fd""}",2026-02-15T09:40:33.328618265Z
           ^^^^^^^^^^^^^^^^^^^^^,"{""level"":""error""}","{""project"":""70a52d41-885a-4854-b650-392635199b54"",""environment"":""67be7a60-8b6c-4987-8690-dbef25befe73"",""service"":""0f0f8a2f-9703-4f78-a3ed-8fcc57a55f5a"",""deployment"":""7bae97c9-ccbe-49fe-a672-c3ea4a2a6d1e"",""replica"":""5a8db334-f6d0-4ba9-a018-aa1be977e5fd""}",2026-02-15T09:40:33.328618605Z
"    return self.dispatch(request, *args, **kwargs)","{""level"":""error""}","{""project"":""70a52d41-885a-4854-b650-392635199b54"",""environment"":""67be7a60-8b6c-4987-8690-dbef25befe73"",""service"":""0f0f8a2f-9703-4f78-a3ed-8fcc57a55f5a"",""deployment"":""7bae97c9-ccbe-49fe-a672-c3ea4a2a6d1e"",""replica"":""5a8db334-f6d0-4ba9-a018-aa1be977e5fd""}",2026-02-15T09:40:33.328622425Z
"  File ""/usr/local/lib/python3.11/site-packages/django/views/decorators/csrf.py"", line 65, in _view_wrapper","{""level"":""error""}","{""project"":""70a52d41-885a-4854-b650-392635199b54"",""environment"":""67be7a60-8b6c-4987-8690-dbef25befe73"",""service"":""0f0f8a2f-9703-4f78-a3ed-8fcc57a55f5a"",""deployment"":""7bae97c9-ccbe-49fe-a672-c3ea4a2a6d1e"",""replica"":""5a8db334-f6d0-4ba9-a018-aa1be977e5fd""}",2026-02-15T09:40:33.328625745Z
           ^^^^^^^^^^^^^^^^^^^^^^^^^^^^^^^^^^^^^^^,"{""level"":""error""}","{""project"":""70a52d41-885a-4854-b650-392635199b54"",""environment"":""67be7a60-8b6c-4987-8690-dbef25befe73"",""service"":""0f0f8a2f-9703-4f78-a3ed-8fcc57a55f5a"",""deployment"":""7bae97c9-ccbe-49fe-a672-c3ea4a2a6d1e"",""replica"":""5a8db334-f6d0-4ba9-a018-aa1be977e5fd""}",2026-02-15T09:40:33.328629876Z
               ^^^^^^^^^^^^^^^^^^^^^^^,"{""level"":""error""}","{""project"":""70a52d41-885a-4854-b650-392635199b54"",""environment"":""67be7a60-8b6c-4987-8690-dbef25befe73"",""service"":""0f0f8a2f-9703-4f78-a3ed-8fcc57a55f5a"",""deployment"":""7bae97c9-ccbe-49fe-a672-c3ea4a2a6d1e"",""replica"":""5a8db334-f6d0-4ba9-a018-aa1be977e5fd""}",2026-02-15T09:40:33.328630596Z
"    return view_func(request, *args, **kwargs)","{""level"":""error""}","{""project"":""70a52d41-885a-4854-b650-392635199b54"",""environment"":""67be7a60-8b6c-4987-8690-dbef25befe73"",""service"":""0f0f8a2f-9703-4f78-a3ed-8fcc57a55f5a"",""deployment"":""7bae97c9-ccbe-49fe-a672-c3ea4a2a6d1e"",""replica"":""5a8db334-f6d0-4ba9-a018-aa1be977e5fd""}",2026-02-15T09:40:33.328631285Z
           ^^^^^^^^^^^^^^^^^^^^^^^^^^^^^^^^^^^,"{""level"":""error""}","{""project"":""70a52d41-885a-4854-b650-392635199b54"",""environment"":""67be7a60-8b6c-4987-8690-dbef25befe73"",""service"":""0f0f8a2f-9703-4f78-a3ed-8fcc57a55f5a"",""deployment"":""7bae97c9-ccbe-49fe-a672-c3ea4a2a6d1e"",""replica"":""5a8db334-f6d0-4ba9-a018-aa1be977e5fd""}",2026-02-15T09:40:33.328636805Z
"  File ""/usr/local/lib/python3.11/site-packages/asgiref/sync.py"", line 506, in __call__","{""level"":""error""}","{""project"":""70a52d41-885a-4854-b650-392635199b54"",""environment"":""67be7a60-8b6c-4987-8690-dbef25befe73"",""service"":""0f0f8a2f-9703-4f78-a3ed-8fcc57a55f5a"",""deployment"":""7bae97c9-ccbe-49fe-a672-c3ea4a2a6d1e"",""replica"":""5a8db334-f6d0-4ba9-a018-aa1be977e5fd""}",2026-02-15T09:40:33.328639985Z
    ret = await asyncio.shield(exec_coro),"{""level"":""error""}","{""project"":""70a52d41-885a-4854-b650-392635199b54"",""environment"":""67be7a60-8b6c-4987-8690-dbef25befe73"",""service"":""0f0f8a2f-9703-4f78-a3ed-8fcc57a55f5a"",""deployment"":""7bae97c9-ccbe-49fe-a672-c3ea4a2a6d1e"",""replica"":""5a8db334-f6d0-4ba9-a018-aa1be977e5fd""}",2026-02-15T09:40:33.328648605Z
          ^^^^^^^^^^^^^^^^^^^^^^^^^^^^^^^,"{""level"":""error""}","{""project"":""70a52d41-885a-4854-b650-392635199b54"",""environment"":""67be7a60-8b6c-4987-8690-dbef25befe73"",""service"":""0f0f8a2f-9703-4f78-a3ed-8fcc57a55f5a"",""deployment"":""7bae97c9-ccbe-49fe-a672-c3ea4a2a6d1e"",""replica"":""5a8db334-f6d0-4ba9-a018-aa1be977e5fd""}",2026-02-15T09:40:33.328655905Z
"  File ""/usr/local/lib/python3.11/site-packages/asgiref/current_thread_executor.py"", line 40, in run","{""level"":""error""}","{""project"":""70a52d41-885a-4854-b650-392635199b54"",""environment"":""67be7a60-8b6c-4987-8690-dbef25befe73"",""service"":""0f0f8a2f-9703-4f78-a3ed-8fcc57a55f5a"",""deployment"":""7bae97c9-ccbe-49fe-a672-c3ea4a2a6d1e"",""replica"":""5a8db334-f6d0-4ba9-a018-aa1be977e5fd""}",2026-02-15T09:40:33.328662465Z
"    result = self.fn(*self.args, **self.kwargs)","{""level"":""error""}","{""project"":""70a52d41-885a-4854-b650-392635199b54"",""environment"":""67be7a60-8b6c-4987-8690-dbef25befe73"",""service"":""0f0f8a2f-9703-4f78-a3ed-8fcc57a55f5a"",""deployment"":""7bae97c9-ccbe-49fe-a672-c3ea4a2a6d1e"",""replica"":""5a8db334-f6d0-4ba9-a018-aa1be977e5fd""}",2026-02-15T09:40:33.328668336Z
             ^^^^^^^^^^^^^^^^^^^^^^^^^^^^^^^^^^,"{""level"":""error""}","{""project"":""70a52d41-885a-4854-b650-392635199b54"",""environment"":""67be7a60-8b6c-4987-8690-dbef25befe73"",""service"":""0f0f8a2f-9703-4f78-a3ed-8fcc57a55f5a"",""deployment"":""7bae97c9-ccbe-49fe-a672-c3ea4a2a6d1e"",""replica"":""5a8db334-f6d0-4ba9-a018-aa1be977e5fd""}",2026-02-15T09:40:33.328674805Z
"  File ""/usr/local/lib/python3.11/site-packages/asgiref/sync.py"", line 561, in thread_handler","{""level"":""error""}","{""project"":""70a52d41-885a-4854-b650-392635199b54"",""environment"":""67be7a60-8b6c-4987-8690-dbef25befe73"",""service"":""0f0f8a2f-9703-4f78-a3ed-8fcc57a55f5a"",""deployment"":""7bae97c9-ccbe-49fe-a672-c3ea4a2a6d1e"",""replica"":""5a8db334-f6d0-4ba9-a018-aa1be977e5fd""}",2026-02-15T09:40:33.328681536Z
"    return func(*args, **kwargs)","{""level"":""error""}","{""project"":""70a52d41-885a-4854-b650-392635199b54"",""environment"":""67be7a60-8b6c-4987-8690-dbef25befe73"",""service"":""0f0f8a2f-9703-4f78-a3ed-8fcc57a55f5a"",""deployment"":""7bae97c9-ccbe-49fe-a672-c3ea4a2a6d1e"",""replica"":""5a8db334-f6d0-4ba9-a018-aa1be977e5fd""}",2026-02-15T09:40:33.328687436Z
                      ^^^^^^^^^^^^^^^^^^^^^^^^^^^^^^^^,"{""level"":""error""}","{""project"":""70a52d41-885a-4854-b650-392635199b54"",""environment"":""67be7a60-8b6c-4987-8690-dbef25befe73"",""service"":""0f0f8a2f-9703-4f78-a3ed-8fcc57a55f5a"",""deployment"":""7bae97c9-ccbe-49fe-a672-c3ea4a2a6d1e"",""replica"":""5a8db334-f6d0-4ba9-a018-aa1be977e5fd""}",2026-02-15T09:40:33.329432325Z
    response = self.handle_exception(exc),"{""level"":""error""}","{""project"":""70a52d41-885a-4854-b650-392635199b54"",""environment"":""67be7a60-8b6c-4987-8690-dbef25befe73"",""service"":""0f0f8a2f-9703-4f78-a3ed-8fcc57a55f5a"",""deployment"":""7bae97c9-ccbe-49fe-a672-c3ea4a2a6d1e"",""replica"":""5a8db334-f6d0-4ba9-a018-aa1be977e5fd""}",2026-02-15T09:40:33.329436895Z
    self._authenticate(),"{""level"":""error""}","{""project"":""70a52d41-885a-4854-b650-392635199b54"",""environment"":""67be7a60-8b6c-4987-8690-dbef25befe73"",""service"":""0f0f8a2f-9703-4f78-a3ed-8fcc57a55f5a"",""deployment"":""7bae97c9-ccbe-49fe-a672-c3ea4a2a6d1e"",""replica"":""5a8db334-f6d0-4ba9-a018-aa1be977e5fd""}",2026-02-15T09:40:33.329437405Z
"  File ""/usr/local/lib/python3.11/site-packages/rest_framework_simplejwt/authentication.py"", line 51, in authenticate","{""level"":""error""}","{""project"":""70a52d41-885a-4854-b650-392635199b54"",""environment"":""67be7a60-8b6c-4987-8690-dbef25befe73"",""service"":""0f0f8a2f-9703-4f78-a3ed-8fcc57a55f5a"",""deployment"":""7bae97c9-ccbe-49fe-a672-c3ea4a2a6d1e"",""replica"":""5a8db334-f6d0-4ba9-a018-aa1be977e5fd""}",2026-02-15T09:40:33.329439695Z
               ^^^^^^^^^^^^^^^^^^^^^^^^^^,"{""level"":""error""}","{""project"":""70a52d41-885a-4854-b650-392635199b54"",""environment"":""67be7a60-8b6c-4987-8690-dbef25befe73"",""service"":""0f0f8a2f-9703-4f78-a3ed-8fcc57a55f5a"",""deployment"":""7bae97c9-ccbe-49fe-a672-c3ea4a2a6d1e"",""replica"":""5a8db334-f6d0-4ba9-a018-aa1be977e5fd""}",2026-02-15T09:40:33.329444855Z
"  File ""/usr/local/lib/python3.11/site-packages/rest_framework/request.py"", line 385, in _authenticate","{""level"":""error""}","{""project"":""70a52d41-885a-4854-b650-392635199b54"",""environment"":""67be7a60-8b6c-4987-8690-dbef25befe73"",""service"":""0f0f8a2f-9703-4f78-a3ed-8fcc57a55f5a"",""deployment"":""7bae97c9-ccbe-49fe-a672-c3ea4a2a6d1e"",""replica"":""5a8db334-f6d0-4ba9-a018-aa1be977e5fd""}",2026-02-15T09:40:33.329447375Z
"    return self.get_user(validated_token), validated_token","{""level"":""error""}","{""project"":""70a52d41-885a-4854-b650-392635199b54"",""environment"":""67be7a60-8b6c-4987-8690-dbef25befe73"",""service"":""0f0f8a2f-9703-4f78-a3ed-8fcc57a55f5a"",""deployment"":""7bae97c9-ccbe-49fe-a672-c3ea4a2a6d1e"",""replica"":""5a8db334-f6d0-4ba9-a018-aa1be977e5fd""}",2026-02-15T09:40:33.329448965Z
"  File ""/usr/local/lib/python3.11/site-packages/rest_framework/views.py"", line 475, in handle_exception","{""level"":""error""}","{""project"":""70a52d41-885a-4854-b650-392635199b54"",""environment"":""67be7a60-8b6c-4987-8690-dbef25befe73"",""service"":""0f0f8a2f-9703-4f78-a3ed-8fcc57a55f5a"",""deployment"":""7bae97c9-ccbe-49fe-a672-c3ea4a2a6d1e"",""replica"":""5a8db334-f6d0-4ba9-a018-aa1be977e5fd""}",2026-02-15T09:40:33.329450715Z
    self.raise_uncaught_exception(exc),"{""level"":""error""}","{""project"":""70a52d41-885a-4854-b650-392635199b54"",""environment"":""67be7a60-8b6c-4987-8690-dbef25befe73"",""service"":""0f0f8a2f-9703-4f78-a3ed-8fcc57a55f5a"",""deployment"":""7bae97c9-ccbe-49fe-a672-c3ea4a2a6d1e"",""replica"":""5a8db334-f6d0-4ba9-a018-aa1be977e5fd""}",2026-02-15T09:40:33.329456095Z
    user_auth_tuple = authenticator.authenticate(self),"{""level"":""error""}","{""project"":""70a52d41-885a-4854-b650-392635199b54"",""environment"":""67be7a60-8b6c-4987-8690-dbef25befe73"",""service"":""0f0f8a2f-9703-4f78-a3ed-8fcc57a55f5a"",""deployment"":""7bae97c9-ccbe-49fe-a672-c3ea4a2a6d1e"",""replica"":""5a8db334-f6d0-4ba9-a018-aa1be977e5fd""}",2026-02-15T09:40:33.329458085Z
"  File ""/usr/local/lib/python3.11/site-packages/rest_framework/views.py"", line 486, in raise_uncaught_exception","{""level"":""error""}","{""project"":""70a52d41-885a-4854-b650-392635199b54"",""environment"":""67be7a60-8b6c-4987-8690-dbef25befe73"",""service"":""0f0f8a2f-9703-4f78-a3ed-8fcc57a55f5a"",""deployment"":""7bae97c9-ccbe-49fe-a672-c3ea4a2a6d1e"",""replica"":""5a8db334-f6d0-4ba9-a018-aa1be977e5fd""}",2026-02-15T09:40:33.329461145Z
    raise exc,"{""level"":""error""}","{""project"":""70a52d41-885a-4854-b650-392635199b54"",""environment"":""67be7a60-8b6c-4987-8690-dbef25befe73"",""service"":""0f0f8a2f-9703-4f78-a3ed-8fcc57a55f5a"",""deployment"":""7bae97c9-ccbe-49fe-a672-c3ea4a2a6d1e"",""replica"":""5a8db334-f6d0-4ba9-a018-aa1be977e5fd""}",2026-02-15T09:40:33.329466635Z
"  File ""/usr/local/lib/python3.11/site-packages/rest_framework/views.py"", line 503, in dispatch","{""level"":""error""}","{""project"":""70a52d41-885a-4854-b650-392635199b54"",""environment"":""67be7a60-8b6c-4987-8690-dbef25befe73"",""service"":""0f0f8a2f-9703-4f78-a3ed-8fcc57a55f5a"",""deployment"":""7bae97c9-ccbe-49fe-a672-c3ea4a2a6d1e"",""replica"":""5a8db334-f6d0-4ba9-a018-aa1be977e5fd""}",2026-02-15T09:40:33.329470815Z
"    self.initial(request, *args, **kwargs)","{""level"":""error""}","{""project"":""70a52d41-885a-4854-b650-392635199b54"",""environment"":""67be7a60-8b6c-4987-8690-dbef25befe73"",""service"":""0f0f8a2f-9703-4f78-a3ed-8fcc57a55f5a"",""deployment"":""7bae97c9-ccbe-49fe-a672-c3ea4a2a6d1e"",""replica"":""5a8db334-f6d0-4ba9-a018-aa1be977e5fd""}",2026-02-15T09:40:33.329474735Z
"  File ""/usr/local/lib/python3.11/site-packages/rest_framework/views.py"", line 420, in initial","{""level"":""error""}","{""project"":""70a52d41-885a-4854-b650-392635199b54"",""environment"":""67be7a60-8b6c-4987-8690-dbef25befe73"",""service"":""0f0f8a2f-9703-4f78-a3ed-8fcc57a55f5a"",""deployment"":""7bae97c9-ccbe-49fe-a672-c3ea4a2a6d1e"",""replica"":""5a8db334-f6d0-4ba9-a018-aa1be977e5fd""}",2026-02-15T09:40:33.329479085Z
    self.perform_authentication(request),"{""level"":""error""}","{""project"":""70a52d41-885a-4854-b650-392635199b54"",""environment"":""67be7a60-8b6c-4987-8690-dbef25befe73"",""service"":""0f0f8a2f-9703-4f78-a3ed-8fcc57a55f5a"",""deployment"":""7bae97c9-ccbe-49fe-a672-c3ea4a2a6d1e"",""replica"":""5a8db334-f6d0-4ba9-a018-aa1be977e5fd""}",2026-02-15T09:40:33.329483305Z
"  File ""/usr/local/lib/python3.11/site-packages/rest_framework/views.py"", line 330, in perform_authentication","{""level"":""error""}","{""project"":""70a52d41-885a-4854-b650-392635199b54"",""environment"":""67be7a60-8b6c-4987-8690-dbef25befe73"",""service"":""0f0f8a2f-9703-4f78-a3ed-8fcc57a55f5a"",""deployment"":""7bae97c9-ccbe-49fe-a672-c3ea4a2a6d1e"",""replica"":""5a8db334-f6d0-4ba9-a018-aa1be977e5fd""}",2026-02-15T09:40:33.329487065Z
    request.user,"{""level"":""error""}","{""project"":""70a52d41-885a-4854-b650-392635199b54"",""environment"":""67be7a60-8b6c-4987-8690-dbef25befe73"",""service"":""0f0f8a2f-9703-4f78-a3ed-8fcc57a55f5a"",""deployment"":""7bae97c9-ccbe-49fe-a672-c3ea4a2a6d1e"",""replica"":""5a8db334-f6d0-4ba9-a018-aa1be977e5fd""}",2026-02-15T09:40:33.329490955Z
"  File ""/usr/local/lib/python3.11/site-packages/rest_framework/request.py"", line 232, in user","{""level"":""error""}","{""project"":""70a52d41-885a-4854-b650-392635199b54"",""environment"":""67be7a60-8b6c-4987-8690-dbef25befe73"",""service"":""0f0f8a2f-9703-4f78-a3ed-8fcc57a55f5a"",""deployment"":""7bae97c9-ccbe-49fe-a672-c3ea4a2a6d1e"",""replica"":""5a8db334-f6d0-4ba9-a018-aa1be977e5fd""}",2026-02-15T09:40:33.329494675Z
           ^^^^^^^^^^^^^^^^^^^^^^^^^^^^^^,"{""level"":""error""}","{""project"":""70a52d41-885a-4854-b650-392635199b54"",""environment"":""67be7a60-8b6c-4987-8690-dbef25befe73"",""service"":""0f0f8a2f-9703-4f78-a3ed-8fcc57a55f5a"",""deployment"":""7bae97c9-ccbe-49fe-a672-c3ea4a2a6d1e"",""replica"":""5a8db334-f6d0-4ba9-a018-aa1be977e5fd""}",2026-02-15T09:40:33.329965775Z
"  File ""/usr/local/lib/python3.11/site-packages/rest_framework_simplejwt/authentication.py"", line 132, in get_user","{""level"":""error""}","{""project"":""70a52d41-885a-4854-b650-392635199b54"",""environment"":""67be7a60-8b6c-4987-8690-dbef25befe73"",""service"":""0f0f8a2f-9703-4f78-a3ed-8fcc57a55f5a"",""deployment"":""7bae97c9-ccbe-49fe-a672-c3ea4a2a6d1e"",""replica"":""5a8db334-f6d0-4ba9-a018-aa1be977e5fd""}",2026-02-15T09:40:33.329974805Z
    user = self.user_model.objects.get(**{api_settings.USER_ID_FIELD: user_id}),"{""level"":""error""}","{""project"":""70a52d41-885a-4854-b650-392635199b54"",""environment"":""67be7a60-8b6c-4987-8690-dbef25befe73"",""service"":""0f0f8a2f-9703-4f78-a3ed-8fcc57a55f5a"",""deployment"":""7bae97c9-ccbe-49fe-a672-c3ea4a2a6d1e"",""replica"":""5a8db334-f6d0-4ba9-a018-aa1be977e5fd""}",2026-02-15T09:40:33.329982185Z
           ^^^^^^^^^^^^^^^^^^^^^^^^^^^^^^^^^^^^^^^^^^^^^^^^^^^^^^^^^^^^^^^^^^^^,"{""level"":""error""}","{""project"":""70a52d41-885a-4854-b650-392635199b54"",""environment"":""67be7a60-8b6c-4987-8690-dbef25befe73"",""service"":""0f0f8a2f-9703-4f78-a3ed-8fcc57a55f5a"",""deployment"":""7bae97c9-ccbe-49fe-a672-c3ea4a2a6d1e"",""replica"":""5a8db334-f6d0-4ba9-a018-aa1be977e5fd""}",2026-02-15T09:40:33.329990745Z
"  File ""/usr/local/lib/python3.11/site-packages/django/db/models/manager.py"", line 87, in manager_method","{""level"":""error""}","{""project"":""70a52d41-885a-4854-b650-392635199b54"",""environment"":""67be7a60-8b6c-4987-8690-dbef25befe73"",""service"":""0f0f8a2f-9703-4f78-a3ed-8fcc57a55f5a"",""deployment"":""7bae97c9-ccbe-49fe-a672-c3ea4a2a6d1e"",""replica"":""5a8db334-f6d0-4ba9-a018-aa1be977e5fd""}",2026-02-15T09:40:33.329996445Z
"    return getattr(self.get_queryset(), name)(*args, **kwargs)","{""level"":""error""}","{""project"":""70a52d41-885a-4854-b650-392635199b54"",""environment"":""67be7a60-8b6c-4987-8690-dbef25befe73"",""service"":""0f0f8a2f-9703-4f78-a3ed-8fcc57a55f5a"",""deployment"":""7bae97c9-ccbe-49fe-a672-c3ea4a2a6d1e"",""replica"":""5a8db334-f6d0-4ba9-a018-aa1be977e5fd""}",2026-02-15T09:40:33.330002875Z
           ^^^^^^^^^^^^^^^^^^^^^^^^^^^^^^^^^^^^^^^^^^^^^^^^^^^,"{""level"":""error""}","{""project"":""70a52d41-885a-4854-b650-392635199b54"",""environment"":""67be7a60-8b6c-4987-8690-dbef25befe73"",""service"":""0f0f8a2f-9703-4f78-a3ed-8fcc57a55f5a"",""deployment"":""7bae97c9-ccbe-49fe-a672-c3ea4a2a6d1e"",""replica"":""5a8db334-f6d0-4ba9-a018-aa1be977e5fd""}",2026-02-15T09:40:33.330008615Z
"  File ""/usr/local/lib/python3.11/site-packages/django/db/models/query.py"", line 631, in get","{""level"":""error""}","{""project"":""70a52d41-885a-4854-b650-392635199b54"",""environment"":""67be7a60-8b6c-4987-8690-dbef25befe73"",""service"":""0f0f8a2f-9703-4f78-a3ed-8fcc57a55f5a"",""deployment"":""7bae97c9-ccbe-49fe-a672-c3ea4a2a6d1e"",""replica"":""5a8db334-f6d0-4ba9-a018-aa1be977e5fd""}",2026-02-15T09:40:33.330014555Z
    num = len(clone),"{""level"":""error""}","{""project"":""70a52d41-885a-4854-b650-392635199b54"",""environment"":""67be7a60-8b6c-4987-8690-dbef25befe73"",""service"":""0f0f8a2f-9703-4f78-a3ed-8fcc57a55f5a"",""deployment"":""7bae97c9-ccbe-49fe-a672-c3ea4a2a6d1e"",""replica"":""5a8db334-f6d0-4ba9-a018-aa1be977e5fd""}",2026-02-15T09:40:33.330020625Z
          ^^^^^^^^^^,"{""level"":""error""}","{""project"":""70a52d41-885a-4854-b650-392635199b54"",""environment"":""67be7a60-8b6c-4987-8690-dbef25befe73"",""service"":""0f0f8a2f-9703-4f78-a3ed-8fcc57a55f5a"",""deployment"":""7bae97c9-ccbe-49fe-a672-c3ea4a2a6d1e"",""replica"":""5a8db334-f6d0-4ba9-a018-aa1be977e5fd""}",2026-02-15T09:40:33.330026305Z
"  File ""/usr/local/lib/python3.11/site-packages/django/db/models/query.py"", line 368, in __len__","{""level"":""error""}","{""project"":""70a52d41-885a-4854-b650-392635199b54"",""environment"":""67be7a60-8b6c-4987-8690-dbef25befe73"",""service"":""0f0f8a2f-9703-4f78-a3ed-8fcc57a55f5a"",""deployment"":""7bae97c9-ccbe-49fe-a672-c3ea4a2a6d1e"",""replica"":""5a8db334-f6d0-4ba9-a018-aa1be977e5fd""}",2026-02-15T09:40:33.330031975Z
    self._fetch_all(),"{""level"":""error""}","{""project"":""70a52d41-885a-4854-b650-392635199b54"",""environment"":""67be7a60-8b6c-4987-8690-dbef25befe73"",""service"":""0f0f8a2f-9703-4f78-a3ed-8fcc57a55f5a"",""deployment"":""7bae97c9-ccbe-49fe-a672-c3ea4a2a6d1e"",""replica"":""5a8db334-f6d0-4ba9-a018-aa1be977e5fd""}",2026-02-15T09:40:33.330038065Z
"  File ""/usr/local/lib/python3.11/site-packages/django/db/models/query.py"", line 1954, in _fetch_all","{""level"":""error""}","{""project"":""70a52d41-885a-4854-b650-392635199b54"",""environment"":""67be7a60-8b6c-4987-8690-dbef25befe73"",""service"":""0f0f8a2f-9703-4f78-a3ed-8fcc57a55f5a"",""deployment"":""7bae97c9-ccbe-49fe-a672-c3ea4a2a6d1e"",""replica"":""5a8db334-f6d0-4ba9-a018-aa1be977e5fd""}",2026-02-15T09:40:33.330044555Z
    self._result_cache = list(self._iterable_class(self)),"{""level"":""error""}","{""project"":""70a52d41-885a-4854-b650-392635199b54"",""environment"":""67be7a60-8b6c-4987-8690-dbef25befe73"",""service"":""0f0f8a2f-9703-4f78-a3ed-8fcc57a55f5a"",""deployment"":""7bae97c9-ccbe-49fe-a672-c3ea4a2a6d1e"",""replica"":""5a8db334-f6d0-4ba9-a018-aa1be977e5fd""}",2026-02-15T09:40:33.330050035Z
                         ^^^^^^^^^^^^^^^^^^^^^^^^^^^^^^^^,"{""level"":""error""}","{""project"":""70a52d41-885a-4854-b650-392635199b54"",""environment"":""67be7a60-8b6c-4987-8690-dbef25befe73"",""service"":""0f0f8a2f-9703-4f78-a3ed-8fcc57a55f5a"",""deployment"":""7bae97c9-ccbe-49fe-a672-c3ea4a2a6d1e"",""replica"":""5a8db334-f6d0-4ba9-a018-aa1be977e5fd""}",2026-02-15T09:40:33.330053685Z
"  File ""/usr/local/lib/python3.11/site-packages/django/db/models/query.py"", line 93, in __iter__","{""level"":""error""}","{""project"":""70a52d41-885a-4854-b650-392635199b54"",""environment"":""67be7a60-8b6c-4987-8690-dbef25befe73"",""service"":""0f0f8a2f-9703-4f78-a3ed-8fcc57a55f5a"",""deployment"":""7bae97c9-ccbe-49fe-a672-c3ea4a2a6d1e"",""replica"":""5a8db334-f6d0-4ba9-a018-aa1be977e5fd""}",2026-02-15T09:40:33.330057445Z
    results = compiler.execute_sql(,"{""level"":""error""}","{""project"":""70a52d41-885a-4854-b650-392635199b54"",""environment"":""67be7a60-8b6c-4987-8690-dbef25befe73"",""service"":""0f0f8a2f-9703-4f78-a3ed-8fcc57a55f5a"",""deployment"":""7bae97c9-ccbe-49fe-a672-c3ea4a2a6d1e"",""replica"":""5a8db334-f6d0-4ba9-a018-aa1be977e5fd""}",2026-02-15T09:40:33.330061025Z
              ^^^^^^^^^^^^^^^^^^^^^,"{""level"":""error""}","{""project"":""70a52d41-885a-4854-b650-392635199b54"",""environment"":""67be7a60-8b6c-4987-8690-dbef25befe73"",""service"":""0f0f8a2f-9703-4f78-a3ed-8fcc57a55f5a"",""deployment"":""7bae97c9-ccbe-49fe-a672-c3ea4a2a6d1e"",""replica"":""5a8db334-f6d0-4ba9-a018-aa1be977e5fd""}",2026-02-15T09:40:33.330064685Z
"  File ""/usr/local/lib/python3.11/site-packages/django/db/models/sql/compiler.py"", line 1621, in execute_sql","{""level"":""error""}","{""project"":""70a52d41-885a-4854-b650-392635199b54"",""environment"":""67be7a60-8b6c-4987-8690-dbef25befe73"",""service"":""0f0f8a2f-9703-4f78-a3ed-8fcc57a55f5a"",""deployment"":""7bae97c9-ccbe-49fe-a672-c3ea4a2a6d1e"",""replica"":""5a8db334-f6d0-4ba9-a018-aa1be977e5fd""}",2026-02-15T09:40:33.330070115Z
    cursor = self.connection.cursor(),"{""level"":""error""}","{""project"":""70a52d41-885a-4854-b650-392635199b54"",""environment"":""67be7a60-8b6c-4987-8690-dbef25befe73"",""service"":""0f0f8a2f-9703-4f78-a3ed-8fcc57a55f5a"",""deployment"":""7bae97c9-ccbe-49fe-a672-c3ea4a2a6d1e"",""replica"":""5a8db334-f6d0-4ba9-a018-aa1be977e5fd""}",2026-02-15T09:40:33.330611585Z
             ^^^^^^^^^^^^^^^^^^^^^^^^,"{""level"":""error""}","{""project"":""70a52d41-885a-4854-b650-392635199b54"",""environment"":""67be7a60-8b6c-4987-8690-dbef25befe73"",""service"":""0f0f8a2f-9703-4f78-a3ed-8fcc57a55f5a"",""deployment"":""7bae97c9-ccbe-49fe-a672-c3ea4a2a6d1e"",""replica"":""5a8db334-f6d0-4ba9-a018-aa1be977e5fd""}",2026-02-15T09:40:33.330617995Z
"  File ""/usr/local/lib/python3.11/site-packages/django/utils/asyncio.py"", line 26, in inner","{""level"":""error""}","{""project"":""70a52d41-885a-4854-b650-392635199b54"",""environment"":""67be7a60-8b6c-4987-8690-dbef25befe73"",""service"":""0f0f8a2f-9703-4f78-a3ed-8fcc57a55f5a"",""deployment"":""7bae97c9-ccbe-49fe-a672-c3ea4a2a6d1e"",""replica"":""5a8db334-f6d0-4ba9-a018-aa1be977e5fd""}",2026-02-15T09:40:33.330622325Z
"    return func(*args, **kwargs)","{""level"":""error""}","{""project"":""70a52d41-885a-4854-b650-392635199b54"",""environment"":""67be7a60-8b6c-4987-8690-dbef25befe73"",""service"":""0f0f8a2f-9703-4f78-a3ed-8fcc57a55f5a"",""deployment"":""7bae97c9-ccbe-49fe-a672-c3ea4a2a6d1e"",""replica"":""5a8db334-f6d0-4ba9-a018-aa1be977e5fd""}",2026-02-15T09:40:33.330626995Z
           ^^^^^^^^^^^^^^^^^^^^^,"{""level"":""error""}","{""project"":""70a52d41-885a-4854-b650-392635199b54"",""environment"":""67be7a60-8b6c-4987-8690-dbef25befe73"",""service"":""0f0f8a2f-9703-4f78-a3ed-8fcc57a55f5a"",""deployment"":""7bae97c9-ccbe-49fe-a672-c3ea4a2a6d1e"",""replica"":""5a8db334-f6d0-4ba9-a018-aa1be977e5fd""}",2026-02-15T09:40:33.330631125Z
"  File ""/usr/local/lib/python3.11/site-packages/django/db/backends/base/base.py"", line 320, in cursor","{""level"":""error""}","{""project"":""70a52d41-885a-4854-b650-392635199b54"",""environment"":""67be7a60-8b6c-4987-8690-dbef25befe73"",""service"":""0f0f8a2f-9703-4f78-a3ed-8fcc57a55f5a"",""deployment"":""7bae97c9-ccbe-49fe-a672-c3ea4a2a6d1e"",""replica"":""5a8db334-f6d0-4ba9-a018-aa1be977e5fd""}",2026-02-15T09:40:33.330635865Z
    return self._cursor(),"{""level"":""error""}","{""project"":""70a52d41-885a-4854-b650-392635199b54"",""environment"":""67be7a60-8b6c-4987-8690-dbef25befe73"",""service"":""0f0f8a2f-9703-4f78-a3ed-8fcc57a55f5a"",""deployment"":""7bae97c9-ccbe-49fe-a672-c3ea4a2a6d1e"",""replica"":""5a8db334-f6d0-4ba9-a018-aa1be977e5fd""}",2026-02-15T09:40:33.330640885Z
"HTTP b'POST' request for ['100.64.0.7', 14752]","{""level"":""error""}","{""project"":""70a52d41-885a-4854-b650-392635199b54"",""environment"":""67be7a60-8b6c-4987-8690-dbef25befe73"",""service"":""0f0f8a2f-9703-4f78-a3ed-8fcc57a55f5a"",""deployment"":""7bae97c9-ccbe-49fe-a672-c3ea4a2a6d1e"",""replica"":""5a8db334-f6d0-4ba9-a018-aa1be977e5fd""}",2026-02-15T09:40:34.046339936Z
Internal Server Error: /api/community/rooms/,"{""level"":""error""}","{""project"":""70a52d41-885a-4854-b650-392635199b54"",""environment"":""67be7a60-8b6c-4987-8690-dbef25befe73"",""service"":""0f0f8a2f-9703-4f78-a3ed-8fcc57a55f5a"",""deployment"":""7bae97c9-ccbe-49fe-a672-c3ea4a2a6d1e"",""replica"":""5a8db334-f6d0-4ba9-a018-aa1be977e5fd""}",2026-02-15T09:40:34.546726572Z
Traceback (most recent call last):,"{""level"":""error""}","{""project"":""70a52d41-885a-4854-b650-392635199b54"",""environment"":""67be7a60-8b6c-4987-8690-dbef25befe73"",""service"":""0f0f8a2f-9703-4f78-a3ed-8fcc57a55f5a"",""deployment"":""7bae97c9-ccbe-49fe-a672-c3ea4a2a6d1e"",""replica"":""5a8db334-f6d0-4ba9-a018-aa1be977e5fd""}",2026-02-15T09:40:34.546749702Z
"psycopg2.OperationalError: connection to server at ""15.164.188.235"", port 5432 failed: FATAL:  MaxClientsInSessionMode: max clients reached - in Session mode max clients are limited to pool_size","{""level"":""error""}","{""project"":""70a52d41-885a-4854-b650-392635199b54"",""environment"":""67be7a60-8b6c-4987-8690-dbef25befe73"",""service"":""0f0f8a2f-9703-4f78-a3ed-8fcc57a55f5a"",""deployment"":""7bae97c9-ccbe-49fe-a672-c3ea4a2a6d1e"",""replica"":""5a8db334-f6d0-4ba9-a018-aa1be977e5fd""}",2026-02-15T09:40:34.546764112Z
"  File ""/usr/local/lib/python3.11/site-packages/django/db/backends/base/base.py"", line 279, in ensure_connection","{""level"":""error""}","{""project"":""70a52d41-885a-4854-b650-392635199b54"",""environment"":""67be7a60-8b6c-4987-8690-dbef25befe73"",""service"":""0f0f8a2f-9703-4f78-a3ed-8fcc57a55f5a"",""deployment"":""7bae97c9-ccbe-49fe-a672-c3ea4a2a6d1e"",""replica"":""5a8db334-f6d0-4ba9-a018-aa1be977e5fd""}",2026-02-15T09:40:34.546769752Z
,"{""level"":""error""}","{""project"":""70a52d41-885a-4854-b650-392635199b54"",""environment"":""67be7a60-8b6c-4987-8690-dbef25befe73"",""service"":""0f0f8a2f-9703-4f78-a3ed-8fcc57a55f5a"",""deployment"":""7bae97c9-ccbe-49fe-a672-c3ea4a2a6d1e"",""replica"":""5a8db334-f6d0-4ba9-a018-aa1be977e5fd""}",2026-02-15T09:40:34.546776892Z
"  File ""/usr/local/lib/python3.11/site-packages/asgiref/sync.py"", line 557, in thread_handler","{""level"":""error""}","{""project"":""70a52d41-885a-4854-b650-392635199b54"",""environment"":""67be7a60-8b6c-4987-8690-dbef25befe73"",""service"":""0f0f8a2f-9703-4f78-a3ed-8fcc57a55f5a"",""deployment"":""7bae97c9-ccbe-49fe-a672-c3ea4a2a6d1e"",""replica"":""5a8db334-f6d0-4ba9-a018-aa1be977e5fd""}",2026-02-15T09:40:34.546784152Z
,"{""level"":""error""}","{""project"":""70a52d41-885a-4854-b650-392635199b54"",""environment"":""67be7a60-8b6c-4987-8690-dbef25befe73"",""service"":""0f0f8a2f-9703-4f78-a3ed-8fcc57a55f5a"",""deployment"":""7bae97c9-ccbe-49fe-a672-c3ea4a2a6d1e"",""replica"":""5a8db334-f6d0-4ba9-a018-aa1be977e5fd""}",2026-02-15T09:40:34.546786382Z
    self.connect(),"{""level"":""error""}","{""project"":""70a52d41-885a-4854-b650-392635199b54"",""environment"":""67be7a60-8b6c-4987-8690-dbef25befe73"",""service"":""0f0f8a2f-9703-4f78-a3ed-8fcc57a55f5a"",""deployment"":""7bae97c9-ccbe-49fe-a672-c3ea4a2a6d1e"",""replica"":""5a8db334-f6d0-4ba9-a018-aa1be977e5fd""}",2026-02-15T09:40:34.546791922Z
The above exception was the direct cause of the following exception:,"{""level"":""error""}","{""project"":""70a52d41-885a-4854-b650-392635199b54"",""environment"":""67be7a60-8b6c-4987-8690-dbef25befe73"",""service"":""0f0f8a2f-9703-4f78-a3ed-8fcc57a55f5a"",""deployment"":""7bae97c9-ccbe-49fe-a672-c3ea4a2a6d1e"",""replica"":""5a8db334-f6d0-4ba9-a018-aa1be977e5fd""}",2026-02-15T09:40:34.546796942Z
    raise exc_info[1],"{""level"":""error""}","{""project"":""70a52d41-885a-4854-b650-392635199b54"",""environment"":""67be7a60-8b6c-4987-8690-dbef25befe73"",""service"":""0f0f8a2f-9703-4f78-a3ed-8fcc57a55f5a"",""deployment"":""7bae97c9-ccbe-49fe-a672-c3ea4a2a6d1e"",""replica"":""5a8db334-f6d0-4ba9-a018-aa1be977e5fd""}",2026-02-15T09:40:34.546798102Z
,"{""level"":""error""}","{""project"":""70a52d41-885a-4854-b650-392635199b54"",""environment"":""67be7a60-8b6c-4987-8690-dbef25befe73"",""service"":""0f0f8a2f-9703-4f78-a3ed-8fcc57a55f5a"",""deployment"":""7bae97c9-ccbe-49fe-a672-c3ea4a2a6d1e"",""replica"":""5a8db334-f6d0-4ba9-a018-aa1be977e5fd""}",2026-02-15T09:40:34.546804592Z
"  File ""/usr/local/lib/python3.11/site-packages/django/core/handlers/exception.py"", line 42, in inner","{""level"":""error""}","{""project"":""70a52d41-885a-4854-b650-392635199b54"",""environment"":""67be7a60-8b6c-4987-8690-dbef25befe73"",""service"":""0f0f8a2f-9703-4f78-a3ed-8fcc57a55f5a"",""deployment"":""7bae97c9-ccbe-49fe-a672-c3ea4a2a6d1e"",""replica"":""5a8db334-f6d0-4ba9-a018-aa1be977e5fd""}",2026-02-15T09:40:34.546805352Z
Traceback (most recent call last):,"{""level"":""error""}","{""project"":""70a52d41-885a-4854-b650-392635199b54"",""environment"":""67be7a60-8b6c-4987-8690-dbef25befe73"",""service"":""0f0f8a2f-9703-4f78-a3ed-8fcc57a55f5a"",""deployment"":""7bae97c9-ccbe-49fe-a672-c3ea4a2a6d1e"",""replica"":""5a8db334-f6d0-4ba9-a018-aa1be977e5fd""}",2026-02-15T09:40:34.546814622Z
"  File ""/usr/local/lib/python3.11/site-packages/django/utils/asyncio.py"", line 26, in inner","{""level"":""error""}","{""project"":""70a52d41-885a-4854-b650-392635199b54"",""environment"":""67be7a60-8b6c-4987-8690-dbef25befe73"",""service"":""0f0f8a2f-9703-4f78-a3ed-8fcc57a55f5a"",""deployment"":""7bae97c9-ccbe-49fe-a672-c3ea4a2a6d1e"",""replica"":""5a8db334-f6d0-4ba9-a018-aa1be977e5fd""}",2026-02-15T09:40:34.546814802Z
    response = await get_response(request),"{""level"":""error""}","{""project"":""70a52d41-885a-4854-b650-392635199b54"",""environment"":""67be7a60-8b6c-4987-8690-dbef25befe73"",""service"":""0f0f8a2f-9703-4f78-a3ed-8fcc57a55f5a"",""deployment"":""7bae97c9-ccbe-49fe-a672-c3ea4a2a6d1e"",""replica"":""5a8db334-f6d0-4ba9-a018-aa1be977e5fd""}",2026-02-15T09:40:34.546816772Z
"    return func(*args, **kwargs)","{""level"":""error""}","{""project"":""70a52d41-885a-4854-b650-392635199b54"",""environment"":""67be7a60-8b6c-4987-8690-dbef25befe73"",""service"":""0f0f8a2f-9703-4f78-a3ed-8fcc57a55f5a"",""deployment"":""7bae97c9-ccbe-49fe-a672-c3ea4a2a6d1e"",""replica"":""5a8db334-f6d0-4ba9-a018-aa1be977e5fd""}",2026-02-15T09:40:34.546826752Z
           ^^^^^^^^^^^^^^^^^^^^^,"{""level"":""error""}","{""project"":""70a52d41-885a-4854-b650-392635199b54"",""environment"":""67be7a60-8b6c-4987-8690-dbef25befe73"",""service"":""0f0f8a2f-9703-4f78-a3ed-8fcc57a55f5a"",""deployment"":""7bae97c9-ccbe-49fe-a672-c3ea4a2a6d1e"",""replica"":""5a8db334-f6d0-4ba9-a018-aa1be977e5fd""}",2026-02-15T09:40:34.546833382Z
"  File ""/usr/local/lib/python3.11/site-packages/django/db/backends/base/base.py"", line 256, in connect","{""level"":""error""}","{""project"":""70a52d41-885a-4854-b650-392635199b54"",""environment"":""67be7a60-8b6c-4987-8690-dbef25befe73"",""service"":""0f0f8a2f-9703-4f78-a3ed-8fcc57a55f5a"",""deployment"":""7bae97c9-ccbe-49fe-a672-c3ea4a2a6d1e"",""replica"":""5a8db334-f6d0-4ba9-a018-aa1be977e5fd""}",2026-02-15T09:40:34.546839072Z
    self.connection = self.get_new_connection(conn_params),"{""level"":""error""}","{""project"":""70a52d41-885a-4854-b650-392635199b54"",""environment"":""67be7a60-8b6c-4987-8690-dbef25befe73"",""service"":""0f0f8a2f-9703-4f78-a3ed-8fcc57a55f5a"",""deployment"":""7bae97c9-ccbe-49fe-a672-c3ea4a2a6d1e"",""replica"":""5a8db334-f6d0-4ba9-a018-aa1be977e5fd""}",2026-02-15T09:40:34.546845082Z
                      ^^^^^^^^^^^^^^^^^^^^^^^^^^^^^^^^^^^^,"{""level"":""error""}","{""project"":""70a52d41-885a-4854-b650-392635199b54"",""environment"":""67be7a60-8b6c-4987-8690-dbef25befe73"",""service"":""0f0f8a2f-9703-4f78-a3ed-8fcc57a55f5a"",""deployment"":""7bae97c9-ccbe-49fe-a672-c3ea4a2a6d1e"",""replica"":""5a8db334-f6d0-4ba9-a018-aa1be977e5fd""}",2026-02-15T09:40:34.546851082Z
"  File ""/usr/local/lib/python3.11/site-packages/django/utils/asyncio.py"", line 26, in inner","{""level"":""error""}","{""project"":""70a52d41-885a-4854-b650-392635199b54"",""environment"":""67be7a60-8b6c-4987-8690-dbef25befe73"",""service"":""0f0f8a2f-9703-4f78-a3ed-8fcc57a55f5a"",""deployment"":""7bae97c9-ccbe-49fe-a672-c3ea4a2a6d1e"",""replica"":""5a8db334-f6d0-4ba9-a018-aa1be977e5fd""}",2026-02-15T09:40:34.546858402Z
"    return func(*args, **kwargs)","{""level"":""error""}","{""project"":""70a52d41-885a-4854-b650-392635199b54"",""environment"":""67be7a60-8b6c-4987-8690-dbef25befe73"",""service"":""0f0f8a2f-9703-4f78-a3ed-8fcc57a55f5a"",""deployment"":""7bae97c9-ccbe-49fe-a672-c3ea4a2a6d1e"",""replica"":""5a8db334-f6d0-4ba9-a018-aa1be977e5fd""}",2026-02-15T09:40:34.546869272Z
           ^^^^^^^^^^^^^^^^^^^^^,"{""level"":""error""}","{""project"":""70a52d41-885a-4854-b650-392635199b54"",""environment"":""67be7a60-8b6c-4987-8690-dbef25befe73"",""service"":""0f0f8a2f-9703-4f78-a3ed-8fcc57a55f5a"",""deployment"":""7bae97c9-ccbe-49fe-a672-c3ea4a2a6d1e"",""replica"":""5a8db334-f6d0-4ba9-a018-aa1be977e5fd""}",2026-02-15T09:40:34.546878762Z
               ^^^^^^^^^^^^^^^^^^^^^^^^^^^,"{""level"":""error""}","{""project"":""70a52d41-885a-4854-b650-392635199b54"",""environment"":""67be7a60-8b6c-4987-8690-dbef25befe73"",""service"":""0f0f8a2f-9703-4f78-a3ed-8fcc57a55f5a"",""deployment"":""7bae97c9-ccbe-49fe-a672-c3ea4a2a6d1e"",""replica"":""5a8db334-f6d0-4ba9-a018-aa1be977e5fd""}",2026-02-15T09:40:34.546878922Z
"  File ""/usr/local/lib/python3.11/site-packages/django/db/backends/postgresql/base.py"", line 332, in get_new_connection","{""level"":""error""}","{""project"":""70a52d41-885a-4854-b650-392635199b54"",""environment"":""67be7a60-8b6c-4987-8690-dbef25befe73"",""service"":""0f0f8a2f-9703-4f78-a3ed-8fcc57a55f5a"",""deployment"":""7bae97c9-ccbe-49fe-a672-c3ea4a2a6d1e"",""replica"":""5a8db334-f6d0-4ba9-a018-aa1be977e5fd""}",2026-02-15T09:40:34.546886322Z
    connection = self.Database.connect(**conn_params),"{""level"":""error""}","{""project"":""70a52d41-885a-4854-b650-392635199b54"",""environment"":""67be7a60-8b6c-4987-8690-dbef25befe73"",""service"":""0f0f8a2f-9703-4f78-a3ed-8fcc57a55f5a"",""deployment"":""7bae97c9-ccbe-49fe-a672-c3ea4a2a6d1e"",""replica"":""5a8db334-f6d0-4ba9-a018-aa1be977e5fd""}",2026-02-15T09:40:34.546894802Z
"  File ""/usr/local/lib/python3.11/site-packages/asgiref/sync.py"", line 557, in thread_handler","{""level"":""error""}","{""project"":""70a52d41-885a-4854-b650-392635199b54"",""environment"":""67be7a60-8b6c-4987-8690-dbef25befe73"",""service"":""0f0f8a2f-9703-4f78-a3ed-8fcc57a55f5a"",""deployment"":""7bae97c9-ccbe-49fe-a672-c3ea4a2a6d1e"",""replica"":""5a8db334-f6d0-4ba9-a018-aa1be977e5fd""}",2026-02-15T09:40:34.546899472Z
                 ^^^^^^^^^^^^^^^^^^^^^^^^^^^^^^^^^^^^,"{""level"":""error""}","{""project"":""70a52d41-885a-4854-b650-392635199b54"",""environment"":""67be7a60-8b6c-4987-8690-dbef25befe73"",""service"":""0f0f8a2f-9703-4f78-a3ed-8fcc57a55f5a"",""deployment"":""7bae97c9-ccbe-49fe-a672-c3ea4a2a6d1e"",""replica"":""5a8db334-f6d0-4ba9-a018-aa1be977e5fd""}",2026-02-15T09:40:34.546905032Z
"  File ""/usr/local/lib/python3.11/site-packages/psycopg2/__init__.py"", line 122, in connect","{""level"":""error""}","{""project"":""70a52d41-885a-4854-b650-392635199b54"",""environment"":""67be7a60-8b6c-4987-8690-dbef25befe73"",""service"":""0f0f8a2f-9703-4f78-a3ed-8fcc57a55f5a"",""deployment"":""7bae97c9-ccbe-49fe-a672-c3ea4a2a6d1e"",""replica"":""5a8db334-f6d0-4ba9-a018-aa1be977e5fd""}",2026-02-15T09:40:34.546914102Z
    raise exc_info[1],"{""level"":""error""}","{""project"":""70a52d41-885a-4854-b650-392635199b54"",""environment"":""67be7a60-8b6c-4987-8690-dbef25befe73"",""service"":""0f0f8a2f-9703-4f78-a3ed-8fcc57a55f5a"",""deployment"":""7bae97c9-ccbe-49fe-a672-c3ea4a2a6d1e"",""replica"":""5a8db334-f6d0-4ba9-a018-aa1be977e5fd""}",2026-02-15T09:40:34.546919522Z
"    conn = _connect(dsn, connection_factory=connection_factory, **kwasync)","{""level"":""error""}","{""project"":""70a52d41-885a-4854-b650-392635199b54"",""environment"":""67be7a60-8b6c-4987-8690-dbef25befe73"",""service"":""0f0f8a2f-9703-4f78-a3ed-8fcc57a55f5a"",""deployment"":""7bae97c9-ccbe-49fe-a672-c3ea4a2a6d1e"",""replica"":""5a8db334-f6d0-4ba9-a018-aa1be977e5fd""}",2026-02-15T09:40:34.546926952Z
"  File ""/usr/local/lib/python3.11/site-packages/django/core/handlers/base.py"", line 253, in _get_response_async","{""level"":""error""}","{""project"":""70a52d41-885a-4854-b650-392635199b54"",""environment"":""67be7a60-8b6c-4987-8690-dbef25befe73"",""service"":""0f0f8a2f-9703-4f78-a3ed-8fcc57a55f5a"",""deployment"":""7bae97c9-ccbe-49fe-a672-c3ea4a2a6d1e"",""replica"":""5a8db334-f6d0-4ba9-a018-aa1be977e5fd""}",2026-02-15T09:40:34.546938172Z
           ^^^^^^^^^^^^^^^^^^^^^^^^^^^^^^^^^^^^^^^^^^^^^^^^^^^^^^^^^^^^^^^,"{""level"":""error""}","{""project"":""70a52d41-885a-4854-b650-392635199b54"",""environment"":""67be7a60-8b6c-4987-8690-dbef25befe73"",""service"":""0f0f8a2f-9703-4f78-a3ed-8fcc57a55f5a"",""deployment"":""7bae97c9-ccbe-49fe-a672-c3ea4a2a6d1e"",""replica"":""5a8db334-f6d0-4ba9-a018-aa1be977e5fd""}",2026-02-15T09:40:34.546940962Z
    response = await wrapped_callback(,"{""level"":""error""}","{""project"":""70a52d41-885a-4854-b650-392635199b54"",""environment"":""67be7a60-8b6c-4987-8690-dbef25befe73"",""service"":""0f0f8a2f-9703-4f78-a3ed-8fcc57a55f5a"",""deployment"":""7bae97c9-ccbe-49fe-a672-c3ea4a2a6d1e"",""replica"":""5a8db334-f6d0-4ba9-a018-aa1be977e5fd""}",2026-02-15T09:40:34.546952002Z
               ^^^^^^^^^^^^^^^^^^^^^^^,"{""level"":""error""}","{""project"":""70a52d41-885a-4854-b650-392635199b54"",""environment"":""67be7a60-8b6c-4987-8690-dbef25befe73"",""service"":""0f0f8a2f-9703-4f78-a3ed-8fcc57a55f5a"",""deployment"":""7bae97c9-ccbe-49fe-a672-c3ea4a2a6d1e"",""replica"":""5a8db334-f6d0-4ba9-a018-aa1be977e5fd""}",2026-02-15T09:40:34.546958262Z
"  File ""/usr/local/lib/python3.11/site-packages/asgiref/sync.py"", line 506, in __call__","{""level"":""error""}","{""project"":""70a52d41-885a-4854-b650-392635199b54"",""environment"":""67be7a60-8b6c-4987-8690-dbef25befe73"",""service"":""0f0f8a2f-9703-4f78-a3ed-8fcc57a55f5a"",""deployment"":""7bae97c9-ccbe-49fe-a672-c3ea4a2a6d1e"",""replica"":""5a8db334-f6d0-4ba9-a018-aa1be977e5fd""}",2026-02-15T09:40:34.546964002Z
    ret = await asyncio.shield(exec_coro),"{""level"":""error""}","{""project"":""70a52d41-885a-4854-b650-392635199b54"",""environment"":""67be7a60-8b6c-4987-8690-dbef25befe73"",""service"":""0f0f8a2f-9703-4f78-a3ed-8fcc57a55f5a"",""deployment"":""7bae97c9-ccbe-49fe-a672-c3ea4a2a6d1e"",""replica"":""5a8db334-f6d0-4ba9-a018-aa1be977e5fd""}",2026-02-15T09:40:34.546969752Z
          ^^^^^^^^^^^^^^^^^^^^^^^^^^^^^^^,"{""level"":""error""}","{""project"":""70a52d41-885a-4854-b650-392635199b54"",""environment"":""67be7a60-8b6c-4987-8690-dbef25befe73"",""service"":""0f0f8a2f-9703-4f78-a3ed-8fcc57a55f5a"",""deployment"":""7bae97c9-ccbe-49fe-a672-c3ea4a2a6d1e"",""replica"":""5a8db334-f6d0-4ba9-a018-aa1be977e5fd""}",2026-02-15T09:40:34.546975752Z
"  File ""/usr/local/lib/python3.11/site-packages/asgiref/current_thread_executor.py"", line 40, in run","{""level"":""error""}","{""project"":""70a52d41-885a-4854-b650-392635199b54"",""environment"":""67be7a60-8b6c-4987-8690-dbef25befe73"",""service"":""0f0f8a2f-9703-4f78-a3ed-8fcc57a55f5a"",""deployment"":""7bae97c9-ccbe-49fe-a672-c3ea4a2a6d1e"",""replica"":""5a8db334-f6d0-4ba9-a018-aa1be977e5fd""}",2026-02-15T09:40:34.546983012Z
"    result = self.fn(*self.args, **self.kwargs)","{""level"":""error""}","{""project"":""70a52d41-885a-4854-b650-392635199b54"",""environment"":""67be7a60-8b6c-4987-8690-dbef25befe73"",""service"":""0f0f8a2f-9703-4f78-a3ed-8fcc57a55f5a"",""deployment"":""7bae97c9-ccbe-49fe-a672-c3ea4a2a6d1e"",""replica"":""5a8db334-f6d0-4ba9-a018-aa1be977e5fd""}",2026-02-15T09:40:34.554956270Z
             ^^^^^^^^^^^^^^^^^^^^^^^^^^^^^^^^^^,"{""level"":""error""}","{""project"":""70a52d41-885a-4854-b650-392635199b54"",""environment"":""67be7a60-8b6c-4987-8690-dbef25befe73"",""service"":""0f0f8a2f-9703-4f78-a3ed-8fcc57a55f5a"",""deployment"":""7bae97c9-ccbe-49fe-a672-c3ea4a2a6d1e"",""replica"":""5a8db334-f6d0-4ba9-a018-aa1be977e5fd""}",2026-02-15T09:40:34.554966420Z
"  File ""/usr/local/lib/python3.11/site-packages/asgiref/sync.py"", line 561, in thread_handler","{""level"":""error""}","{""project"":""70a52d41-885a-4854-b650-392635199b54"",""environment"":""67be7a60-8b6c-4987-8690-dbef25befe73"",""service"":""0f0f8a2f-9703-4f78-a3ed-8fcc57a55f5a"",""deployment"":""7bae97c9-ccbe-49fe-a672-c3ea4a2a6d1e"",""replica"":""5a8db334-f6d0-4ba9-a018-aa1be977e5fd""}",2026-02-15T09:40:34.554974900Z
"    return func(*args, **kwargs)","{""level"":""error""}","{""project"":""70a52d41-885a-4854-b650-392635199b54"",""environment"":""67be7a60-8b6c-4987-8690-dbef25befe73"",""service"":""0f0f8a2f-9703-4f78-a3ed-8fcc57a55f5a"",""deployment"":""7bae97c9-ccbe-49fe-a672-c3ea4a2a6d1e"",""replica"":""5a8db334-f6d0-4ba9-a018-aa1be977e5fd""}",2026-02-15T09:40:34.554981320Z
           ^^^^^^^^^^^^^^^^^^^^^,"{""level"":""error""}","{""project"":""70a52d41-885a-4854-b650-392635199b54"",""environment"":""67be7a60-8b6c-4987-8690-dbef25befe73"",""service"":""0f0f8a2f-9703-4f78-a3ed-8fcc57a55f5a"",""deployment"":""7bae97c9-ccbe-49fe-a672-c3ea4a2a6d1e"",""replica"":""5a8db334-f6d0-4ba9-a018-aa1be977e5fd""}",2026-02-15T09:40:34.554987560Z
"  File ""/usr/local/lib/python3.11/site-packages/django/views/decorators/csrf.py"", line 65, in _view_wrapper","{""level"":""error""}","{""project"":""70a52d41-885a-4854-b650-392635199b54"",""environment"":""67be7a60-8b6c-4987-8690-dbef25befe73"",""service"":""0f0f8a2f-9703-4f78-a3ed-8fcc57a55f5a"",""deployment"":""7bae97c9-ccbe-49fe-a672-c3ea4a2a6d1e"",""replica"":""5a8db334-f6d0-4ba9-a018-aa1be977e5fd""}",2026-02-15T09:40:34.554994130Z
"    return view_func(request, *args, **kwargs)","{""level"":""error""}","{""project"":""70a52d41-885a-4854-b650-392635199b54"",""environment"":""67be7a60-8b6c-4987-8690-dbef25befe73"",""service"":""0f0f8a2f-9703-4f78-a3ed-8fcc57a55f5a"",""deployment"":""7bae97c9-ccbe-49fe-a672-c3ea4a2a6d1e"",""replica"":""5a8db334-f6d0-4ba9-a018-aa1be977e5fd""}",2026-02-15T09:40:34.554999840Z
           ^^^^^^^^^^^^^^^^^^^^^^^^^^^^^^^^^^^,"{""level"":""error""}","{""project"":""70a52d41-885a-4854-b650-392635199b54"",""environment"":""67be7a60-8b6c-4987-8690-dbef25befe73"",""service"":""0f0f8a2f-9703-4f78-a3ed-8fcc57a55f5a"",""deployment"":""7bae97c9-ccbe-49fe-a672-c3ea4a2a6d1e"",""replica"":""5a8db334-f6d0-4ba9-a018-aa1be977e5fd""}",2026-02-15T09:40:34.555006060Z
"  File ""/usr/local/lib/python3.11/site-packages/rest_framework/viewsets.py"", line 125, in view","{""level"":""error""}","{""project"":""70a52d41-885a-4854-b650-392635199b54"",""environment"":""67be7a60-8b6c-4987-8690-dbef25befe73"",""service"":""0f0f8a2f-9703-4f78-a3ed-8fcc57a55f5a"",""deployment"":""7bae97c9-ccbe-49fe-a672-c3ea4a2a6d1e"",""replica"":""5a8db334-f6d0-4ba9-a018-aa1be977e5fd""}",2026-02-15T09:40:34.555012010Z
"    return self.dispatch(request, *args, **kwargs)","{""level"":""error""}","{""project"":""70a52d41-885a-4854-b650-392635199b54"",""environment"":""67be7a60-8b6c-4987-8690-dbef25befe73"",""service"":""0f0f8a2f-9703-4f78-a3ed-8fcc57a55f5a"",""deployment"":""7bae97c9-ccbe-49fe-a672-c3ea4a2a6d1e"",""replica"":""5a8db334-f6d0-4ba9-a018-aa1be977e5fd""}",2026-02-15T09:40:34.555018140Z
           ^^^^^^^^^^^^^^^^^^^^^^^^^^^^^^^^^^^^^^^,"{""level"":""error""}","{""project"":""70a52d41-885a-4854-b650-392635199b54"",""environment"":""67be7a60-8b6c-4987-8690-dbef25befe73"",""service"":""0f0f8a2f-9703-4f78-a3ed-8fcc57a55f5a"",""deployment"":""7bae97c9-ccbe-49fe-a672-c3ea4a2a6d1e"",""replica"":""5a8db334-f6d0-4ba9-a018-aa1be977e5fd""}",2026-02-15T09:40:34.555024830Z
"  File ""/usr/local/lib/python3.11/site-packages/rest_framework/views.py"", line 515, in dispatch","{""level"":""error""}","{""project"":""70a52d41-885a-4854-b650-392635199b54"",""environment"":""67be7a60-8b6c-4987-8690-dbef25befe73"",""service"":""0f0f8a2f-9703-4f78-a3ed-8fcc57a55f5a"",""deployment"":""7bae97c9-ccbe-49fe-a672-c3ea4a2a6d1e"",""replica"":""5a8db334-f6d0-4ba9-a018-aa1be977e5fd""}",2026-02-15T09:40:34.555032040Z
    response = self.handle_exception(exc),"{""level"":""error""}","{""project"":""70a52d41-885a-4854-b650-392635199b54"",""environment"":""67be7a60-8b6c-4987-8690-dbef25befe73"",""service"":""0f0f8a2f-9703-4f78-a3ed-8fcc57a55f5a"",""deployment"":""7bae97c9-ccbe-49fe-a672-c3ea4a2a6d1e"",""replica"":""5a8db334-f6d0-4ba9-a018-aa1be977e5fd""}",2026-02-15T09:40:34.555039440Z
               ^^^^^^^^^^^^^^^^^^^^^^^^^^,"{""level"":""error""}","{""project"":""70a52d41-885a-4854-b650-392635199b54"",""environment"":""67be7a60-8b6c-4987-8690-dbef25befe73"",""service"":""0f0f8a2f-9703-4f78-a3ed-8fcc57a55f5a"",""deployment"":""7bae97c9-ccbe-49fe-a672-c3ea4a2a6d1e"",""replica"":""5a8db334-f6d0-4ba9-a018-aa1be977e5fd""}",2026-02-15T09:40:34.555047530Z
"  File ""/usr/local/lib/python3.11/site-packages/rest_framework/views.py"", line 475, in handle_exception","{""level"":""error""}","{""project"":""70a52d41-885a-4854-b650-392635199b54"",""environment"":""67be7a60-8b6c-4987-8690-dbef25befe73"",""service"":""0f0f8a2f-9703-4f78-a3ed-8fcc57a55f5a"",""deployment"":""7bae97c9-ccbe-49fe-a672-c3ea4a2a6d1e"",""replica"":""5a8db334-f6d0-4ba9-a018-aa1be977e5fd""}",2026-02-15T09:40:34.555054390Z
    self.raise_uncaught_exception(exc),"{""level"":""error""}","{""project"":""70a52d41-885a-4854-b650-392635199b54"",""environment"":""67be7a60-8b6c-4987-8690-dbef25befe73"",""service"":""0f0f8a2f-9703-4f78-a3ed-8fcc57a55f5a"",""deployment"":""7bae97c9-ccbe-49fe-a672-c3ea4a2a6d1e"",""replica"":""5a8db334-f6d0-4ba9-a018-aa1be977e5fd""}",2026-02-15T09:40:34.555062880Z
"  File ""/usr/local/lib/python3.11/site-packages/rest_framework/views.py"", line 486, in raise_uncaught_exception","{""level"":""error""}","{""project"":""70a52d41-885a-4854-b650-392635199b54"",""environment"":""67be7a60-8b6c-4987-8690-dbef25befe73"",""service"":""0f0f8a2f-9703-4f78-a3ed-8fcc57a55f5a"",""deployment"":""7bae97c9-ccbe-49fe-a672-c3ea4a2a6d1e"",""replica"":""5a8db334-f6d0-4ba9-a018-aa1be977e5fd""}",2026-02-15T09:40:34.555073590Z
    raise exc,"{""level"":""error""}","{""project"":""70a52d41-885a-4854-b650-392635199b54"",""environment"":""67be7a60-8b6c-4987-8690-dbef25befe73"",""service"":""0f0f8a2f-9703-4f78-a3ed-8fcc57a55f5a"",""deployment"":""7bae97c9-ccbe-49fe-a672-c3ea4a2a6d1e"",""replica"":""5a8db334-f6d0-4ba9-a018-aa1be977e5fd""}",2026-02-15T09:40:34.555083110Z
"  File ""/usr/local/lib/python3.11/site-packages/rest_framework/views.py"", line 503, in dispatch","{""level"":""error""}","{""project"":""70a52d41-885a-4854-b650-392635199b54"",""environment"":""67be7a60-8b6c-4987-8690-dbef25befe73"",""service"":""0f0f8a2f-9703-4f78-a3ed-8fcc57a55f5a"",""deployment"":""7bae97c9-ccbe-49fe-a672-c3ea4a2a6d1e"",""replica"":""5a8db334-f6d0-4ba9-a018-aa1be977e5fd""}",2026-02-15T09:40:34.555090860Z
"    self.initial(request, *args, **kwargs)","{""level"":""error""}","{""project"":""70a52d41-885a-4854-b650-392635199b54"",""environment"":""67be7a60-8b6c-4987-8690-dbef25befe73"",""service"":""0f0f8a2f-9703-4f78-a3ed-8fcc57a55f5a"",""deployment"":""7bae97c9-ccbe-49fe-a672-c3ea4a2a6d1e"",""replica"":""5a8db334-f6d0-4ba9-a018-aa1be977e5fd""}",2026-02-15T09:40:34.555099880Z
"  File ""/usr/local/lib/python3.11/site-packages/rest_framework/views.py"", line 420, in initial","{""level"":""error""}","{""project"":""70a52d41-885a-4854-b650-392635199b54"",""environment"":""67be7a60-8b6c-4987-8690-dbef25befe73"",""service"":""0f0f8a2f-9703-4f78-a3ed-8fcc57a55f5a"",""deployment"":""7bae97c9-ccbe-49fe-a672-c3ea4a2a6d1e"",""replica"":""5a8db334-f6d0-4ba9-a018-aa1be977e5fd""}",2026-02-15T09:40:34.555107400Z
    self.perform_authentication(request),"{""level"":""error""}","{""project"":""70a52d41-885a-4854-b650-392635199b54"",""environment"":""67be7a60-8b6c-4987-8690-dbef25befe73"",""service"":""0f0f8a2f-9703-4f78-a3ed-8fcc57a55f5a"",""deployment"":""7bae97c9-ccbe-49fe-a672-c3ea4a2a6d1e"",""replica"":""5a8db334-f6d0-4ba9-a018-aa1be977e5fd""}",2026-02-15T09:40:34.555114820Z
"  File ""/usr/local/lib/python3.11/site-packages/rest_framework/views.py"", line 330, in perform_authentication","{""level"":""error""}","{""project"":""70a52d41-885a-4854-b650-392635199b54"",""environment"":""67be7a60-8b6c-4987-8690-dbef25befe73"",""service"":""0f0f8a2f-9703-4f78-a3ed-8fcc57a55f5a"",""deployment"":""7bae97c9-ccbe-49fe-a672-c3ea4a2a6d1e"",""replica"":""5a8db334-f6d0-4ba9-a018-aa1be977e5fd""}",2026-02-15T09:40:34.555124980Z
    request.user,"{""level"":""error""}","{""project"":""70a52d41-885a-4854-b650-392635199b54"",""environment"":""67be7a60-8b6c-4987-8690-dbef25befe73"",""service"":""0f0f8a2f-9703-4f78-a3ed-8fcc57a55f5a"",""deployment"":""7bae97c9-ccbe-49fe-a672-c3ea4a2a6d1e"",""replica"":""5a8db334-f6d0-4ba9-a018-aa1be977e5fd""}",2026-02-15T09:40:34.555134210Z
"  File ""/usr/local/lib/python3.11/site-packages/rest_framework/request.py"", line 232, in user","{""level"":""error""}","{""project"":""70a52d41-885a-4854-b650-392635199b54"",""environment"":""67be7a60-8b6c-4987-8690-dbef25befe73"",""service"":""0f0f8a2f-9703-4f78-a3ed-8fcc57a55f5a"",""deployment"":""7bae97c9-ccbe-49fe-a672-c3ea4a2a6d1e"",""replica"":""5a8db334-f6d0-4ba9-a018-aa1be977e5fd""}",2026-02-15T09:40:34.555144910Z
    self._authenticate(),"{""level"":""error""}","{""project"":""70a52d41-885a-4854-b650-392635199b54"",""environment"":""67be7a60-8b6c-4987-8690-dbef25befe73"",""service"":""0f0f8a2f-9703-4f78-a3ed-8fcc57a55f5a"",""deployment"":""7bae97c9-ccbe-49fe-a672-c3ea4a2a6d1e"",""replica"":""5a8db334-f6d0-4ba9-a018-aa1be977e5fd""}",2026-02-15T09:40:34.555155140Z
"  File ""/usr/local/lib/python3.11/site-packages/rest_framework/request.py"", line 385, in _authenticate","{""level"":""error""}","{""project"":""70a52d41-885a-4854-b650-392635199b54"",""environment"":""67be7a60-8b6c-4987-8690-dbef25befe73"",""service"":""0f0f8a2f-9703-4f78-a3ed-8fcc57a55f5a"",""deployment"":""7bae97c9-ccbe-49fe-a672-c3ea4a2a6d1e"",""replica"":""5a8db334-f6d0-4ba9-a018-aa1be977e5fd""}",2026-02-15T09:40:34.555164620Z
    user_auth_tuple = authenticator.authenticate(self),"{""level"":""error""}","{""project"":""70a52d41-885a-4854-b650-392635199b54"",""environment"":""67be7a60-8b6c-4987-8690-dbef25befe73"",""service"":""0f0f8a2f-9703-4f78-a3ed-8fcc57a55f5a"",""deployment"":""7bae97c9-ccbe-49fe-a672-c3ea4a2a6d1e"",""replica"":""5a8db334-f6d0-4ba9-a018-aa1be977e5fd""}",2026-02-15T09:40:34.555174410Z
                      ^^^^^^^^^^^^^^^^^^^^^^^^^^^^^^^^,"{""level"":""error""}","{""project"":""70a52d41-885a-4854-b650-392635199b54"",""environment"":""67be7a60-8b6c-4987-8690-dbef25befe73"",""service"":""0f0f8a2f-9703-4f78-a3ed-8fcc57a55f5a"",""deployment"":""7bae97c9-ccbe-49fe-a672-c3ea4a2a6d1e"",""replica"":""5a8db334-f6d0-4ba9-a018-aa1be977e5fd""}",2026-02-15T09:40:34.555185240Z
"  File ""/usr/local/lib/python3.11/site-packages/rest_framework_simplejwt/authentication.py"", line 51, in authenticate","{""level"":""error""}","{""project"":""70a52d41-885a-4854-b650-392635199b54"",""environment"":""67be7a60-8b6c-4987-8690-dbef25befe73"",""service"":""0f0f8a2f-9703-4f78-a3ed-8fcc57a55f5a"",""deployment"":""7bae97c9-ccbe-49fe-a672-c3ea4a2a6d1e"",""replica"":""5a8db334-f6d0-4ba9-a018-aa1be977e5fd""}",2026-02-15T09:40:34.555195280Z
"    return self.get_user(validated_token), validated_token","{""level"":""error""}","{""project"":""70a52d41-885a-4854-b650-392635199b54"",""environment"":""67be7a60-8b6c-4987-8690-dbef25befe73"",""service"":""0f0f8a2f-9703-4f78-a3ed-8fcc57a55f5a"",""deployment"":""7bae97c9-ccbe-49fe-a672-c3ea4a2a6d1e"",""replica"":""5a8db334-f6d0-4ba9-a018-aa1be977e5fd""}",2026-02-15T09:40:34.555207140Z
           ^^^^^^^^^^^^^^^^^^^^^^^^^^^^^^,"{""level"":""error""}","{""project"":""70a52d41-885a-4854-b650-392635199b54"",""environment"":""67be7a60-8b6c-4987-8690-dbef25befe73"",""service"":""0f0f8a2f-9703-4f78-a3ed-8fcc57a55f5a"",""deployment"":""7bae97c9-ccbe-49fe-a672-c3ea4a2a6d1e"",""replica"":""5a8db334-f6d0-4ba9-a018-aa1be977e5fd""}",2026-02-15T09:40:34.555218590Z
"  File ""/usr/local/lib/python3.11/site-packages/rest_framework_simplejwt/authentication.py"", line 132, in get_user","{""level"":""error""}","{""project"":""70a52d41-885a-4854-b650-392635199b54"",""environment"":""67be7a60-8b6c-4987-8690-dbef25befe73"",""service"":""0f0f8a2f-9703-4f78-a3ed-8fcc57a55f5a"",""deployment"":""7bae97c9-ccbe-49fe-a672-c3ea4a2a6d1e"",""replica"":""5a8db334-f6d0-4ba9-a018-aa1be977e5fd""}",2026-02-15T09:40:34.555231430Z
    user = self.user_model.objects.get(**{api_settings.USER_ID_FIELD: user_id}),"{""level"":""error""}","{""project"":""70a52d41-885a-4854-b650-392635199b54"",""environment"":""67be7a60-8b6c-4987-8690-dbef25befe73"",""service"":""0f0f8a2f-9703-4f78-a3ed-8fcc57a55f5a"",""deployment"":""7bae97c9-ccbe-49fe-a672-c3ea4a2a6d1e"",""replica"":""5a8db334-f6d0-4ba9-a018-aa1be977e5fd""}",2026-02-15T09:40:34.555246830Z
           ^^^^^^^^^^^^^^^^^^^^^^^^^^^^^^^^^^^^^^^^^^^^^^^^^^^^^^^^^^^^^^^^^^^^,"{""level"":""error""}","{""project"":""70a52d41-885a-4854-b650-392635199b54"",""environment"":""67be7a60-8b6c-4987-8690-dbef25befe73"",""service"":""0f0f8a2f-9703-4f78-a3ed-8fcc57a55f5a"",""deployment"":""7bae97c9-ccbe-49fe-a672-c3ea4a2a6d1e"",""replica"":""5a8db334-f6d0-4ba9-a018-aa1be977e5fd""}",2026-02-15T09:40:34.555264530Z
"  File ""/usr/local/lib/python3.11/site-packages/django/db/models/manager.py"", line 87, in manager_method","{""level"":""error""}","{""project"":""70a52d41-885a-4854-b650-392635199b54"",""environment"":""67be7a60-8b6c-4987-8690-dbef25befe73"",""service"":""0f0f8a2f-9703-4f78-a3ed-8fcc57a55f5a"",""deployment"":""7bae97c9-ccbe-49fe-a672-c3ea4a2a6d1e"",""replica"":""5a8db334-f6d0-4ba9-a018-aa1be977e5fd""}",2026-02-15T09:40:34.555276360Z
"    return getattr(self.get_queryset(), name)(*args, **kwargs)","{""level"":""error""}","{""project"":""70a52d41-885a-4854-b650-392635199b54"",""environment"":""67be7a60-8b6c-4987-8690-dbef25befe73"",""service"":""0f0f8a2f-9703-4f78-a3ed-8fcc57a55f5a"",""deployment"":""7bae97c9-ccbe-49fe-a672-c3ea4a2a6d1e"",""replica"":""5a8db334-f6d0-4ba9-a018-aa1be977e5fd""}",2026-02-15T09:40:34.555292630Z
           ^^^^^^^^^^^^^^^^^^^^^^^^^^^^^^^^^^^^^^^^^^^^^^^^^^^,"{""level"":""error""}","{""project"":""70a52d41-885a-4854-b650-392635199b54"",""environment"":""67be7a60-8b6c-4987-8690-dbef25befe73"",""service"":""0f0f8a2f-9703-4f78-a3ed-8fcc57a55f5a"",""deployment"":""7bae97c9-ccbe-49fe-a672-c3ea4a2a6d1e"",""replica"":""5a8db334-f6d0-4ba9-a018-aa1be977e5fd""}",2026-02-15T09:40:34.555307020Z
"  File ""/usr/local/lib/python3.11/site-packages/django/db/models/query.py"", line 631, in get","{""level"":""error""}","{""project"":""70a52d41-885a-4854-b650-392635199b54"",""environment"":""67be7a60-8b6c-4987-8690-dbef25befe73"",""service"":""0f0f8a2f-9703-4f78-a3ed-8fcc57a55f5a"",""deployment"":""7bae97c9-ccbe-49fe-a672-c3ea4a2a6d1e"",""replica"":""5a8db334-f6d0-4ba9-a018-aa1be977e5fd""}",2026-02-15T09:40:34.555325030Z
    num = len(clone),"{""level"":""error""}","{""project"":""70a52d41-885a-4854-b650-392635199b54"",""environment"":""67be7a60-8b6c-4987-8690-dbef25befe73"",""service"":""0f0f8a2f-9703-4f78-a3ed-8fcc57a55f5a"",""deployment"":""7bae97c9-ccbe-49fe-a672-c3ea4a2a6d1e"",""replica"":""5a8db334-f6d0-4ba9-a018-aa1be977e5fd""}",2026-02-15T09:40:34.555339390Z
          ^^^^^^^^^^,"{""level"":""error""}","{""project"":""70a52d41-885a-4854-b650-392635199b54"",""environment"":""67be7a60-8b6c-4987-8690-dbef25befe73"",""service"":""0f0f8a2f-9703-4f78-a3ed-8fcc57a55f5a"",""deployment"":""7bae97c9-ccbe-49fe-a672-c3ea4a2a6d1e"",""replica"":""5a8db334-f6d0-4ba9-a018-aa1be977e5fd""}",2026-02-15T09:40:34.555364650Z
"  File ""/usr/local/lib/python3.11/site-packages/django/db/models/query.py"", line 368, in __len__","{""level"":""error""}","{""project"":""70a52d41-885a-4854-b650-392635199b54"",""environment"":""67be7a60-8b6c-4987-8690-dbef25befe73"",""service"":""0f0f8a2f-9703-4f78-a3ed-8fcc57a55f5a"",""deployment"":""7bae97c9-ccbe-49fe-a672-c3ea4a2a6d1e"",""replica"":""5a8db334-f6d0-4ba9-a018-aa1be977e5fd""}",2026-02-15T09:40:34.555372000Z
    self._fetch_all(),"{""level"":""error""}","{""project"":""70a52d41-885a-4854-b650-392635199b54"",""environment"":""67be7a60-8b6c-4987-8690-dbef25befe73"",""service"":""0f0f8a2f-9703-4f78-a3ed-8fcc57a55f5a"",""deployment"":""7bae97c9-ccbe-49fe-a672-c3ea4a2a6d1e"",""replica"":""5a8db334-f6d0-4ba9-a018-aa1be977e5fd""}",2026-02-15T09:40:34.555379930Z
"  File ""/usr/local/lib/python3.11/site-packages/django/db/models/query.py"", line 1954, in _fetch_all","{""level"":""error""}","{""project"":""70a52d41-885a-4854-b650-392635199b54"",""environment"":""67be7a60-8b6c-4987-8690-dbef25befe73"",""service"":""0f0f8a2f-9703-4f78-a3ed-8fcc57a55f5a"",""deployment"":""7bae97c9-ccbe-49fe-a672-c3ea4a2a6d1e"",""replica"":""5a8db334-f6d0-4ba9-a018-aa1be977e5fd""}",2026-02-15T09:40:34.555389300Z
    self._result_cache = list(self._iterable_class(self)),"{""level"":""error""}","{""project"":""70a52d41-885a-4854-b650-392635199b54"",""environment"":""67be7a60-8b6c-4987-8690-dbef25befe73"",""service"":""0f0f8a2f-9703-4f78-a3ed-8fcc57a55f5a"",""deployment"":""7bae97c9-ccbe-49fe-a672-c3ea4a2a6d1e"",""replica"":""5a8db334-f6d0-4ba9-a018-aa1be977e5fd""}",2026-02-15T09:40:34.555396080Z
                         ^^^^^^^^^^^^^^^^^^^^^^^^^^^^^^^^,"{""level"":""error""}","{""project"":""70a52d41-885a-4854-b650-392635199b54"",""environment"":""67be7a60-8b6c-4987-8690-dbef25befe73"",""service"":""0f0f8a2f-9703-4f78-a3ed-8fcc57a55f5a"",""deployment"":""7bae97c9-ccbe-49fe-a672-c3ea4a2a6d1e"",""replica"":""5a8db334-f6d0-4ba9-a018-aa1be977e5fd""}",2026-02-15T09:40:34.555402860Z
"  File ""/usr/local/lib/python3.11/site-packages/django/db/models/query.py"", line 93, in __iter__","{""level"":""error""}","{""project"":""70a52d41-885a-4854-b650-392635199b54"",""environment"":""67be7a60-8b6c-4987-8690-dbef25befe73"",""service"":""0f0f8a2f-9703-4f78-a3ed-8fcc57a55f5a"",""deployment"":""7bae97c9-ccbe-49fe-a672-c3ea4a2a6d1e"",""replica"":""5a8db334-f6d0-4ba9-a018-aa1be977e5fd""}",2026-02-15T09:40:34.555409010Z
    results = compiler.execute_sql(,"{""level"":""error""}","{""project"":""70a52d41-885a-4854-b650-392635199b54"",""environment"":""67be7a60-8b6c-4987-8690-dbef25befe73"",""service"":""0f0f8a2f-9703-4f78-a3ed-8fcc57a55f5a"",""deployment"":""7bae97c9-ccbe-49fe-a672-c3ea4a2a6d1e"",""replica"":""5a8db334-f6d0-4ba9-a018-aa1be977e5fd""}",2026-02-15T09:40:34.555415790Z
              ^^^^^^^^^^^^^^^^^^^^^,"{""level"":""error""}","{""project"":""70a52d41-885a-4854-b650-392635199b54"",""environment"":""67be7a60-8b6c-4987-8690-dbef25befe73"",""service"":""0f0f8a2f-9703-4f78-a3ed-8fcc57a55f5a"",""deployment"":""7bae97c9-ccbe-49fe-a672-c3ea4a2a6d1e"",""replica"":""5a8db334-f6d0-4ba9-a018-aa1be977e5fd""}",2026-02-15T09:40:34.555421970Z
"  File ""/usr/local/lib/python3.11/site-packages/django/db/models/sql/compiler.py"", line 1621, in execute_sql","{""level"":""error""}","{""project"":""70a52d41-885a-4854-b650-392635199b54"",""environment"":""67be7a60-8b6c-4987-8690-dbef25befe73"",""service"":""0f0f8a2f-9703-4f78-a3ed-8fcc57a55f5a"",""deployment"":""7bae97c9-ccbe-49fe-a672-c3ea4a2a6d1e"",""replica"":""5a8db334-f6d0-4ba9-a018-aa1be977e5fd""}",2026-02-15T09:40:34.555432500Z
"HTTP b'POST' request for ['100.64.0.3', 46154]","{""level"":""error""}","{""project"":""70a52d41-885a-4854-b650-392635199b54"",""environment"":""67be7a60-8b6c-4987-8690-dbef25befe73"",""service"":""0f0f8a2f-9703-4f78-a3ed-8fcc57a55f5a"",""deployment"":""7bae97c9-ccbe-49fe-a672-c3ea4a2a6d1e"",""replica"":""5a8db334-f6d0-4ba9-a018-aa1be977e5fd""}",2026-02-15T09:40:35.425855165Z
Internal Server Error: /api/community/rooms/,"{""level"":""error""}","{""project"":""70a52d41-885a-4854-b650-392635199b54"",""environment"":""67be7a60-8b6c-4987-8690-dbef25befe73"",""service"":""0f0f8a2f-9703-4f78-a3ed-8fcc57a55f5a"",""deployment"":""7bae97c9-ccbe-49fe-a672-c3ea4a2a6d1e"",""replica"":""5a8db334-f6d0-4ba9-a018-aa1be977e5fd""}",2026-02-15T09:40:35.977846822Z
Traceback (most recent call last):,"{""level"":""error""}","{""project"":""70a52d41-885a-4854-b650-392635199b54"",""environment"":""67be7a60-8b6c-4987-8690-dbef25befe73"",""service"":""0f0f8a2f-9703-4f78-a3ed-8fcc57a55f5a"",""deployment"":""7bae97c9-ccbe-49fe-a672-c3ea4a2a6d1e"",""replica"":""5a8db334-f6d0-4ba9-a018-aa1be977e5fd""}",2026-02-15T09:40:35.977852972Z
"  File ""/usr/local/lib/python3.11/site-packages/django/db/backends/base/base.py"", line 279, in ensure_connection","{""level"":""error""}","{""project"":""70a52d41-885a-4854-b650-392635199b54"",""environment"":""67be7a60-8b6c-4987-8690-dbef25befe73"",""service"":""0f0f8a2f-9703-4f78-a3ed-8fcc57a55f5a"",""deployment"":""7bae97c9-ccbe-49fe-a672-c3ea4a2a6d1e"",""replica"":""5a8db334-f6d0-4ba9-a018-aa1be977e5fd""}",2026-02-15T09:40:35.977859582Z
    self.connect(),"{""level"":""error""}","{""project"":""70a52d41-885a-4854-b650-392635199b54"",""environment"":""67be7a60-8b6c-4987-8690-dbef25befe73"",""service"":""0f0f8a2f-9703-4f78-a3ed-8fcc57a55f5a"",""deployment"":""7bae97c9-ccbe-49fe-a672-c3ea4a2a6d1e"",""replica"":""5a8db334-f6d0-4ba9-a018-aa1be977e5fd""}",2026-02-15T09:40:35.977866042Z
"  File ""/usr/local/lib/python3.11/site-packages/django/utils/asyncio.py"", line 26, in inner","{""level"":""error""}","{""project"":""70a52d41-885a-4854-b650-392635199b54"",""environment"":""67be7a60-8b6c-4987-8690-dbef25befe73"",""service"":""0f0f8a2f-9703-4f78-a3ed-8fcc57a55f5a"",""deployment"":""7bae97c9-ccbe-49fe-a672-c3ea4a2a6d1e"",""replica"":""5a8db334-f6d0-4ba9-a018-aa1be977e5fd""}",2026-02-15T09:40:35.977872352Z
"    return func(*args, **kwargs)","{""level"":""error""}","{""project"":""70a52d41-885a-4854-b650-392635199b54"",""environment"":""67be7a60-8b6c-4987-8690-dbef25befe73"",""service"":""0f0f8a2f-9703-4f78-a3ed-8fcc57a55f5a"",""deployment"":""7bae97c9-ccbe-49fe-a672-c3ea4a2a6d1e"",""replica"":""5a8db334-f6d0-4ba9-a018-aa1be977e5fd""}",2026-02-15T09:40:35.977878722Z
           ^^^^^^^^^^^^^^^^^^^^^,"{""level"":""error""}","{""project"":""70a52d41-885a-4854-b650-392635199b54"",""environment"":""67be7a60-8b6c-4987-8690-dbef25befe73"",""service"":""0f0f8a2f-9703-4f78-a3ed-8fcc57a55f5a"",""deployment"":""7bae97c9-ccbe-49fe-a672-c3ea4a2a6d1e"",""replica"":""5a8db334-f6d0-4ba9-a018-aa1be977e5fd""}",2026-02-15T09:40:35.977884722Z
"  File ""/usr/local/lib/python3.11/site-packages/django/db/backends/base/base.py"", line 256, in connect","{""level"":""error""}","{""project"":""70a52d41-885a-4854-b650-392635199b54"",""environment"":""67be7a60-8b6c-4987-8690-dbef25befe73"",""service"":""0f0f8a2f-9703-4f78-a3ed-8fcc57a55f5a"",""deployment"":""7bae97c9-ccbe-49fe-a672-c3ea4a2a6d1e"",""replica"":""5a8db334-f6d0-4ba9-a018-aa1be977e5fd""}",2026-02-15T09:40:35.977891062Z
    self.connection = self.get_new_connection(conn_params),"{""level"":""error""}","{""project"":""70a52d41-885a-4854-b650-392635199b54"",""environment"":""67be7a60-8b6c-4987-8690-dbef25befe73"",""service"":""0f0f8a2f-9703-4f78-a3ed-8fcc57a55f5a"",""deployment"":""7bae97c9-ccbe-49fe-a672-c3ea4a2a6d1e"",""replica"":""5a8db334-f6d0-4ba9-a018-aa1be977e5fd""}",2026-02-15T09:40:35.977896842Z
                      ^^^^^^^^^^^^^^^^^^^^^^^^^^^^^^^^^^^^,"{""level"":""error""}","{""project"":""70a52d41-885a-4854-b650-392635199b54"",""environment"":""67be7a60-8b6c-4987-8690-dbef25befe73"",""service"":""0f0f8a2f-9703-4f78-a3ed-8fcc57a55f5a"",""deployment"":""7bae97c9-ccbe-49fe-a672-c3ea4a2a6d1e"",""replica"":""5a8db334-f6d0-4ba9-a018-aa1be977e5fd""}",2026-02-15T09:40:35.977902952Z
"  File ""/usr/local/lib/python3.11/site-packages/django/utils/asyncio.py"", line 26, in inner","{""level"":""error""}","{""project"":""70a52d41-885a-4854-b650-392635199b54"",""environment"":""67be7a60-8b6c-4987-8690-dbef25befe73"",""service"":""0f0f8a2f-9703-4f78-a3ed-8fcc57a55f5a"",""deployment"":""7bae97c9-ccbe-49fe-a672-c3ea4a2a6d1e"",""replica"":""5a8db334-f6d0-4ba9-a018-aa1be977e5fd""}",2026-02-15T09:40:35.977909322Z
"    return func(*args, **kwargs)","{""level"":""error""}","{""project"":""70a52d41-885a-4854-b650-392635199b54"",""environment"":""67be7a60-8b6c-4987-8690-dbef25befe73"",""service"":""0f0f8a2f-9703-4f78-a3ed-8fcc57a55f5a"",""deployment"":""7bae97c9-ccbe-49fe-a672-c3ea4a2a6d1e"",""replica"":""5a8db334-f6d0-4ba9-a018-aa1be977e5fd""}",2026-02-15T09:40:35.977915372Z
           ^^^^^^^^^^^^^^^^^^^^^,"{""level"":""error""}","{""project"":""70a52d41-885a-4854-b650-392635199b54"",""environment"":""67be7a60-8b6c-4987-8690-dbef25befe73"",""service"":""0f0f8a2f-9703-4f78-a3ed-8fcc57a55f5a"",""deployment"":""7bae97c9-ccbe-49fe-a672-c3ea4a2a6d1e"",""replica"":""5a8db334-f6d0-4ba9-a018-aa1be977e5fd""}",2026-02-15T09:40:35.977922072Z
"  File ""/usr/local/lib/python3.11/site-packages/django/db/backends/postgresql/base.py"", line 332, in get_new_connection","{""level"":""error""}","{""project"":""70a52d41-885a-4854-b650-392635199b54"",""environment"":""67be7a60-8b6c-4987-8690-dbef25befe73"",""service"":""0f0f8a2f-9703-4f78-a3ed-8fcc57a55f5a"",""deployment"":""7bae97c9-ccbe-49fe-a672-c3ea4a2a6d1e"",""replica"":""5a8db334-f6d0-4ba9-a018-aa1be977e5fd""}",2026-02-15T09:40:35.977928072Z
    connection = self.Database.connect(**conn_params),"{""level"":""error""}","{""project"":""70a52d41-885a-4854-b650-392635199b54"",""environment"":""67be7a60-8b6c-4987-8690-dbef25befe73"",""service"":""0f0f8a2f-9703-4f78-a3ed-8fcc57a55f5a"",""deployment"":""7bae97c9-ccbe-49fe-a672-c3ea4a2a6d1e"",""replica"":""5a8db334-f6d0-4ba9-a018-aa1be977e5fd""}",2026-02-15T09:40:35.977934182Z
                 ^^^^^^^^^^^^^^^^^^^^^^^^^^^^^^^^^^^^,"{""level"":""error""}","{""project"":""70a52d41-885a-4854-b650-392635199b54"",""environment"":""67be7a60-8b6c-4987-8690-dbef25befe73"",""service"":""0f0f8a2f-9703-4f78-a3ed-8fcc57a55f5a"",""deployment"":""7bae97c9-ccbe-49fe-a672-c3ea4a2a6d1e"",""replica"":""5a8db334-f6d0-4ba9-a018-aa1be977e5fd""}",2026-02-15T09:40:35.977942402Z
"  File ""/usr/local/lib/python3.11/site-packages/psycopg2/__init__.py"", line 122, in connect","{""level"":""error""}","{""project"":""70a52d41-885a-4854-b650-392635199b54"",""environment"":""67be7a60-8b6c-4987-8690-dbef25befe73"",""service"":""0f0f8a2f-9703-4f78-a3ed-8fcc57a55f5a"",""deployment"":""7bae97c9-ccbe-49fe-a672-c3ea4a2a6d1e"",""replica"":""5a8db334-f6d0-4ba9-a018-aa1be977e5fd""}",2026-02-15T09:40:35.977948732Z
"    conn = _connect(dsn, connection_factory=connection_factory, **kwasync)","{""level"":""error""}","{""project"":""70a52d41-885a-4854-b650-392635199b54"",""environment"":""67be7a60-8b6c-4987-8690-dbef25befe73"",""service"":""0f0f8a2f-9703-4f78-a3ed-8fcc57a55f5a"",""deployment"":""7bae97c9-ccbe-49fe-a672-c3ea4a2a6d1e"",""replica"":""5a8db334-f6d0-4ba9-a018-aa1be977e5fd""}",2026-02-15T09:40:35.977956602Z
           ^^^^^^^^^^^^^^^^^^^^^^^^^^^^^^^^^^^^^^^^^^^^^^^^^^^^^^^^^^^^^^^,"{""level"":""error""}","{""project"":""70a52d41-885a-4854-b650-392635199b54"",""environment"":""67be7a60-8b6c-4987-8690-dbef25befe73"",""service"":""0f0f8a2f-9703-4f78-a3ed-8fcc57a55f5a"",""deployment"":""7bae97c9-ccbe-49fe-a672-c3ea4a2a6d1e"",""replica"":""5a8db334-f6d0-4ba9-a018-aa1be977e5fd""}",2026-02-15T09:40:35.977962412Z
"psycopg2.OperationalError: connection to server at ""15.164.188.235"", port 5432 failed: FATAL:  MaxClientsInSessionMode: max clients reached - in Session mode max clients are limited to pool_size","{""level"":""error""}","{""project"":""70a52d41-885a-4854-b650-392635199b54"",""environment"":""67be7a60-8b6c-4987-8690-dbef25befe73"",""service"":""0f0f8a2f-9703-4f78-a3ed-8fcc57a55f5a"",""deployment"":""7bae97c9-ccbe-49fe-a672-c3ea4a2a6d1e"",""replica"":""5a8db334-f6d0-4ba9-a018-aa1be977e5fd""}",2026-02-15T09:40:35.978155212Z
,"{""level"":""error""}","{""project"":""70a52d41-885a-4854-b650-392635199b54"",""environment"":""67be7a60-8b6c-4987-8690-dbef25befe73"",""service"":""0f0f8a2f-9703-4f78-a3ed-8fcc57a55f5a"",""deployment"":""7bae97c9-ccbe-49fe-a672-c3ea4a2a6d1e"",""replica"":""5a8db334-f6d0-4ba9-a018-aa1be977e5fd""}",2026-02-15T09:40:35.978161592Z
,"{""level"":""error""}","{""project"":""70a52d41-885a-4854-b650-392635199b54"",""environment"":""67be7a60-8b6c-4987-8690-dbef25befe73"",""service"":""0f0f8a2f-9703-4f78-a3ed-8fcc57a55f5a"",""deployment"":""7bae97c9-ccbe-49fe-a672-c3ea4a2a6d1e"",""replica"":""5a8db334-f6d0-4ba9-a018-aa1be977e5fd""}",2026-02-15T09:40:35.978167342Z
The above exception was the direct cause of the following exception:,"{""level"":""error""}","{""project"":""70a52d41-885a-4854-b650-392635199b54"",""environment"":""67be7a60-8b6c-4987-8690-dbef25befe73"",""service"":""0f0f8a2f-9703-4f78-a3ed-8fcc57a55f5a"",""deployment"":""7bae97c9-ccbe-49fe-a672-c3ea4a2a6d1e"",""replica"":""5a8db334-f6d0-4ba9-a018-aa1be977e5fd""}",2026-02-15T09:40:35.978174082Z
"    result = self.fn(*self.args, **self.kwargs)","{""level"":""error""}","{""project"":""70a52d41-885a-4854-b650-392635199b54"",""environment"":""67be7a60-8b6c-4987-8690-dbef25befe73"",""service"":""0f0f8a2f-9703-4f78-a3ed-8fcc57a55f5a"",""deployment"":""7bae97c9-ccbe-49fe-a672-c3ea4a2a6d1e"",""replica"":""5a8db334-f6d0-4ba9-a018-aa1be977e5fd""}",2026-02-15T09:40:35.978179552Z
,"{""level"":""error""}","{""project"":""70a52d41-885a-4854-b650-392635199b54"",""environment"":""67be7a60-8b6c-4987-8690-dbef25befe73"",""service"":""0f0f8a2f-9703-4f78-a3ed-8fcc57a55f5a"",""deployment"":""7bae97c9-ccbe-49fe-a672-c3ea4a2a6d1e"",""replica"":""5a8db334-f6d0-4ba9-a018-aa1be977e5fd""}",2026-02-15T09:40:35.978181952Z
             ^^^^^^^^^^^^^^^^^^^^^^^^^^^^^^^^^^,"{""level"":""error""}","{""project"":""70a52d41-885a-4854-b650-392635199b54"",""environment"":""67be7a60-8b6c-4987-8690-dbef25befe73"",""service"":""0f0f8a2f-9703-4f78-a3ed-8fcc57a55f5a"",""deployment"":""7bae97c9-ccbe-49fe-a672-c3ea4a2a6d1e"",""replica"":""5a8db334-f6d0-4ba9-a018-aa1be977e5fd""}",2026-02-15T09:40:35.978184502Z
Traceback (most recent call last):,"{""level"":""error""}","{""project"":""70a52d41-885a-4854-b650-392635199b54"",""environment"":""67be7a60-8b6c-4987-8690-dbef25befe73"",""service"":""0f0f8a2f-9703-4f78-a3ed-8fcc57a55f5a"",""deployment"":""7bae97c9-ccbe-49fe-a672-c3ea4a2a6d1e"",""replica"":""5a8db334-f6d0-4ba9-a018-aa1be977e5fd""}",2026-02-15T09:40:35.978189472Z
"  File ""/usr/local/lib/python3.11/site-packages/asgiref/sync.py"", line 561, in thread_handler","{""level"":""error""}","{""project"":""70a52d41-885a-4854-b650-392635199b54"",""environment"":""67be7a60-8b6c-4987-8690-dbef25befe73"",""service"":""0f0f8a2f-9703-4f78-a3ed-8fcc57a55f5a"",""deployment"":""7bae97c9-ccbe-49fe-a672-c3ea4a2a6d1e"",""replica"":""5a8db334-f6d0-4ba9-a018-aa1be977e5fd""}",2026-02-15T09:40:35.978189712Z
"    return func(*args, **kwargs)","{""level"":""error""}","{""project"":""70a52d41-885a-4854-b650-392635199b54"",""environment"":""67be7a60-8b6c-4987-8690-dbef25befe73"",""service"":""0f0f8a2f-9703-4f78-a3ed-8fcc57a55f5a"",""deployment"":""7bae97c9-ccbe-49fe-a672-c3ea4a2a6d1e"",""replica"":""5a8db334-f6d0-4ba9-a018-aa1be977e5fd""}",2026-02-15T09:40:35.978196062Z
"  File ""/usr/local/lib/python3.11/site-packages/asgiref/sync.py"", line 557, in thread_handler","{""level"":""error""}","{""project"":""70a52d41-885a-4854-b650-392635199b54"",""environment"":""67be7a60-8b6c-4987-8690-dbef25befe73"",""service"":""0f0f8a2f-9703-4f78-a3ed-8fcc57a55f5a"",""deployment"":""7bae97c9-ccbe-49fe-a672-c3ea4a2a6d1e"",""replica"":""5a8db334-f6d0-4ba9-a018-aa1be977e5fd""}",2026-02-15T09:40:35.978197352Z
           ^^^^^^^^^^^^^^^^^^^^^,"{""level"":""error""}","{""project"":""70a52d41-885a-4854-b650-392635199b54"",""environment"":""67be7a60-8b6c-4987-8690-dbef25befe73"",""service"":""0f0f8a2f-9703-4f78-a3ed-8fcc57a55f5a"",""deployment"":""7bae97c9-ccbe-49fe-a672-c3ea4a2a6d1e"",""replica"":""5a8db334-f6d0-4ba9-a018-aa1be977e5fd""}",2026-02-15T09:40:35.978202392Z
    raise exc_info[1],"{""level"":""error""}","{""project"":""70a52d41-885a-4854-b650-392635199b54"",""environment"":""67be7a60-8b6c-4987-8690-dbef25befe73"",""service"":""0f0f8a2f-9703-4f78-a3ed-8fcc57a55f5a"",""deployment"":""7bae97c9-ccbe-49fe-a672-c3ea4a2a6d1e"",""replica"":""5a8db334-f6d0-4ba9-a018-aa1be977e5fd""}",2026-02-15T09:40:35.978204152Z
"  File ""/usr/local/lib/python3.11/site-packages/django/views/decorators/csrf.py"", line 65, in _view_wrapper","{""level"":""error""}","{""project"":""70a52d41-885a-4854-b650-392635199b54"",""environment"":""67be7a60-8b6c-4987-8690-dbef25befe73"",""service"":""0f0f8a2f-9703-4f78-a3ed-8fcc57a55f5a"",""deployment"":""7bae97c9-ccbe-49fe-a672-c3ea4a2a6d1e"",""replica"":""5a8db334-f6d0-4ba9-a018-aa1be977e5fd""}",2026-02-15T09:40:35.978208822Z
"  File ""/usr/local/lib/python3.11/site-packages/django/core/handlers/exception.py"", line 42, in inner","{""level"":""error""}","{""project"":""70a52d41-885a-4854-b650-392635199b54"",""environment"":""67be7a60-8b6c-4987-8690-dbef25befe73"",""service"":""0f0f8a2f-9703-4f78-a3ed-8fcc57a55f5a"",""deployment"":""7bae97c9-ccbe-49fe-a672-c3ea4a2a6d1e"",""replica"":""5a8db334-f6d0-4ba9-a018-aa1be977e5fd""}",2026-02-15T09:40:35.978211662Z
"    return view_func(request, *args, **kwargs)","{""level"":""error""}","{""project"":""70a52d41-885a-4854-b650-392635199b54"",""environment"":""67be7a60-8b6c-4987-8690-dbef25befe73"",""service"":""0f0f8a2f-9703-4f78-a3ed-8fcc57a55f5a"",""deployment"":""7bae97c9-ccbe-49fe-a672-c3ea4a2a6d1e"",""replica"":""5a8db334-f6d0-4ba9-a018-aa1be977e5fd""}",2026-02-15T09:40:35.978213962Z
    response = await get_response(request),"{""level"":""error""}","{""project"":""70a52d41-885a-4854-b650-392635199b54"",""environment"":""67be7a60-8b6c-4987-8690-dbef25befe73"",""service"":""0f0f8a2f-9703-4f78-a3ed-8fcc57a55f5a"",""deployment"":""7bae97c9-ccbe-49fe-a672-c3ea4a2a6d1e"",""replica"":""5a8db334-f6d0-4ba9-a018-aa1be977e5fd""}",2026-02-15T09:40:35.978218312Z
               ^^^^^^^^^^^^^^^^^^^^^^^^^^^,"{""level"":""error""}","{""project"":""70a52d41-885a-4854-b650-392635199b54"",""environment"":""67be7a60-8b6c-4987-8690-dbef25befe73"",""service"":""0f0f8a2f-9703-4f78-a3ed-8fcc57a55f5a"",""deployment"":""7bae97c9-ccbe-49fe-a672-c3ea4a2a6d1e"",""replica"":""5a8db334-f6d0-4ba9-a018-aa1be977e5fd""}",2026-02-15T09:40:35.978224092Z
"  File ""/usr/local/lib/python3.11/site-packages/asgiref/sync.py"", line 557, in thread_handler","{""level"":""error""}","{""project"":""70a52d41-885a-4854-b650-392635199b54"",""environment"":""67be7a60-8b6c-4987-8690-dbef25befe73"",""service"":""0f0f8a2f-9703-4f78-a3ed-8fcc57a55f5a"",""deployment"":""7bae97c9-ccbe-49fe-a672-c3ea4a2a6d1e"",""replica"":""5a8db334-f6d0-4ba9-a018-aa1be977e5fd""}",2026-02-15T09:40:35.978231202Z
    raise exc_info[1],"{""level"":""error""}","{""project"":""70a52d41-885a-4854-b650-392635199b54"",""environment"":""67be7a60-8b6c-4987-8690-dbef25befe73"",""service"":""0f0f8a2f-9703-4f78-a3ed-8fcc57a55f5a"",""deployment"":""7bae97c9-ccbe-49fe-a672-c3ea4a2a6d1e"",""replica"":""5a8db334-f6d0-4ba9-a018-aa1be977e5fd""}",2026-02-15T09:40:35.978237012Z
"  File ""/usr/local/lib/python3.11/site-packages/django/core/handlers/base.py"", line 253, in _get_response_async","{""level"":""error""}","{""project"":""70a52d41-885a-4854-b650-392635199b54"",""environment"":""67be7a60-8b6c-4987-8690-dbef25befe73"",""service"":""0f0f8a2f-9703-4f78-a3ed-8fcc57a55f5a"",""deployment"":""7bae97c9-ccbe-49fe-a672-c3ea4a2a6d1e"",""replica"":""5a8db334-f6d0-4ba9-a018-aa1be977e5fd""}",2026-02-15T09:40:35.978242802Z
    response = await wrapped_callback(,"{""level"":""error""}","{""project"":""70a52d41-885a-4854-b650-392635199b54"",""environment"":""67be7a60-8b6c-4987-8690-dbef25befe73"",""service"":""0f0f8a2f-9703-4f78-a3ed-8fcc57a55f5a"",""deployment"":""7bae97c9-ccbe-49fe-a672-c3ea4a2a6d1e"",""replica"":""5a8db334-f6d0-4ba9-a018-aa1be977e5fd""}",2026-02-15T09:40:35.978248662Z
               ^^^^^^^^^^^^^^^^^^^^^^^,"{""level"":""error""}","{""project"":""70a52d41-885a-4854-b650-392635199b54"",""environment"":""67be7a60-8b6c-4987-8690-dbef25befe73"",""service"":""0f0f8a2f-9703-4f78-a3ed-8fcc57a55f5a"",""deployment"":""7bae97c9-ccbe-49fe-a672-c3ea4a2a6d1e"",""replica"":""5a8db334-f6d0-4ba9-a018-aa1be977e5fd""}",2026-02-15T09:40:35.978255422Z
"  File ""/usr/local/lib/python3.11/site-packages/asgiref/sync.py"", line 506, in __call__","{""level"":""error""}","{""project"":""70a52d41-885a-4854-b650-392635199b54"",""environment"":""67be7a60-8b6c-4987-8690-dbef25befe73"",""service"":""0f0f8a2f-9703-4f78-a3ed-8fcc57a55f5a"",""deployment"":""7bae97c9-ccbe-49fe-a672-c3ea4a2a6d1e"",""replica"":""5a8db334-f6d0-4ba9-a018-aa1be977e5fd""}",2026-02-15T09:40:35.978262012Z
    ret = await asyncio.shield(exec_coro),"{""level"":""error""}","{""project"":""70a52d41-885a-4854-b650-392635199b54"",""environment"":""67be7a60-8b6c-4987-8690-dbef25befe73"",""service"":""0f0f8a2f-9703-4f78-a3ed-8fcc57a55f5a"",""deployment"":""7bae97c9-ccbe-49fe-a672-c3ea4a2a6d1e"",""replica"":""5a8db334-f6d0-4ba9-a018-aa1be977e5fd""}",2026-02-15T09:40:35.978268542Z
          ^^^^^^^^^^^^^^^^^^^^^^^^^^^^^^^,"{""level"":""error""}","{""project"":""70a52d41-885a-4854-b650-392635199b54"",""environment"":""67be7a60-8b6c-4987-8690-dbef25befe73"",""service"":""0f0f8a2f-9703-4f78-a3ed-8fcc57a55f5a"",""deployment"":""7bae97c9-ccbe-49fe-a672-c3ea4a2a6d1e"",""replica"":""5a8db334-f6d0-4ba9-a018-aa1be977e5fd""}",2026-02-15T09:40:35.978274392Z
"  File ""/usr/local/lib/python3.11/site-packages/asgiref/current_thread_executor.py"", line 40, in run","{""level"":""error""}","{""project"":""70a52d41-885a-4854-b650-392635199b54"",""environment"":""67be7a60-8b6c-4987-8690-dbef25befe73"",""service"":""0f0f8a2f-9703-4f78-a3ed-8fcc57a55f5a"",""deployment"":""7bae97c9-ccbe-49fe-a672-c3ea4a2a6d1e"",""replica"":""5a8db334-f6d0-4ba9-a018-aa1be977e5fd""}",2026-02-15T09:40:35.978280142Z
           ^^^^^^^^^^^^^^^^^^^^^^^^^^^^^^^^^^^,"{""level"":""error""}","{""project"":""70a52d41-885a-4854-b650-392635199b54"",""environment"":""67be7a60-8b6c-4987-8690-dbef25befe73"",""service"":""0f0f8a2f-9703-4f78-a3ed-8fcc57a55f5a"",""deployment"":""7bae97c9-ccbe-49fe-a672-c3ea4a2a6d1e"",""replica"":""5a8db334-f6d0-4ba9-a018-aa1be977e5fd""}",2026-02-15T09:40:35.978304972Z
"  File ""/usr/local/lib/python3.11/site-packages/rest_framework/viewsets.py"", line 125, in view","{""level"":""error""}","{""project"":""70a52d41-885a-4854-b650-392635199b54"",""environment"":""67be7a60-8b6c-4987-8690-dbef25befe73"",""service"":""0f0f8a2f-9703-4f78-a3ed-8fcc57a55f5a"",""deployment"":""7bae97c9-ccbe-49fe-a672-c3ea4a2a6d1e"",""replica"":""5a8db334-f6d0-4ba9-a018-aa1be977e5fd""}",2026-02-15T09:40:35.978313292Z
"    return self.dispatch(request, *args, **kwargs)","{""level"":""error""}","{""project"":""70a52d41-885a-4854-b650-392635199b54"",""environment"":""67be7a60-8b6c-4987-8690-dbef25befe73"",""service"":""0f0f8a2f-9703-4f78-a3ed-8fcc57a55f5a"",""deployment"":""7bae97c9-ccbe-49fe-a672-c3ea4a2a6d1e"",""replica"":""5a8db334-f6d0-4ba9-a018-aa1be977e5fd""}",2026-02-15T09:40:35.978319282Z
           ^^^^^^^^^^^^^^^^^^^^^^^^^^^^^^^^^^^^^^^,"{""level"":""error""}","{""project"":""70a52d41-885a-4854-b650-392635199b54"",""environment"":""67be7a60-8b6c-4987-8690-dbef25befe73"",""service"":""0f0f8a2f-9703-4f78-a3ed-8fcc57a55f5a"",""deployment"":""7bae97c9-ccbe-49fe-a672-c3ea4a2a6d1e"",""replica"":""5a8db334-f6d0-4ba9-a018-aa1be977e5fd""}",2026-02-15T09:40:35.978324152Z
"  File ""/usr/local/lib/python3.11/site-packages/rest_framework/views.py"", line 515, in dispatch","{""level"":""error""}","{""project"":""70a52d41-885a-4854-b650-392635199b54"",""environment"":""67be7a60-8b6c-4987-8690-dbef25befe73"",""service"":""0f0f8a2f-9703-4f78-a3ed-8fcc57a55f5a"",""deployment"":""7bae97c9-ccbe-49fe-a672-c3ea4a2a6d1e"",""replica"":""5a8db334-f6d0-4ba9-a018-aa1be977e5fd""}",2026-02-15T09:40:35.978328912Z
    response = self.handle_exception(exc),"{""level"":""error""}","{""project"":""70a52d41-885a-4854-b650-392635199b54"",""environment"":""67be7a60-8b6c-4987-8690-dbef25befe73"",""service"":""0f0f8a2f-9703-4f78-a3ed-8fcc57a55f5a"",""deployment"":""7bae97c9-ccbe-49fe-a672-c3ea4a2a6d1e"",""replica"":""5a8db334-f6d0-4ba9-a018-aa1be977e5fd""}",2026-02-15T09:40:35.978337192Z
               ^^^^^^^^^^^^^^^^^^^^^^^^^^,"{""level"":""error""}","{""project"":""70a52d41-885a-4854-b650-392635199b54"",""environment"":""67be7a60-8b6c-4987-8690-dbef25befe73"",""service"":""0f0f8a2f-9703-4f78-a3ed-8fcc57a55f5a"",""deployment"":""7bae97c9-ccbe-49fe-a672-c3ea4a2a6d1e"",""replica"":""5a8db334-f6d0-4ba9-a018-aa1be977e5fd""}",2026-02-15T09:40:35.978342902Z
"  File ""/usr/local/lib/python3.11/site-packages/rest_framework/views.py"", line 475, in handle_exception","{""level"":""error""}","{""project"":""70a52d41-885a-4854-b650-392635199b54"",""environment"":""67be7a60-8b6c-4987-8690-dbef25befe73"",""service"":""0f0f8a2f-9703-4f78-a3ed-8fcc57a55f5a"",""deployment"":""7bae97c9-ccbe-49fe-a672-c3ea4a2a6d1e"",""replica"":""5a8db334-f6d0-4ba9-a018-aa1be977e5fd""}",2026-02-15T09:40:35.978347902Z
    self.raise_uncaught_exception(exc),"{""level"":""error""}","{""project"":""70a52d41-885a-4854-b650-392635199b54"",""environment"":""67be7a60-8b6c-4987-8690-dbef25befe73"",""service"":""0f0f8a2f-9703-4f78-a3ed-8fcc57a55f5a"",""deployment"":""7bae97c9-ccbe-49fe-a672-c3ea4a2a6d1e"",""replica"":""5a8db334-f6d0-4ba9-a018-aa1be977e5fd""}",2026-02-15T09:40:35.978353782Z
"  File ""/usr/local/lib/python3.11/site-packages/rest_framework/views.py"", line 486, in raise_uncaught_exception","{""level"":""error""}","{""project"":""70a52d41-885a-4854-b650-392635199b54"",""environment"":""67be7a60-8b6c-4987-8690-dbef25befe73"",""service"":""0f0f8a2f-9703-4f78-a3ed-8fcc57a55f5a"",""deployment"":""7bae97c9-ccbe-49fe-a672-c3ea4a2a6d1e"",""replica"":""5a8db334-f6d0-4ba9-a018-aa1be977e5fd""}",2026-02-15T09:40:35.978358572Z
    raise exc,"{""level"":""error""}","{""project"":""70a52d41-885a-4854-b650-392635199b54"",""environment"":""67be7a60-8b6c-4987-8690-dbef25befe73"",""service"":""0f0f8a2f-9703-4f78-a3ed-8fcc57a55f5a"",""deployment"":""7bae97c9-ccbe-49fe-a672-c3ea4a2a6d1e"",""replica"":""5a8db334-f6d0-4ba9-a018-aa1be977e5fd""}",2026-02-15T09:40:35.978363422Z
"  File ""/usr/local/lib/python3.11/site-packages/rest_framework/views.py"", line 503, in dispatch","{""level"":""error""}","{""project"":""70a52d41-885a-4854-b650-392635199b54"",""environment"":""67be7a60-8b6c-4987-8690-dbef25befe73"",""service"":""0f0f8a2f-9703-4f78-a3ed-8fcc57a55f5a"",""deployment"":""7bae97c9-ccbe-49fe-a672-c3ea4a2a6d1e"",""replica"":""5a8db334-f6d0-4ba9-a018-aa1be977e5fd""}",2026-02-15T09:40:35.978369672Z
"    self.initial(request, *args, **kwargs)","{""level"":""error""}","{""project"":""70a52d41-885a-4854-b650-392635199b54"",""environment"":""67be7a60-8b6c-4987-8690-dbef25befe73"",""service"":""0f0f8a2f-9703-4f78-a3ed-8fcc57a55f5a"",""deployment"":""7bae97c9-ccbe-49fe-a672-c3ea4a2a6d1e"",""replica"":""5a8db334-f6d0-4ba9-a018-aa1be977e5fd""}",2026-02-15T09:40:35.978374602Z
"  File ""/usr/local/lib/python3.11/site-packages/rest_framework/views.py"", line 420, in initial","{""level"":""error""}","{""project"":""70a52d41-885a-4854-b650-392635199b54"",""environment"":""67be7a60-8b6c-4987-8690-dbef25befe73"",""service"":""0f0f8a2f-9703-4f78-a3ed-8fcc57a55f5a"",""deployment"":""7bae97c9-ccbe-49fe-a672-c3ea4a2a6d1e"",""replica"":""5a8db334-f6d0-4ba9-a018-aa1be977e5fd""}",2026-02-15T09:40:35.978390512Z
    self.perform_authentication(request),"{""level"":""error""}","{""project"":""70a52d41-885a-4854-b650-392635199b54"",""environment"":""67be7a60-8b6c-4987-8690-dbef25befe73"",""service"":""0f0f8a2f-9703-4f78-a3ed-8fcc57a55f5a"",""deployment"":""7bae97c9-ccbe-49fe-a672-c3ea4a2a6d1e"",""replica"":""5a8db334-f6d0-4ba9-a018-aa1be977e5fd""}",2026-02-15T09:40:35.978395632Z
"  File ""/usr/local/lib/python3.11/site-packages/rest_framework/views.py"", line 330, in perform_authentication","{""level"":""error""}","{""project"":""70a52d41-885a-4854-b650-392635199b54"",""environment"":""67be7a60-8b6c-4987-8690-dbef25befe73"",""service"":""0f0f8a2f-9703-4f78-a3ed-8fcc57a55f5a"",""deployment"":""7bae97c9-ccbe-49fe-a672-c3ea4a2a6d1e"",""replica"":""5a8db334-f6d0-4ba9-a018-aa1be977e5fd""}",2026-02-15T09:40:35.978400902Z
    request.user,"{""level"":""error""}","{""project"":""70a52d41-885a-4854-b650-392635199b54"",""environment"":""67be7a60-8b6c-4987-8690-dbef25befe73"",""service"":""0f0f8a2f-9703-4f78-a3ed-8fcc57a55f5a"",""deployment"":""7bae97c9-ccbe-49fe-a672-c3ea4a2a6d1e"",""replica"":""5a8db334-f6d0-4ba9-a018-aa1be977e5fd""}",2026-02-15T09:40:35.978406362Z
"  File ""/usr/local/lib/python3.11/site-packages/rest_framework/request.py"", line 232, in user","{""level"":""error""}","{""project"":""70a52d41-885a-4854-b650-392635199b54"",""environment"":""67be7a60-8b6c-4987-8690-dbef25befe73"",""service"":""0f0f8a2f-9703-4f78-a3ed-8fcc57a55f5a"",""deployment"":""7bae97c9-ccbe-49fe-a672-c3ea4a2a6d1e"",""replica"":""5a8db334-f6d0-4ba9-a018-aa1be977e5fd""}",2026-02-15T09:40:35.978411362Z
    self._authenticate(),"{""level"":""error""}","{""project"":""70a52d41-885a-4854-b650-392635199b54"",""environment"":""67be7a60-8b6c-4987-8690-dbef25befe73"",""service"":""0f0f8a2f-9703-4f78-a3ed-8fcc57a55f5a"",""deployment"":""7bae97c9-ccbe-49fe-a672-c3ea4a2a6d1e"",""replica"":""5a8db334-f6d0-4ba9-a018-aa1be977e5fd""}",2026-02-15T09:40:35.978417012Z
"  File ""/usr/local/lib/python3.11/site-packages/rest_framework/request.py"", line 385, in _authenticate","{""level"":""error""}","{""project"":""70a52d41-885a-4854-b650-392635199b54"",""environment"":""67be7a60-8b6c-4987-8690-dbef25befe73"",""service"":""0f0f8a2f-9703-4f78-a3ed-8fcc57a55f5a"",""deployment"":""7bae97c9-ccbe-49fe-a672-c3ea4a2a6d1e"",""replica"":""5a8db334-f6d0-4ba9-a018-aa1be977e5fd""}",2026-02-15T09:40:35.978422312Z
    user_auth_tuple = authenticator.authenticate(self),"{""level"":""error""}","{""project"":""70a52d41-885a-4854-b650-392635199b54"",""environment"":""67be7a60-8b6c-4987-8690-dbef25befe73"",""service"":""0f0f8a2f-9703-4f78-a3ed-8fcc57a55f5a"",""deployment"":""7bae97c9-ccbe-49fe-a672-c3ea4a2a6d1e"",""replica"":""5a8db334-f6d0-4ba9-a018-aa1be977e5fd""}",2026-02-15T09:40:35.978428152Z
                      ^^^^^^^^^^^^^^^^^^^^^^^^^^^^^^^^,"{""level"":""error""}","{""project"":""70a52d41-885a-4854-b650-392635199b54"",""environment"":""67be7a60-8b6c-4987-8690-dbef25befe73"",""service"":""0f0f8a2f-9703-4f78-a3ed-8fcc57a55f5a"",""deployment"":""7bae97c9-ccbe-49fe-a672-c3ea4a2a6d1e"",""replica"":""5a8db334-f6d0-4ba9-a018-aa1be977e5fd""}",2026-02-15T09:40:35.978433232Z
"  File ""/usr/local/lib/python3.11/site-packages/rest_framework_simplejwt/authentication.py"", line 51, in authenticate","{""level"":""error""}","{""project"":""70a52d41-885a-4854-b650-392635199b54"",""environment"":""67be7a60-8b6c-4987-8690-dbef25befe73"",""service"":""0f0f8a2f-9703-4f78-a3ed-8fcc57a55f5a"",""deployment"":""7bae97c9-ccbe-49fe-a672-c3ea4a2a6d1e"",""replica"":""5a8db334-f6d0-4ba9-a018-aa1be977e5fd""}",2026-02-15T09:40:35.986509420Z
"    return self.get_user(validated_token), validated_token","{""level"":""error""}","{""project"":""70a52d41-885a-4854-b650-392635199b54"",""environment"":""67be7a60-8b6c-4987-8690-dbef25befe73"",""service"":""0f0f8a2f-9703-4f78-a3ed-8fcc57a55f5a"",""deployment"":""7bae97c9-ccbe-49fe-a672-c3ea4a2a6d1e"",""replica"":""5a8db334-f6d0-4ba9-a018-aa1be977e5fd""}",2026-02-15T09:40:35.986520730Z
           ^^^^^^^^^^^^^^^^^^^^^^^^^^^^^^,"{""level"":""error""}","{""project"":""70a52d41-885a-4854-b650-392635199b54"",""environment"":""67be7a60-8b6c-4987-8690-dbef25befe73"",""service"":""0f0f8a2f-9703-4f78-a3ed-8fcc57a55f5a"",""deployment"":""7bae97c9-ccbe-49fe-a672-c3ea4a2a6d1e"",""replica"":""5a8db334-f6d0-4ba9-a018-aa1be977e5fd""}",2026-02-15T09:40:35.986529940Z
"  File ""/usr/local/lib/python3.11/site-packages/rest_framework_simplejwt/authentication.py"", line 132, in get_user","{""level"":""error""}","{""project"":""70a52d41-885a-4854-b650-392635199b54"",""environment"":""67be7a60-8b6c-4987-8690-dbef25befe73"",""service"":""0f0f8a2f-9703-4f78-a3ed-8fcc57a55f5a"",""deployment"":""7bae97c9-ccbe-49fe-a672-c3ea4a2a6d1e"",""replica"":""5a8db334-f6d0-4ba9-a018-aa1be977e5fd""}",2026-02-15T09:40:35.986536830Z
    user = self.user_model.objects.get(**{api_settings.USER_ID_FIELD: user_id}),"{""level"":""error""}","{""project"":""70a52d41-885a-4854-b650-392635199b54"",""environment"":""67be7a60-8b6c-4987-8690-dbef25befe73"",""service"":""0f0f8a2f-9703-4f78-a3ed-8fcc57a55f5a"",""deployment"":""7bae97c9-ccbe-49fe-a672-c3ea4a2a6d1e"",""replica"":""5a8db334-f6d0-4ba9-a018-aa1be977e5fd""}",2026-02-15T09:40:35.986543910Z
           ^^^^^^^^^^^^^^^^^^^^^^^^^^^^^^^^^^^^^^^^^^^^^^^^^^^^^^^^^^^^^^^^^^^^,"{""level"":""error""}","{""project"":""70a52d41-885a-4854-b650-392635199b54"",""environment"":""67be7a60-8b6c-4987-8690-dbef25befe73"",""service"":""0f0f8a2f-9703-4f78-a3ed-8fcc57a55f5a"",""deployment"":""7bae97c9-ccbe-49fe-a672-c3ea4a2a6d1e"",""replica"":""5a8db334-f6d0-4ba9-a018-aa1be977e5fd""}",2026-02-15T09:40:35.986550500Z
"  File ""/usr/local/lib/python3.11/site-packages/django/db/models/manager.py"", line 87, in manager_method","{""level"":""error""}","{""project"":""70a52d41-885a-4854-b650-392635199b54"",""environment"":""67be7a60-8b6c-4987-8690-dbef25befe73"",""service"":""0f0f8a2f-9703-4f78-a3ed-8fcc57a55f5a"",""deployment"":""7bae97c9-ccbe-49fe-a672-c3ea4a2a6d1e"",""replica"":""5a8db334-f6d0-4ba9-a018-aa1be977e5fd""}",2026-02-15T09:40:35.986557500Z
"    return getattr(self.get_queryset(), name)(*args, **kwargs)","{""level"":""error""}","{""project"":""70a52d41-885a-4854-b650-392635199b54"",""environment"":""67be7a60-8b6c-4987-8690-dbef25befe73"",""service"":""0f0f8a2f-9703-4f78-a3ed-8fcc57a55f5a"",""deployment"":""7bae97c9-ccbe-49fe-a672-c3ea4a2a6d1e"",""replica"":""5a8db334-f6d0-4ba9-a018-aa1be977e5fd""}",2026-02-15T09:40:35.986564780Z
           ^^^^^^^^^^^^^^^^^^^^^^^^^^^^^^^^^^^^^^^^^^^^^^^^^^^,"{""level"":""error""}","{""project"":""70a52d41-885a-4854-b650-392635199b54"",""environment"":""67be7a60-8b6c-4987-8690-dbef25befe73"",""service"":""0f0f8a2f-9703-4f78-a3ed-8fcc57a55f5a"",""deployment"":""7bae97c9-ccbe-49fe-a672-c3ea4a2a6d1e"",""replica"":""5a8db334-f6d0-4ba9-a018-aa1be977e5fd""}",2026-02-15T09:40:35.986571900Z
"  File ""/usr/local/lib/python3.11/site-packages/django/db/models/query.py"", line 631, in get","{""level"":""error""}","{""project"":""70a52d41-885a-4854-b650-392635199b54"",""environment"":""67be7a60-8b6c-4987-8690-dbef25befe73"",""service"":""0f0f8a2f-9703-4f78-a3ed-8fcc57a55f5a"",""deployment"":""7bae97c9-ccbe-49fe-a672-c3ea4a2a6d1e"",""replica"":""5a8db334-f6d0-4ba9-a018-aa1be977e5fd""}",2026-02-15T09:40:35.986580330Z
    num = len(clone),"{""level"":""error""}","{""project"":""70a52d41-885a-4854-b650-392635199b54"",""environment"":""67be7a60-8b6c-4987-8690-dbef25befe73"",""service"":""0f0f8a2f-9703-4f78-a3ed-8fcc57a55f5a"",""deployment"":""7bae97c9-ccbe-49fe-a672-c3ea4a2a6d1e"",""replica"":""5a8db334-f6d0-4ba9-a018-aa1be977e5fd""}",2026-02-15T09:40:35.986587250Z
          ^^^^^^^^^^,"{""level"":""error""}","{""project"":""70a52d41-885a-4854-b650-392635199b54"",""environment"":""67be7a60-8b6c-4987-8690-dbef25befe73"",""service"":""0f0f8a2f-9703-4f78-a3ed-8fcc57a55f5a"",""deployment"":""7bae97c9-ccbe-49fe-a672-c3ea4a2a6d1e"",""replica"":""5a8db334-f6d0-4ba9-a018-aa1be977e5fd""}",2026-02-15T09:40:35.986593720Z
"  File ""/usr/local/lib/python3.11/site-packages/django/db/models/query.py"", line 368, in __len__","{""level"":""error""}","{""project"":""70a52d41-885a-4854-b650-392635199b54"",""environment"":""67be7a60-8b6c-4987-8690-dbef25befe73"",""service"":""0f0f8a2f-9703-4f78-a3ed-8fcc57a55f5a"",""deployment"":""7bae97c9-ccbe-49fe-a672-c3ea4a2a6d1e"",""replica"":""5a8db334-f6d0-4ba9-a018-aa1be977e5fd""}",2026-02-15T09:40:35.986601410Z
    self._fetch_all(),"{""level"":""error""}","{""project"":""70a52d41-885a-4854-b650-392635199b54"",""environment"":""67be7a60-8b6c-4987-8690-dbef25befe73"",""service"":""0f0f8a2f-9703-4f78-a3ed-8fcc57a55f5a"",""deployment"":""7bae97c9-ccbe-49fe-a672-c3ea4a2a6d1e"",""replica"":""5a8db334-f6d0-4ba9-a018-aa1be977e5fd""}",2026-02-15T09:40:35.986609230Z
"  File ""/usr/local/lib/python3.11/site-packages/django/db/models/query.py"", line 1954, in _fetch_all","{""level"":""error""}","{""project"":""70a52d41-885a-4854-b650-392635199b54"",""environment"":""67be7a60-8b6c-4987-8690-dbef25befe73"",""service"":""0f0f8a2f-9703-4f78-a3ed-8fcc57a55f5a"",""deployment"":""7bae97c9-ccbe-49fe-a672-c3ea4a2a6d1e"",""replica"":""5a8db334-f6d0-4ba9-a018-aa1be977e5fd""}",2026-02-15T09:40:35.986616590Z
    self._result_cache = list(self._iterable_class(self)),"{""level"":""error""}","{""project"":""70a52d41-885a-4854-b650-392635199b54"",""environment"":""67be7a60-8b6c-4987-8690-dbef25befe73"",""service"":""0f0f8a2f-9703-4f78-a3ed-8fcc57a55f5a"",""deployment"":""7bae97c9-ccbe-49fe-a672-c3ea4a2a6d1e"",""replica"":""5a8db334-f6d0-4ba9-a018-aa1be977e5fd""}",2026-02-15T09:40:35.986624230Z
                         ^^^^^^^^^^^^^^^^^^^^^^^^^^^^^^^^,"{""level"":""error""}","{""project"":""70a52d41-885a-4854-b650-392635199b54"",""environment"":""67be7a60-8b6c-4987-8690-dbef25befe73"",""service"":""0f0f8a2f-9703-4f78-a3ed-8fcc57a55f5a"",""deployment"":""7bae97c9-ccbe-49fe-a672-c3ea4a2a6d1e"",""replica"":""5a8db334-f6d0-4ba9-a018-aa1be977e5fd""}",2026-02-15T09:40:35.986632020Z
"  File ""/usr/local/lib/python3.11/site-packages/django/db/models/query.py"", line 93, in __iter__","{""level"":""error""}","{""project"":""70a52d41-885a-4854-b650-392635199b54"",""environment"":""67be7a60-8b6c-4987-8690-dbef25befe73"",""service"":""0f0f8a2f-9703-4f78-a3ed-8fcc57a55f5a"",""deployment"":""7bae97c9-ccbe-49fe-a672-c3ea4a2a6d1e"",""replica"":""5a8db334-f6d0-4ba9-a018-aa1be977e5fd""}",2026-02-15T09:40:35.986640660Z
    results = compiler.execute_sql(,"{""level"":""error""}","{""project"":""70a52d41-885a-4854-b650-392635199b54"",""environment"":""67be7a60-8b6c-4987-8690-dbef25befe73"",""service"":""0f0f8a2f-9703-4f78-a3ed-8fcc57a55f5a"",""deployment"":""7bae97c9-ccbe-49fe-a672-c3ea4a2a6d1e"",""replica"":""5a8db334-f6d0-4ba9-a018-aa1be977e5fd""}",2026-02-15T09:40:35.986649400Z
              ^^^^^^^^^^^^^^^^^^^^^,"{""level"":""error""}","{""project"":""70a52d41-885a-4854-b650-392635199b54"",""environment"":""67be7a60-8b6c-4987-8690-dbef25befe73"",""service"":""0f0f8a2f-9703-4f78-a3ed-8fcc57a55f5a"",""deployment"":""7bae97c9-ccbe-49fe-a672-c3ea4a2a6d1e"",""replica"":""5a8db334-f6d0-4ba9-a018-aa1be977e5fd""}",2026-02-15T09:40:35.986659440Z
"  File ""/usr/local/lib/python3.11/site-packages/django/db/models/sql/compiler.py"", line 1621, in execute_sql","{""level"":""error""}","{""project"":""70a52d41-885a-4854-b650-392635199b54"",""environment"":""67be7a60-8b6c-4987-8690-dbef25befe73"",""service"":""0f0f8a2f-9703-4f78-a3ed-8fcc57a55f5a"",""deployment"":""7bae97c9-ccbe-49fe-a672-c3ea4a2a6d1e"",""replica"":""5a8db334-f6d0-4ba9-a018-aa1be977e5fd""}",2026-02-15T09:40:35.986680200Z
    cursor = self.connection.cursor(),"{""level"":""error""}","{""project"":""70a52d41-885a-4854-b650-392635199b54"",""environment"":""67be7a60-8b6c-4987-8690-dbef25befe73"",""service"":""0f0f8a2f-9703-4f78-a3ed-8fcc57a55f5a"",""deployment"":""7bae97c9-ccbe-49fe-a672-c3ea4a2a6d1e"",""replica"":""5a8db334-f6d0-4ba9-a018-aa1be977e5fd""}",2026-02-15T09:40:35.986688640Z
             ^^^^^^^^^^^^^^^^^^^^^^^^,"{""level"":""error""}","{""project"":""70a52d41-885a-4854-b650-392635199b54"",""environment"":""67be7a60-8b6c-4987-8690-dbef25befe73"",""service"":""0f0f8a2f-9703-4f78-a3ed-8fcc57a55f5a"",""deployment"":""7bae97c9-ccbe-49fe-a672-c3ea4a2a6d1e"",""replica"":""5a8db334-f6d0-4ba9-a018-aa1be977e5fd""}",2026-02-15T09:40:35.986697690Z
"  File ""/usr/local/lib/python3.11/site-packages/django/utils/asyncio.py"", line 26, in inner","{""level"":""error""}","{""project"":""70a52d41-885a-4854-b650-392635199b54"",""environment"":""67be7a60-8b6c-4987-8690-dbef25befe73"",""service"":""0f0f8a2f-9703-4f78-a3ed-8fcc57a55f5a"",""deployment"":""7bae97c9-ccbe-49fe-a672-c3ea4a2a6d1e"",""replica"":""5a8db334-f6d0-4ba9-a018-aa1be977e5fd""}",2026-02-15T09:40:35.986707860Z
"    return func(*args, **kwargs)","{""level"":""error""}","{""project"":""70a52d41-885a-4854-b650-392635199b54"",""environment"":""67be7a60-8b6c-4987-8690-dbef25befe73"",""service"":""0f0f8a2f-9703-4f78-a3ed-8fcc57a55f5a"",""deployment"":""7bae97c9-ccbe-49fe-a672-c3ea4a2a6d1e"",""replica"":""5a8db334-f6d0-4ba9-a018-aa1be977e5fd""}",2026-02-15T09:40:35.986718230Z
           ^^^^^^^^^^^^^^^^^^^^^,"{""level"":""error""}","{""project"":""70a52d41-885a-4854-b650-392635199b54"",""environment"":""67be7a60-8b6c-4987-8690-dbef25befe73"",""service"":""0f0f8a2f-9703-4f78-a3ed-8fcc57a55f5a"",""deployment"":""7bae97c9-ccbe-49fe-a672-c3ea4a2a6d1e"",""replica"":""5a8db334-f6d0-4ba9-a018-aa1be977e5fd""}",2026-02-15T09:40:35.986727670Z
"  File ""/usr/local/lib/python3.11/site-packages/django/db/backends/base/base.py"", line 320, in cursor","{""level"":""error""}","{""project"":""70a52d41-885a-4854-b650-392635199b54"",""environment"":""67be7a60-8b6c-4987-8690-dbef25befe73"",""service"":""0f0f8a2f-9703-4f78-a3ed-8fcc57a55f5a"",""deployment"":""7bae97c9-ccbe-49fe-a672-c3ea4a2a6d1e"",""replica"":""5a8db334-f6d0-4ba9-a018-aa1be977e5fd""}",2026-02-15T09:40:35.986737690Z
    return self._cursor(),"{""level"":""error""}","{""project"":""70a52d41-885a-4854-b650-392635199b54"",""environment"":""67be7a60-8b6c-4987-8690-dbef25befe73"",""service"":""0f0f8a2f-9703-4f78-a3ed-8fcc57a55f5a"",""deployment"":""7bae97c9-ccbe-49fe-a672-c3ea4a2a6d1e"",""replica"":""5a8db334-f6d0-4ba9-a018-aa1be977e5fd""}",2026-02-15T09:40:35.986746380Z
           ^^^^^^^^^^^^^^,"{""level"":""error""}","{""project"":""70a52d41-885a-4854-b650-392635199b54"",""environment"":""67be7a60-8b6c-4987-8690-dbef25befe73"",""service"":""0f0f8a2f-9703-4f78-a3ed-8fcc57a55f5a"",""deployment"":""7bae97c9-ccbe-49fe-a672-c3ea4a2a6d1e"",""replica"":""5a8db334-f6d0-4ba9-a018-aa1be977e5fd""}",2026-02-15T09:40:35.986755250Z
"  File ""/usr/local/lib/python3.11/site-packages/django/db/backends/base/base.py"", line 296, in _cursor","{""level"":""error""}","{""project"":""70a52d41-885a-4854-b650-392635199b54"",""environment"":""67be7a60-8b6c-4987-8690-dbef25befe73"",""service"":""0f0f8a2f-9703-4f78-a3ed-8fcc57a55f5a"",""deployment"":""7bae97c9-ccbe-49fe-a672-c3ea4a2a6d1e"",""replica"":""5a8db334-f6d0-4ba9-a018-aa1be977e5fd""}",2026-02-15T09:40:35.986763290Z
    self.ensure_connection(),"{""level"":""error""}","{""project"":""70a52d41-885a-4854-b650-392635199b54"",""environment"":""67be7a60-8b6c-4987-8690-dbef25befe73"",""service"":""0f0f8a2f-9703-4f78-a3ed-8fcc57a55f5a"",""deployment"":""7bae97c9-ccbe-49fe-a672-c3ea4a2a6d1e"",""replica"":""5a8db334-f6d0-4ba9-a018-aa1be977e5fd""}",2026-02-15T09:40:35.986773600Z
"  File ""/usr/local/lib/python3.11/site-packages/django/utils/asyncio.py"", line 26, in inner","{""level"":""error""}","{""project"":""70a52d41-885a-4854-b650-392635199b54"",""environment"":""67be7a60-8b6c-4987-8690-dbef25befe73"",""service"":""0f0f8a2f-9703-4f78-a3ed-8fcc57a55f5a"",""deployment"":""7bae97c9-ccbe-49fe-a672-c3ea4a2a6d1e"",""replica"":""5a8db334-f6d0-4ba9-a018-aa1be977e5fd""}",2026-02-15T09:40:35.986781230Z
"    return func(*args, **kwargs)","{""level"":""error""}","{""project"":""70a52d41-885a-4854-b650-392635199b54"",""environment"":""67be7a60-8b6c-4987-8690-dbef25befe73"",""service"":""0f0f8a2f-9703-4f78-a3ed-8fcc57a55f5a"",""deployment"":""7bae97c9-ccbe-49fe-a672-c3ea4a2a6d1e"",""replica"":""5a8db334-f6d0-4ba9-a018-aa1be977e5fd""}",2026-02-15T09:40:35.986788000Z
           ^^^^^^^^^^^^^^^^^^^^^,"{""level"":""error""}","{""project"":""70a52d41-885a-4854-b650-392635199b54"",""environment"":""67be7a60-8b6c-4987-8690-dbef25befe73"",""service"":""0f0f8a2f-9703-4f78-a3ed-8fcc57a55f5a"",""deployment"":""7bae97c9-ccbe-49fe-a672-c3ea4a2a6d1e"",""replica"":""5a8db334-f6d0-4ba9-a018-aa1be977e5fd""}",2026-02-15T09:40:35.986796660Z
"  File ""/usr/local/lib/python3.11/site-packages/django/db/backends/base/base.py"", line 278, in ensure_connection","{""level"":""error""}","{""project"":""70a52d41-885a-4854-b650-392635199b54"",""environment"":""67be7a60-8b6c-4987-8690-dbef25befe73"",""service"":""0f0f8a2f-9703-4f78-a3ed-8fcc57a55f5a"",""deployment"":""7bae97c9-ccbe-49fe-a672-c3ea4a2a6d1e"",""replica"":""5a8db334-f6d0-4ba9-a018-aa1be977e5fd""}",2026-02-15T09:40:35.986804760Z
    with self.wrap_database_errors:,"{""level"":""error""}","{""project"":""70a52d41-885a-4854-b650-392635199b54"",""environment"":""67be7a60-8b6c-4987-8690-dbef25befe73"",""service"":""0f0f8a2f-9703-4f78-a3ed-8fcc57a55f5a"",""deployment"":""7bae97c9-ccbe-49fe-a672-c3ea4a2a6d1e"",""replica"":""5a8db334-f6d0-4ba9-a018-aa1be977e5fd""}",2026-02-15T09:40:35.986812500Z
"HTTP b'POST' request for ['100.64.0.3', 46154]","{""level"":""error""}","{""project"":""70a52d41-885a-4854-b650-392635199b54"",""environment"":""67be7a60-8b6c-4987-8690-dbef25befe73"",""service"":""0f0f8a2f-9703-4f78-a3ed-8fcc57a55f5a"",""deployment"":""7bae97c9-ccbe-49fe-a672-c3ea4a2a6d1e"",""replica"":""5a8db334-f6d0-4ba9-a018-aa1be977e5fd""}",2026-02-15T09:40:36.822641780Z
Internal Server Error: /api/community/rooms/,"{""level"":""error""}","{""project"":""70a52d41-885a-4854-b650-392635199b54"",""environment"":""67be7a60-8b6c-4987-8690-dbef25befe73"",""service"":""0f0f8a2f-9703-4f78-a3ed-8fcc57a55f5a"",""deployment"":""7bae97c9-ccbe-49fe-a672-c3ea4a2a6d1e"",""replica"":""5a8db334-f6d0-4ba9-a018-aa1be977e5fd""}",2026-02-15T09:40:37.263326837Z
Traceback (most recent call last):,"{""level"":""error""}","{""project"":""70a52d41-885a-4854-b650-392635199b54"",""environment"":""67be7a60-8b6c-4987-8690-dbef25befe73"",""service"":""0f0f8a2f-9703-4f78-a3ed-8fcc57a55f5a"",""deployment"":""7bae97c9-ccbe-49fe-a672-c3ea4a2a6d1e"",""replica"":""5a8db334-f6d0-4ba9-a018-aa1be977e5fd""}",2026-02-15T09:40:37.263335777Z
"  File ""/usr/local/lib/python3.11/site-packages/django/db/backends/base/base.py"", line 279, in ensure_connection","{""level"":""error""}","{""project"":""70a52d41-885a-4854-b650-392635199b54"",""environment"":""67be7a60-8b6c-4987-8690-dbef25befe73"",""service"":""0f0f8a2f-9703-4f78-a3ed-8fcc57a55f5a"",""deployment"":""7bae97c9-ccbe-49fe-a672-c3ea4a2a6d1e"",""replica"":""5a8db334-f6d0-4ba9-a018-aa1be977e5fd""}",2026-02-15T09:40:37.263340397Z
    self.connect(),"{""level"":""error""}","{""project"":""70a52d41-885a-4854-b650-392635199b54"",""environment"":""67be7a60-8b6c-4987-8690-dbef25befe73"",""service"":""0f0f8a2f-9703-4f78-a3ed-8fcc57a55f5a"",""deployment"":""7bae97c9-ccbe-49fe-a672-c3ea4a2a6d1e"",""replica"":""5a8db334-f6d0-4ba9-a018-aa1be977e5fd""}",2026-02-15T09:40:37.263344297Z
"  File ""/usr/local/lib/python3.11/site-packages/django/utils/asyncio.py"", line 26, in inner","{""level"":""error""}","{""project"":""70a52d41-885a-4854-b650-392635199b54"",""environment"":""67be7a60-8b6c-4987-8690-dbef25befe73"",""service"":""0f0f8a2f-9703-4f78-a3ed-8fcc57a55f5a"",""deployment"":""7bae97c9-ccbe-49fe-a672-c3ea4a2a6d1e"",""replica"":""5a8db334-f6d0-4ba9-a018-aa1be977e5fd""}",2026-02-15T09:40:37.263350027Z
"    return func(*args, **kwargs)","{""level"":""error""}","{""project"":""70a52d41-885a-4854-b650-392635199b54"",""environment"":""67be7a60-8b6c-4987-8690-dbef25befe73"",""service"":""0f0f8a2f-9703-4f78-a3ed-8fcc57a55f5a"",""deployment"":""7bae97c9-ccbe-49fe-a672-c3ea4a2a6d1e"",""replica"":""5a8db334-f6d0-4ba9-a018-aa1be977e5fd""}",2026-02-15T09:40:37.263354127Z
           ^^^^^^^^^^^^^^^^^^^^^,"{""level"":""error""}","{""project"":""70a52d41-885a-4854-b650-392635199b54"",""environment"":""67be7a60-8b6c-4987-8690-dbef25befe73"",""service"":""0f0f8a2f-9703-4f78-a3ed-8fcc57a55f5a"",""deployment"":""7bae97c9-ccbe-49fe-a672-c3ea4a2a6d1e"",""replica"":""5a8db334-f6d0-4ba9-a018-aa1be977e5fd""}",2026-02-15T09:40:37.263357977Z
"  File ""/usr/local/lib/python3.11/site-packages/django/db/backends/base/base.py"", line 256, in connect","{""level"":""error""}","{""project"":""70a52d41-885a-4854-b650-392635199b54"",""environment"":""67be7a60-8b6c-4987-8690-dbef25befe73"",""service"":""0f0f8a2f-9703-4f78-a3ed-8fcc57a55f5a"",""deployment"":""7bae97c9-ccbe-49fe-a672-c3ea4a2a6d1e"",""replica"":""5a8db334-f6d0-4ba9-a018-aa1be977e5fd""}",2026-02-15T09:40:37.263361767Z
    self.connection = self.get_new_connection(conn_params),"{""level"":""error""}","{""project"":""70a52d41-885a-4854-b650-392635199b54"",""environment"":""67be7a60-8b6c-4987-8690-dbef25befe73"",""service"":""0f0f8a2f-9703-4f78-a3ed-8fcc57a55f5a"",""deployment"":""7bae97c9-ccbe-49fe-a672-c3ea4a2a6d1e"",""replica"":""5a8db334-f6d0-4ba9-a018-aa1be977e5fd""}",2026-02-15T09:40:37.263365557Z
                      ^^^^^^^^^^^^^^^^^^^^^^^^^^^^^^^^^^^^,"{""level"":""error""}","{""project"":""70a52d41-885a-4854-b650-392635199b54"",""environment"":""67be7a60-8b6c-4987-8690-dbef25befe73"",""service"":""0f0f8a2f-9703-4f78-a3ed-8fcc57a55f5a"",""deployment"":""7bae97c9-ccbe-49fe-a672-c3ea4a2a6d1e"",""replica"":""5a8db334-f6d0-4ba9-a018-aa1be977e5fd""}",2026-02-15T09:40:37.263369447Z
"  File ""/usr/local/lib/python3.11/site-packages/django/utils/asyncio.py"", line 26, in inner","{""level"":""error""}","{""project"":""70a52d41-885a-4854-b650-392635199b54"",""environment"":""67be7a60-8b6c-4987-8690-dbef25befe73"",""service"":""0f0f8a2f-9703-4f78-a3ed-8fcc57a55f5a"",""deployment"":""7bae97c9-ccbe-49fe-a672-c3ea4a2a6d1e"",""replica"":""5a8db334-f6d0-4ba9-a018-aa1be977e5fd""}",2026-02-15T09:40:37.263373317Z
"    return func(*args, **kwargs)","{""level"":""error""}","{""project"":""70a52d41-885a-4854-b650-392635199b54"",""environment"":""67be7a60-8b6c-4987-8690-dbef25befe73"",""service"":""0f0f8a2f-9703-4f78-a3ed-8fcc57a55f5a"",""deployment"":""7bae97c9-ccbe-49fe-a672-c3ea4a2a6d1e"",""replica"":""5a8db334-f6d0-4ba9-a018-aa1be977e5fd""}",2026-02-15T09:40:37.263377357Z
           ^^^^^^^^^^^^^^^^^^^^^,"{""level"":""error""}","{""project"":""70a52d41-885a-4854-b650-392635199b54"",""environment"":""67be7a60-8b6c-4987-8690-dbef25befe73"",""service"":""0f0f8a2f-9703-4f78-a3ed-8fcc57a55f5a"",""deployment"":""7bae97c9-ccbe-49fe-a672-c3ea4a2a6d1e"",""replica"":""5a8db334-f6d0-4ba9-a018-aa1be977e5fd""}",2026-02-15T09:40:37.263381387Z
"  File ""/usr/local/lib/python3.11/site-packages/django/db/backends/postgresql/base.py"", line 332, in get_new_connection","{""level"":""error""}","{""project"":""70a52d41-885a-4854-b650-392635199b54"",""environment"":""67be7a60-8b6c-4987-8690-dbef25befe73"",""service"":""0f0f8a2f-9703-4f78-a3ed-8fcc57a55f5a"",""deployment"":""7bae97c9-ccbe-49fe-a672-c3ea4a2a6d1e"",""replica"":""5a8db334-f6d0-4ba9-a018-aa1be977e5fd""}",2026-02-15T09:40:37.263385077Z
    connection = self.Database.connect(**conn_params),"{""level"":""error""}","{""project"":""70a52d41-885a-4854-b650-392635199b54"",""environment"":""67be7a60-8b6c-4987-8690-dbef25befe73"",""service"":""0f0f8a2f-9703-4f78-a3ed-8fcc57a55f5a"",""deployment"":""7bae97c9-ccbe-49fe-a672-c3ea4a2a6d1e"",""replica"":""5a8db334-f6d0-4ba9-a018-aa1be977e5fd""}",2026-02-15T09:40:37.263389237Z
                 ^^^^^^^^^^^^^^^^^^^^^^^^^^^^^^^^^^^^,"{""level"":""error""}","{""project"":""70a52d41-885a-4854-b650-392635199b54"",""environment"":""67be7a60-8b6c-4987-8690-dbef25befe73"",""service"":""0f0f8a2f-9703-4f78-a3ed-8fcc57a55f5a"",""deployment"":""7bae97c9-ccbe-49fe-a672-c3ea4a2a6d1e"",""replica"":""5a8db334-f6d0-4ba9-a018-aa1be977e5fd""}",2026-02-15T09:40:37.263393657Z
"  File ""/usr/local/lib/python3.11/site-packages/psycopg2/__init__.py"", line 122, in connect","{""level"":""error""}","{""project"":""70a52d41-885a-4854-b650-392635199b54"",""environment"":""67be7a60-8b6c-4987-8690-dbef25befe73"",""service"":""0f0f8a2f-9703-4f78-a3ed-8fcc57a55f5a"",""deployment"":""7bae97c9-ccbe-49fe-a672-c3ea4a2a6d1e"",""replica"":""5a8db334-f6d0-4ba9-a018-aa1be977e5fd""}",2026-02-15T09:40:37.263398057Z
"    conn = _connect(dsn, connection_factory=connection_factory, **kwasync)","{""level"":""error""}","{""project"":""70a52d41-885a-4854-b650-392635199b54"",""environment"":""67be7a60-8b6c-4987-8690-dbef25befe73"",""service"":""0f0f8a2f-9703-4f78-a3ed-8fcc57a55f5a"",""deployment"":""7bae97c9-ccbe-49fe-a672-c3ea4a2a6d1e"",""replica"":""5a8db334-f6d0-4ba9-a018-aa1be977e5fd""}",2026-02-15T09:40:37.263401797Z
           ^^^^^^^^^^^^^^^^^^^^^^^^^^^^^^^^^^^^^^^^^^^^^^^^^^^^^^^^^^^^^^^,"{""level"":""error""}","{""project"":""70a52d41-885a-4854-b650-392635199b54"",""environment"":""67be7a60-8b6c-4987-8690-dbef25befe73"",""service"":""0f0f8a2f-9703-4f78-a3ed-8fcc57a55f5a"",""deployment"":""7bae97c9-ccbe-49fe-a672-c3ea4a2a6d1e"",""replica"":""5a8db334-f6d0-4ba9-a018-aa1be977e5fd""}",2026-02-15T09:40:37.263405507Z
"psycopg2.OperationalError: connection to server at ""15.164.188.235"", port 5432 failed: FATAL:  MaxClientsInSessionMode: max clients reached - in Session mode max clients are limited to pool_size","{""level"":""error""}","{""project"":""70a52d41-885a-4854-b650-392635199b54"",""environment"":""67be7a60-8b6c-4987-8690-dbef25befe73"",""service"":""0f0f8a2f-9703-4f78-a3ed-8fcc57a55f5a"",""deployment"":""7bae97c9-ccbe-49fe-a672-c3ea4a2a6d1e"",""replica"":""5a8db334-f6d0-4ba9-a018-aa1be977e5fd""}",2026-02-15T09:40:37.263830706Z
,"{""level"":""error""}","{""project"":""70a52d41-885a-4854-b650-392635199b54"",""environment"":""67be7a60-8b6c-4987-8690-dbef25befe73"",""service"":""0f0f8a2f-9703-4f78-a3ed-8fcc57a55f5a"",""deployment"":""7bae97c9-ccbe-49fe-a672-c3ea4a2a6d1e"",""replica"":""5a8db334-f6d0-4ba9-a018-aa1be977e5fd""}",2026-02-15T09:40:37.263839866Z
,"{""level"":""error""}","{""project"":""70a52d41-885a-4854-b650-392635199b54"",""environment"":""67be7a60-8b6c-4987-8690-dbef25befe73"",""service"":""0f0f8a2f-9703-4f78-a3ed-8fcc57a55f5a"",""deployment"":""7bae97c9-ccbe-49fe-a672-c3ea4a2a6d1e"",""replica"":""5a8db334-f6d0-4ba9-a018-aa1be977e5fd""}",2026-02-15T09:40:37.263845306Z
The above exception was the direct cause of the following exception:,"{""level"":""error""}","{""project"":""70a52d41-885a-4854-b650-392635199b54"",""environment"":""67be7a60-8b6c-4987-8690-dbef25befe73"",""service"":""0f0f8a2f-9703-4f78-a3ed-8fcc57a55f5a"",""deployment"":""7bae97c9-ccbe-49fe-a672-c3ea4a2a6d1e"",""replica"":""5a8db334-f6d0-4ba9-a018-aa1be977e5fd""}",2026-02-15T09:40:37.263850257Z
,"{""level"":""error""}","{""project"":""70a52d41-885a-4854-b650-392635199b54"",""environment"":""67be7a60-8b6c-4987-8690-dbef25befe73"",""service"":""0f0f8a2f-9703-4f78-a3ed-8fcc57a55f5a"",""deployment"":""7bae97c9-ccbe-49fe-a672-c3ea4a2a6d1e"",""replica"":""5a8db334-f6d0-4ba9-a018-aa1be977e5fd""}",2026-02-15T09:40:37.263857766Z
Traceback (most recent call last):,"{""level"":""error""}","{""project"":""70a52d41-885a-4854-b650-392635199b54"",""environment"":""67be7a60-8b6c-4987-8690-dbef25befe73"",""service"":""0f0f8a2f-9703-4f78-a3ed-8fcc57a55f5a"",""deployment"":""7bae97c9-ccbe-49fe-a672-c3ea4a2a6d1e"",""replica"":""5a8db334-f6d0-4ba9-a018-aa1be977e5fd""}",2026-02-15T09:40:37.263862646Z
"  File ""/usr/local/lib/python3.11/site-packages/asgiref/sync.py"", line 557, in thread_handler","{""level"":""error""}","{""project"":""70a52d41-885a-4854-b650-392635199b54"",""environment"":""67be7a60-8b6c-4987-8690-dbef25befe73"",""service"":""0f0f8a2f-9703-4f78-a3ed-8fcc57a55f5a"",""deployment"":""7bae97c9-ccbe-49fe-a672-c3ea4a2a6d1e"",""replica"":""5a8db334-f6d0-4ba9-a018-aa1be977e5fd""}",2026-02-15T09:40:37.263867466Z
    raise exc_info[1],"{""level"":""error""}","{""project"":""70a52d41-885a-4854-b650-392635199b54"",""environment"":""67be7a60-8b6c-4987-8690-dbef25befe73"",""service"":""0f0f8a2f-9703-4f78-a3ed-8fcc57a55f5a"",""deployment"":""7bae97c9-ccbe-49fe-a672-c3ea4a2a6d1e"",""replica"":""5a8db334-f6d0-4ba9-a018-aa1be977e5fd""}",2026-02-15T09:40:37.263872026Z
"  File ""/usr/local/lib/python3.11/site-packages/django/core/handlers/exception.py"", line 42, in inner","{""level"":""error""}","{""project"":""70a52d41-885a-4854-b650-392635199b54"",""environment"":""67be7a60-8b6c-4987-8690-dbef25befe73"",""service"":""0f0f8a2f-9703-4f78-a3ed-8fcc57a55f5a"",""deployment"":""7bae97c9-ccbe-49fe-a672-c3ea4a2a6d1e"",""replica"":""5a8db334-f6d0-4ba9-a018-aa1be977e5fd""}",2026-02-15T09:40:37.263876097Z
    response = await get_response(request),"{""level"":""error""}","{""project"":""70a52d41-885a-4854-b650-392635199b54"",""environment"":""67be7a60-8b6c-4987-8690-dbef25befe73"",""service"":""0f0f8a2f-9703-4f78-a3ed-8fcc57a55f5a"",""deployment"":""7bae97c9-ccbe-49fe-a672-c3ea4a2a6d1e"",""replica"":""5a8db334-f6d0-4ba9-a018-aa1be977e5fd""}",2026-02-15T09:40:37.263880326Z
               ^^^^^^^^^^^^^^^^^^^^^^^^^^^,"{""level"":""error""}","{""project"":""70a52d41-885a-4854-b650-392635199b54"",""environment"":""67be7a60-8b6c-4987-8690-dbef25befe73"",""service"":""0f0f8a2f-9703-4f78-a3ed-8fcc57a55f5a"",""deployment"":""7bae97c9-ccbe-49fe-a672-c3ea4a2a6d1e"",""replica"":""5a8db334-f6d0-4ba9-a018-aa1be977e5fd""}",2026-02-15T09:40:37.263884937Z
"  File ""/usr/local/lib/python3.11/site-packages/asgiref/sync.py"", line 557, in thread_handler","{""level"":""error""}","{""project"":""70a52d41-885a-4854-b650-392635199b54"",""environment"":""67be7a60-8b6c-4987-8690-dbef25befe73"",""service"":""0f0f8a2f-9703-4f78-a3ed-8fcc57a55f5a"",""deployment"":""7bae97c9-ccbe-49fe-a672-c3ea4a2a6d1e"",""replica"":""5a8db334-f6d0-4ba9-a018-aa1be977e5fd""}",2026-02-15T09:40:37.263888726Z
    raise exc_info[1],"{""level"":""error""}","{""project"":""70a52d41-885a-4854-b650-392635199b54"",""environment"":""67be7a60-8b6c-4987-8690-dbef25befe73"",""service"":""0f0f8a2f-9703-4f78-a3ed-8fcc57a55f5a"",""deployment"":""7bae97c9-ccbe-49fe-a672-c3ea4a2a6d1e"",""replica"":""5a8db334-f6d0-4ba9-a018-aa1be977e5fd""}",2026-02-15T09:40:37.263893037Z
"  File ""/usr/local/lib/python3.11/site-packages/django/core/handlers/base.py"", line 253, in _get_response_async","{""level"":""error""}","{""project"":""70a52d41-885a-4854-b650-392635199b54"",""environment"":""67be7a60-8b6c-4987-8690-dbef25befe73"",""service"":""0f0f8a2f-9703-4f78-a3ed-8fcc57a55f5a"",""deployment"":""7bae97c9-ccbe-49fe-a672-c3ea4a2a6d1e"",""replica"":""5a8db334-f6d0-4ba9-a018-aa1be977e5fd""}",2026-02-15T09:40:37.263896926Z
    response = await wrapped_callback(,"{""level"":""error""}","{""project"":""70a52d41-885a-4854-b650-392635199b54"",""environment"":""67be7a60-8b6c-4987-8690-dbef25befe73"",""service"":""0f0f8a2f-9703-4f78-a3ed-8fcc57a55f5a"",""deployment"":""7bae97c9-ccbe-49fe-a672-c3ea4a2a6d1e"",""replica"":""5a8db334-f6d0-4ba9-a018-aa1be977e5fd""}",2026-02-15T09:40:37.263902326Z
               ^^^^^^^^^^^^^^^^^^^^^^^,"{""level"":""error""}","{""project"":""70a52d41-885a-4854-b650-392635199b54"",""environment"":""67be7a60-8b6c-4987-8690-dbef25befe73"",""service"":""0f0f8a2f-9703-4f78-a3ed-8fcc57a55f5a"",""deployment"":""7bae97c9-ccbe-49fe-a672-c3ea4a2a6d1e"",""replica"":""5a8db334-f6d0-4ba9-a018-aa1be977e5fd""}",2026-02-15T09:40:37.263908106Z
"  File ""/usr/local/lib/python3.11/site-packages/asgiref/sync.py"", line 506, in __call__","{""level"":""error""}","{""project"":""70a52d41-885a-4854-b650-392635199b54"",""environment"":""67be7a60-8b6c-4987-8690-dbef25befe73"",""service"":""0f0f8a2f-9703-4f78-a3ed-8fcc57a55f5a"",""deployment"":""7bae97c9-ccbe-49fe-a672-c3ea4a2a6d1e"",""replica"":""5a8db334-f6d0-4ba9-a018-aa1be977e5fd""}",2026-02-15T09:40:37.263912086Z
    ret = await asyncio.shield(exec_coro),"{""level"":""error""}","{""project"":""70a52d41-885a-4854-b650-392635199b54"",""environment"":""67be7a60-8b6c-4987-8690-dbef25befe73"",""service"":""0f0f8a2f-9703-4f78-a3ed-8fcc57a55f5a"",""deployment"":""7bae97c9-ccbe-49fe-a672-c3ea4a2a6d1e"",""replica"":""5a8db334-f6d0-4ba9-a018-aa1be977e5fd""}",2026-02-15T09:40:37.263916617Z
          ^^^^^^^^^^^^^^^^^^^^^^^^^^^^^^^,"{""level"":""error""}","{""project"":""70a52d41-885a-4854-b650-392635199b54"",""environment"":""67be7a60-8b6c-4987-8690-dbef25befe73"",""service"":""0f0f8a2f-9703-4f78-a3ed-8fcc57a55f5a"",""deployment"":""7bae97c9-ccbe-49fe-a672-c3ea4a2a6d1e"",""replica"":""5a8db334-f6d0-4ba9-a018-aa1be977e5fd""}",2026-02-15T09:40:37.263921157Z
"  File ""/usr/local/lib/python3.11/site-packages/asgiref/current_thread_executor.py"", line 40, in run","{""level"":""error""}","{""project"":""70a52d41-885a-4854-b650-392635199b54"",""environment"":""67be7a60-8b6c-4987-8690-dbef25befe73"",""service"":""0f0f8a2f-9703-4f78-a3ed-8fcc57a55f5a"",""deployment"":""7bae97c9-ccbe-49fe-a672-c3ea4a2a6d1e"",""replica"":""5a8db334-f6d0-4ba9-a018-aa1be977e5fd""}",2026-02-15T09:40:37.263925677Z
"    result = self.fn(*self.args, **self.kwargs)","{""level"":""error""}","{""project"":""70a52d41-885a-4854-b650-392635199b54"",""environment"":""67be7a60-8b6c-4987-8690-dbef25befe73"",""service"":""0f0f8a2f-9703-4f78-a3ed-8fcc57a55f5a"",""deployment"":""7bae97c9-ccbe-49fe-a672-c3ea4a2a6d1e"",""replica"":""5a8db334-f6d0-4ba9-a018-aa1be977e5fd""}",2026-02-15T09:40:37.264497597Z
             ^^^^^^^^^^^^^^^^^^^^^^^^^^^^^^^^^^,"{""level"":""error""}","{""project"":""70a52d41-885a-4854-b650-392635199b54"",""environment"":""67be7a60-8b6c-4987-8690-dbef25befe73"",""service"":""0f0f8a2f-9703-4f78-a3ed-8fcc57a55f5a"",""deployment"":""7bae97c9-ccbe-49fe-a672-c3ea4a2a6d1e"",""replica"":""5a8db334-f6d0-4ba9-a018-aa1be977e5fd""}",2026-02-15T09:40:37.264505206Z
"  File ""/usr/local/lib/python3.11/site-packages/asgiref/sync.py"", line 561, in thread_handler","{""level"":""error""}","{""project"":""70a52d41-885a-4854-b650-392635199b54"",""environment"":""67be7a60-8b6c-4987-8690-dbef25befe73"",""service"":""0f0f8a2f-9703-4f78-a3ed-8fcc57a55f5a"",""deployment"":""7bae97c9-ccbe-49fe-a672-c3ea4a2a6d1e"",""replica"":""5a8db334-f6d0-4ba9-a018-aa1be977e5fd""}",2026-02-15T09:40:37.264510157Z
"    return func(*args, **kwargs)","{""level"":""error""}","{""project"":""70a52d41-885a-4854-b650-392635199b54"",""environment"":""67be7a60-8b6c-4987-8690-dbef25befe73"",""service"":""0f0f8a2f-9703-4f78-a3ed-8fcc57a55f5a"",""deployment"":""7bae97c9-ccbe-49fe-a672-c3ea4a2a6d1e"",""replica"":""5a8db334-f6d0-4ba9-a018-aa1be977e5fd""}",2026-02-15T09:40:37.264514197Z
           ^^^^^^^^^^^^^^^^^^^^^,"{""level"":""error""}","{""project"":""70a52d41-885a-4854-b650-392635199b54"",""environment"":""67be7a60-8b6c-4987-8690-dbef25befe73"",""service"":""0f0f8a2f-9703-4f78-a3ed-8fcc57a55f5a"",""deployment"":""7bae97c9-ccbe-49fe-a672-c3ea4a2a6d1e"",""replica"":""5a8db334-f6d0-4ba9-a018-aa1be977e5fd""}",2026-02-15T09:40:37.264517946Z
"  File ""/usr/local/lib/python3.11/site-packages/django/views/decorators/csrf.py"", line 65, in _view_wrapper","{""level"":""error""}","{""project"":""70a52d41-885a-4854-b650-392635199b54"",""environment"":""67be7a60-8b6c-4987-8690-dbef25befe73"",""service"":""0f0f8a2f-9703-4f78-a3ed-8fcc57a55f5a"",""deployment"":""7bae97c9-ccbe-49fe-a672-c3ea4a2a6d1e"",""replica"":""5a8db334-f6d0-4ba9-a018-aa1be977e5fd""}",2026-02-15T09:40:37.264521566Z
"    return view_func(request, *args, **kwargs)","{""level"":""error""}","{""project"":""70a52d41-885a-4854-b650-392635199b54"",""environment"":""67be7a60-8b6c-4987-8690-dbef25befe73"",""service"":""0f0f8a2f-9703-4f78-a3ed-8fcc57a55f5a"",""deployment"":""7bae97c9-ccbe-49fe-a672-c3ea4a2a6d1e"",""replica"":""5a8db334-f6d0-4ba9-a018-aa1be977e5fd""}",2026-02-15T09:40:37.264525206Z
           ^^^^^^^^^^^^^^^^^^^^^^^^^^^^^^^^^^^,"{""level"":""error""}","{""project"":""70a52d41-885a-4854-b650-392635199b54"",""environment"":""67be7a60-8b6c-4987-8690-dbef25befe73"",""service"":""0f0f8a2f-9703-4f78-a3ed-8fcc57a55f5a"",""deployment"":""7bae97c9-ccbe-49fe-a672-c3ea4a2a6d1e"",""replica"":""5a8db334-f6d0-4ba9-a018-aa1be977e5fd""}",2026-02-15T09:40:37.264529377Z
"  File ""/usr/local/lib/python3.11/site-packages/rest_framework/viewsets.py"", line 125, in view","{""level"":""error""}","{""project"":""70a52d41-885a-4854-b650-392635199b54"",""environment"":""67be7a60-8b6c-4987-8690-dbef25befe73"",""service"":""0f0f8a2f-9703-4f78-a3ed-8fcc57a55f5a"",""deployment"":""7bae97c9-ccbe-49fe-a672-c3ea4a2a6d1e"",""replica"":""5a8db334-f6d0-4ba9-a018-aa1be977e5fd""}",2026-02-15T09:40:37.264532937Z
"    return self.dispatch(request, *args, **kwargs)","{""level"":""error""}","{""project"":""70a52d41-885a-4854-b650-392635199b54"",""environment"":""67be7a60-8b6c-4987-8690-dbef25befe73"",""service"":""0f0f8a2f-9703-4f78-a3ed-8fcc57a55f5a"",""deployment"":""7bae97c9-ccbe-49fe-a672-c3ea4a2a6d1e"",""replica"":""5a8db334-f6d0-4ba9-a018-aa1be977e5fd""}",2026-02-15T09:40:37.264536486Z
           ^^^^^^^^^^^^^^^^^^^^^^^^^^^^^^^^^^^^^^^,"{""level"":""error""}","{""project"":""70a52d41-885a-4854-b650-392635199b54"",""environment"":""67be7a60-8b6c-4987-8690-dbef25befe73"",""service"":""0f0f8a2f-9703-4f78-a3ed-8fcc57a55f5a"",""deployment"":""7bae97c9-ccbe-49fe-a672-c3ea4a2a6d1e"",""replica"":""5a8db334-f6d0-4ba9-a018-aa1be977e5fd""}",2026-02-15T09:40:37.264540237Z
"  File ""/usr/local/lib/python3.11/site-packages/rest_framework/views.py"", line 515, in dispatch","{""level"":""error""}","{""project"":""70a52d41-885a-4854-b650-392635199b54"",""environment"":""67be7a60-8b6c-4987-8690-dbef25befe73"",""service"":""0f0f8a2f-9703-4f78-a3ed-8fcc57a55f5a"",""deployment"":""7bae97c9-ccbe-49fe-a672-c3ea4a2a6d1e"",""replica"":""5a8db334-f6d0-4ba9-a018-aa1be977e5fd""}",2026-02-15T09:40:37.264544837Z
    response = self.handle_exception(exc),"{""level"":""error""}","{""project"":""70a52d41-885a-4854-b650-392635199b54"",""environment"":""67be7a60-8b6c-4987-8690-dbef25befe73"",""service"":""0f0f8a2f-9703-4f78-a3ed-8fcc57a55f5a"",""deployment"":""7bae97c9-ccbe-49fe-a672-c3ea4a2a6d1e"",""replica"":""5a8db334-f6d0-4ba9-a018-aa1be977e5fd""}",2026-02-15T09:40:37.264550906Z
               ^^^^^^^^^^^^^^^^^^^^^^^^^^,"{""level"":""error""}","{""project"":""70a52d41-885a-4854-b650-392635199b54"",""environment"":""67be7a60-8b6c-4987-8690-dbef25befe73"",""service"":""0f0f8a2f-9703-4f78-a3ed-8fcc57a55f5a"",""deployment"":""7bae97c9-ccbe-49fe-a672-c3ea4a2a6d1e"",""replica"":""5a8db334-f6d0-4ba9-a018-aa1be977e5fd""}",2026-02-15T09:40:37.264554837Z
"  File ""/usr/local/lib/python3.11/site-packages/rest_framework/views.py"", line 475, in handle_exception","{""level"":""error""}","{""project"":""70a52d41-885a-4854-b650-392635199b54"",""environment"":""67be7a60-8b6c-4987-8690-dbef25befe73"",""service"":""0f0f8a2f-9703-4f78-a3ed-8fcc57a55f5a"",""deployment"":""7bae97c9-ccbe-49fe-a672-c3ea4a2a6d1e"",""replica"":""5a8db334-f6d0-4ba9-a018-aa1be977e5fd""}",2026-02-15T09:40:37.264558837Z
    self.raise_uncaught_exception(exc),"{""level"":""error""}","{""project"":""70a52d41-885a-4854-b650-392635199b54"",""environment"":""67be7a60-8b6c-4987-8690-dbef25befe73"",""service"":""0f0f8a2f-9703-4f78-a3ed-8fcc57a55f5a"",""deployment"":""7bae97c9-ccbe-49fe-a672-c3ea4a2a6d1e"",""replica"":""5a8db334-f6d0-4ba9-a018-aa1be977e5fd""}",2026-02-15T09:40:37.264562426Z
"  File ""/usr/local/lib/python3.11/site-packages/rest_framework/views.py"", line 486, in raise_uncaught_exception","{""level"":""error""}","{""project"":""70a52d41-885a-4854-b650-392635199b54"",""environment"":""67be7a60-8b6c-4987-8690-dbef25befe73"",""service"":""0f0f8a2f-9703-4f78-a3ed-8fcc57a55f5a"",""deployment"":""7bae97c9-ccbe-49fe-a672-c3ea4a2a6d1e"",""replica"":""5a8db334-f6d0-4ba9-a018-aa1be977e5fd""}",2026-02-15T09:40:37.264565966Z
    raise exc,"{""level"":""error""}","{""project"":""70a52d41-885a-4854-b650-392635199b54"",""environment"":""67be7a60-8b6c-4987-8690-dbef25befe73"",""service"":""0f0f8a2f-9703-4f78-a3ed-8fcc57a55f5a"",""deployment"":""7bae97c9-ccbe-49fe-a672-c3ea4a2a6d1e"",""replica"":""5a8db334-f6d0-4ba9-a018-aa1be977e5fd""}",2026-02-15T09:40:37.264569457Z
"  File ""/usr/local/lib/python3.11/site-packages/rest_framework/views.py"", line 503, in dispatch","{""level"":""error""}","{""project"":""70a52d41-885a-4854-b650-392635199b54"",""environment"":""67be7a60-8b6c-4987-8690-dbef25befe73"",""service"":""0f0f8a2f-9703-4f78-a3ed-8fcc57a55f5a"",""deployment"":""7bae97c9-ccbe-49fe-a672-c3ea4a2a6d1e"",""replica"":""5a8db334-f6d0-4ba9-a018-aa1be977e5fd""}",2026-02-15T09:40:37.264573737Z
"    self.initial(request, *args, **kwargs)","{""level"":""error""}","{""project"":""70a52d41-885a-4854-b650-392635199b54"",""environment"":""67be7a60-8b6c-4987-8690-dbef25befe73"",""service"":""0f0f8a2f-9703-4f78-a3ed-8fcc57a55f5a"",""deployment"":""7bae97c9-ccbe-49fe-a672-c3ea4a2a6d1e"",""replica"":""5a8db334-f6d0-4ba9-a018-aa1be977e5fd""}",2026-02-15T09:40:37.264577146Z
"  File ""/usr/local/lib/python3.11/site-packages/rest_framework/views.py"", line 420, in initial","{""level"":""error""}","{""project"":""70a52d41-885a-4854-b650-392635199b54"",""environment"":""67be7a60-8b6c-4987-8690-dbef25befe73"",""service"":""0f0f8a2f-9703-4f78-a3ed-8fcc57a55f5a"",""deployment"":""7bae97c9-ccbe-49fe-a672-c3ea4a2a6d1e"",""replica"":""5a8db334-f6d0-4ba9-a018-aa1be977e5fd""}",2026-02-15T09:40:37.264954836Z
    self.perform_authentication(request),"{""level"":""error""}","{""project"":""70a52d41-885a-4854-b650-392635199b54"",""environment"":""67be7a60-8b6c-4987-8690-dbef25befe73"",""service"":""0f0f8a2f-9703-4f78-a3ed-8fcc57a55f5a"",""deployment"":""7bae97c9-ccbe-49fe-a672-c3ea4a2a6d1e"",""replica"":""5a8db334-f6d0-4ba9-a018-aa1be977e5fd""}",2026-02-15T09:40:37.264960656Z
"  File ""/usr/local/lib/python3.11/site-packages/rest_framework/views.py"", line 330, in perform_authentication","{""level"":""error""}","{""project"":""70a52d41-885a-4854-b650-392635199b54"",""environment"":""67be7a60-8b6c-4987-8690-dbef25befe73"",""service"":""0f0f8a2f-9703-4f78-a3ed-8fcc57a55f5a"",""deployment"":""7bae97c9-ccbe-49fe-a672-c3ea4a2a6d1e"",""replica"":""5a8db334-f6d0-4ba9-a018-aa1be977e5fd""}",2026-02-15T09:40:37.264965436Z
    request.user,"{""level"":""error""}","{""project"":""70a52d41-885a-4854-b650-392635199b54"",""environment"":""67be7a60-8b6c-4987-8690-dbef25befe73"",""service"":""0f0f8a2f-9703-4f78-a3ed-8fcc57a55f5a"",""deployment"":""7bae97c9-ccbe-49fe-a672-c3ea4a2a6d1e"",""replica"":""5a8db334-f6d0-4ba9-a018-aa1be977e5fd""}",2026-02-15T09:40:37.264969506Z
"  File ""/usr/local/lib/python3.11/site-packages/rest_framework/request.py"", line 232, in user","{""level"":""error""}","{""project"":""70a52d41-885a-4854-b650-392635199b54"",""environment"":""67be7a60-8b6c-4987-8690-dbef25befe73"",""service"":""0f0f8a2f-9703-4f78-a3ed-8fcc57a55f5a"",""deployment"":""7bae97c9-ccbe-49fe-a672-c3ea4a2a6d1e"",""replica"":""5a8db334-f6d0-4ba9-a018-aa1be977e5fd""}",2026-02-15T09:40:37.264975066Z
    self._authenticate(),"{""level"":""error""}","{""project"":""70a52d41-885a-4854-b650-392635199b54"",""environment"":""67be7a60-8b6c-4987-8690-dbef25befe73"",""service"":""0f0f8a2f-9703-4f78-a3ed-8fcc57a55f5a"",""deployment"":""7bae97c9-ccbe-49fe-a672-c3ea4a2a6d1e"",""replica"":""5a8db334-f6d0-4ba9-a018-aa1be977e5fd""}",2026-02-15T09:40:37.264979006Z
"  File ""/usr/local/lib/python3.11/site-packages/rest_framework/request.py"", line 385, in _authenticate","{""level"":""error""}","{""project"":""70a52d41-885a-4854-b650-392635199b54"",""environment"":""67be7a60-8b6c-4987-8690-dbef25befe73"",""service"":""0f0f8a2f-9703-4f78-a3ed-8fcc57a55f5a"",""deployment"":""7bae97c9-ccbe-49fe-a672-c3ea4a2a6d1e"",""replica"":""5a8db334-f6d0-4ba9-a018-aa1be977e5fd""}",2026-02-15T09:40:37.264982756Z
    user_auth_tuple = authenticator.authenticate(self),"{""level"":""error""}","{""project"":""70a52d41-885a-4854-b650-392635199b54"",""environment"":""67be7a60-8b6c-4987-8690-dbef25befe73"",""service"":""0f0f8a2f-9703-4f78-a3ed-8fcc57a55f5a"",""deployment"":""7bae97c9-ccbe-49fe-a672-c3ea4a2a6d1e"",""replica"":""5a8db334-f6d0-4ba9-a018-aa1be977e5fd""}",2026-02-15T09:40:37.264986706Z
                      ^^^^^^^^^^^^^^^^^^^^^^^^^^^^^^^^,"{""level"":""error""}","{""project"":""70a52d41-885a-4854-b650-392635199b54"",""environment"":""67be7a60-8b6c-4987-8690-dbef25befe73"",""service"":""0f0f8a2f-9703-4f78-a3ed-8fcc57a55f5a"",""deployment"":""7bae97c9-ccbe-49fe-a672-c3ea4a2a6d1e"",""replica"":""5a8db334-f6d0-4ba9-a018-aa1be977e5fd""}",2026-02-15T09:40:37.264990316Z
"  File ""/usr/local/lib/python3.11/site-packages/rest_framework_simplejwt/authentication.py"", line 51, in authenticate","{""level"":""error""}","{""project"":""70a52d41-885a-4854-b650-392635199b54"",""environment"":""67be7a60-8b6c-4987-8690-dbef25befe73"",""service"":""0f0f8a2f-9703-4f78-a3ed-8fcc57a55f5a"",""deployment"":""7bae97c9-ccbe-49fe-a672-c3ea4a2a6d1e"",""replica"":""5a8db334-f6d0-4ba9-a018-aa1be977e5fd""}",2026-02-15T09:40:37.264994186Z
"    return self.get_user(validated_token), validated_token","{""level"":""error""}","{""project"":""70a52d41-885a-4854-b650-392635199b54"",""environment"":""67be7a60-8b6c-4987-8690-dbef25befe73"",""service"":""0f0f8a2f-9703-4f78-a3ed-8fcc57a55f5a"",""deployment"":""7bae97c9-ccbe-49fe-a672-c3ea4a2a6d1e"",""replica"":""5a8db334-f6d0-4ba9-a018-aa1be977e5fd""}",2026-02-15T09:40:37.264997826Z
           ^^^^^^^^^^^^^^^^^^^^^^^^^^^^^^,"{""level"":""error""}","{""project"":""70a52d41-885a-4854-b650-392635199b54"",""environment"":""67be7a60-8b6c-4987-8690-dbef25befe73"",""service"":""0f0f8a2f-9703-4f78-a3ed-8fcc57a55f5a"",""deployment"":""7bae97c9-ccbe-49fe-a672-c3ea4a2a6d1e"",""replica"":""5a8db334-f6d0-4ba9-a018-aa1be977e5fd""}",2026-02-15T09:40:37.265001546Z
"  File ""/usr/local/lib/python3.11/site-packages/rest_framework_simplejwt/authentication.py"", line 132, in get_user","{""level"":""error""}","{""project"":""70a52d41-885a-4854-b650-392635199b54"",""environment"":""67be7a60-8b6c-4987-8690-dbef25befe73"",""service"":""0f0f8a2f-9703-4f78-a3ed-8fcc57a55f5a"",""deployment"":""7bae97c9-ccbe-49fe-a672-c3ea4a2a6d1e"",""replica"":""5a8db334-f6d0-4ba9-a018-aa1be977e5fd""}",2026-02-15T09:40:37.265005226Z
    user = self.user_model.objects.get(**{api_settings.USER_ID_FIELD: user_id}),"{""level"":""error""}","{""project"":""70a52d41-885a-4854-b650-392635199b54"",""environment"":""67be7a60-8b6c-4987-8690-dbef25befe73"",""service"":""0f0f8a2f-9703-4f78-a3ed-8fcc57a55f5a"",""deployment"":""7bae97c9-ccbe-49fe-a672-c3ea4a2a6d1e"",""replica"":""5a8db334-f6d0-4ba9-a018-aa1be977e5fd""}",2026-02-15T09:40:37.265010346Z
           ^^^^^^^^^^^^^^^^^^^^^^^^^^^^^^^^^^^^^^^^^^^^^^^^^^^^^^^^^^^^^^^^^^^^,"{""level"":""error""}","{""project"":""70a52d41-885a-4854-b650-392635199b54"",""environment"":""67be7a60-8b6c-4987-8690-dbef25befe73"",""service"":""0f0f8a2f-9703-4f78-a3ed-8fcc57a55f5a"",""deployment"":""7bae97c9-ccbe-49fe-a672-c3ea4a2a6d1e"",""replica"":""5a8db334-f6d0-4ba9-a018-aa1be977e5fd""}",2026-02-15T09:40:37.265014296Z
"  File ""/usr/local/lib/python3.11/site-packages/django/db/models/manager.py"", line 87, in manager_method","{""level"":""error""}","{""project"":""70a52d41-885a-4854-b650-392635199b54"",""environment"":""67be7a60-8b6c-4987-8690-dbef25befe73"",""service"":""0f0f8a2f-9703-4f78-a3ed-8fcc57a55f5a"",""deployment"":""7bae97c9-ccbe-49fe-a672-c3ea4a2a6d1e"",""replica"":""5a8db334-f6d0-4ba9-a018-aa1be977e5fd""}",2026-02-15T09:40:37.265017776Z
"    return getattr(self.get_queryset(), name)(*args, **kwargs)","{""level"":""error""}","{""project"":""70a52d41-885a-4854-b650-392635199b54"",""environment"":""67be7a60-8b6c-4987-8690-dbef25befe73"",""service"":""0f0f8a2f-9703-4f78-a3ed-8fcc57a55f5a"",""deployment"":""7bae97c9-ccbe-49fe-a672-c3ea4a2a6d1e"",""replica"":""5a8db334-f6d0-4ba9-a018-aa1be977e5fd""}",2026-02-15T09:40:37.265021316Z
           ^^^^^^^^^^^^^^^^^^^^^^^^^^^^^^^^^^^^^^^^^^^^^^^^^^^,"{""level"":""error""}","{""project"":""70a52d41-885a-4854-b650-392635199b54"",""environment"":""67be7a60-8b6c-4987-8690-dbef25befe73"",""service"":""0f0f8a2f-9703-4f78-a3ed-8fcc57a55f5a"",""deployment"":""7bae97c9-ccbe-49fe-a672-c3ea4a2a6d1e"",""replica"":""5a8db334-f6d0-4ba9-a018-aa1be977e5fd""}",2026-02-15T09:40:37.265024936Z
"    return func(*args, **kwargs)","{""level"":""error""}","{""project"":""70a52d41-885a-4854-b650-392635199b54"",""environment"":""67be7a60-8b6c-4987-8690-dbef25befe73"",""service"":""0f0f8a2f-9703-4f78-a3ed-8fcc57a55f5a"",""deployment"":""7bae97c9-ccbe-49fe-a672-c3ea4a2a6d1e"",""replica"":""5a8db334-f6d0-4ba9-a018-aa1be977e5fd""}",2026-02-15T09:40:37.265850926Z
"  File ""/usr/local/lib/python3.11/site-packages/django/db/models/query.py"", line 631, in get","{""level"":""error""}","{""project"":""70a52d41-885a-4854-b650-392635199b54"",""environment"":""67be7a60-8b6c-4987-8690-dbef25befe73"",""service"":""0f0f8a2f-9703-4f78-a3ed-8fcc57a55f5a"",""deployment"":""7bae97c9-ccbe-49fe-a672-c3ea4a2a6d1e"",""replica"":""5a8db334-f6d0-4ba9-a018-aa1be977e5fd""}",2026-02-15T09:40:37.265854186Z
           ^^^^^^^^^^^^^^^^^^^^^,"{""level"":""error""}","{""project"":""70a52d41-885a-4854-b650-392635199b54"",""environment"":""67be7a60-8b6c-4987-8690-dbef25befe73"",""service"":""0f0f8a2f-9703-4f78-a3ed-8fcc57a55f5a"",""deployment"":""7bae97c9-ccbe-49fe-a672-c3ea4a2a6d1e"",""replica"":""5a8db334-f6d0-4ba9-a018-aa1be977e5fd""}",2026-02-15T09:40:37.265858246Z
    num = len(clone),"{""level"":""error""}","{""project"":""70a52d41-885a-4854-b650-392635199b54"",""environment"":""67be7a60-8b6c-4987-8690-dbef25befe73"",""service"":""0f0f8a2f-9703-4f78-a3ed-8fcc57a55f5a"",""deployment"":""7bae97c9-ccbe-49fe-a672-c3ea4a2a6d1e"",""replica"":""5a8db334-f6d0-4ba9-a018-aa1be977e5fd""}",2026-02-15T09:40:37.265860616Z
"  File ""/usr/local/lib/python3.11/site-packages/django/db/backends/base/base.py"", line 320, in cursor","{""level"":""error""}","{""project"":""70a52d41-885a-4854-b650-392635199b54"",""environment"":""67be7a60-8b6c-4987-8690-dbef25befe73"",""service"":""0f0f8a2f-9703-4f78-a3ed-8fcc57a55f5a"",""deployment"":""7bae97c9-ccbe-49fe-a672-c3ea4a2a6d1e"",""replica"":""5a8db334-f6d0-4ba9-a018-aa1be977e5fd""}",2026-02-15T09:40:37.265863286Z
          ^^^^^^^^^^,"{""level"":""error""}","{""project"":""70a52d41-885a-4854-b650-392635199b54"",""environment"":""67be7a60-8b6c-4987-8690-dbef25befe73"",""service"":""0f0f8a2f-9703-4f78-a3ed-8fcc57a55f5a"",""deployment"":""7bae97c9-ccbe-49fe-a672-c3ea4a2a6d1e"",""replica"":""5a8db334-f6d0-4ba9-a018-aa1be977e5fd""}",2026-02-15T09:40:37.265865396Z
    return self._cursor(),"{""level"":""error""}","{""project"":""70a52d41-885a-4854-b650-392635199b54"",""environment"":""67be7a60-8b6c-4987-8690-dbef25befe73"",""service"":""0f0f8a2f-9703-4f78-a3ed-8fcc57a55f5a"",""deployment"":""7bae97c9-ccbe-49fe-a672-c3ea4a2a6d1e"",""replica"":""5a8db334-f6d0-4ba9-a018-aa1be977e5fd""}",2026-02-15T09:40:37.265868186Z
"  File ""/usr/local/lib/python3.11/site-packages/django/db/models/query.py"", line 368, in __len__","{""level"":""error""}","{""project"":""70a52d41-885a-4854-b650-392635199b54"",""environment"":""67be7a60-8b6c-4987-8690-dbef25befe73"",""service"":""0f0f8a2f-9703-4f78-a3ed-8fcc57a55f5a"",""deployment"":""7bae97c9-ccbe-49fe-a672-c3ea4a2a6d1e"",""replica"":""5a8db334-f6d0-4ba9-a018-aa1be977e5fd""}",2026-02-15T09:40:37.265873086Z
           ^^^^^^^^^^^^^^,"{""level"":""error""}","{""project"":""70a52d41-885a-4854-b650-392635199b54"",""environment"":""67be7a60-8b6c-4987-8690-dbef25befe73"",""service"":""0f0f8a2f-9703-4f78-a3ed-8fcc57a55f5a"",""deployment"":""7bae97c9-ccbe-49fe-a672-c3ea4a2a6d1e"",""replica"":""5a8db334-f6d0-4ba9-a018-aa1be977e5fd""}",2026-02-15T09:40:37.265874086Z
"  File ""/usr/local/lib/python3.11/site-packages/django/db/backends/base/base.py"", line 296, in _cursor","{""level"":""error""}","{""project"":""70a52d41-885a-4854-b650-392635199b54"",""environment"":""67be7a60-8b6c-4987-8690-dbef25befe73"",""service"":""0f0f8a2f-9703-4f78-a3ed-8fcc57a55f5a"",""deployment"":""7bae97c9-ccbe-49fe-a672-c3ea4a2a6d1e"",""replica"":""5a8db334-f6d0-4ba9-a018-aa1be977e5fd""}",2026-02-15T09:40:37.265879506Z
    self._fetch_all(),"{""level"":""error""}","{""project"":""70a52d41-885a-4854-b650-392635199b54"",""environment"":""67be7a60-8b6c-4987-8690-dbef25befe73"",""service"":""0f0f8a2f-9703-4f78-a3ed-8fcc57a55f5a"",""deployment"":""7bae97c9-ccbe-49fe-a672-c3ea4a2a6d1e"",""replica"":""5a8db334-f6d0-4ba9-a018-aa1be977e5fd""}",2026-02-15T09:40:37.265880806Z
"  File ""/usr/local/lib/python3.11/site-packages/django/db/models/query.py"", line 1954, in _fetch_all","{""level"":""error""}","{""project"":""70a52d41-885a-4854-b650-392635199b54"",""environment"":""67be7a60-8b6c-4987-8690-dbef25befe73"",""service"":""0f0f8a2f-9703-4f78-a3ed-8fcc57a55f5a"",""deployment"":""7bae97c9-ccbe-49fe-a672-c3ea4a2a6d1e"",""replica"":""5a8db334-f6d0-4ba9-a018-aa1be977e5fd""}",2026-02-15T09:40:37.265886906Z
    self._result_cache = list(self._iterable_class(self)),"{""level"":""error""}","{""project"":""70a52d41-885a-4854-b650-392635199b54"",""environment"":""67be7a60-8b6c-4987-8690-dbef25befe73"",""service"":""0f0f8a2f-9703-4f78-a3ed-8fcc57a55f5a"",""deployment"":""7bae97c9-ccbe-49fe-a672-c3ea4a2a6d1e"",""replica"":""5a8db334-f6d0-4ba9-a018-aa1be977e5fd""}",2026-02-15T09:40:37.265892916Z
                         ^^^^^^^^^^^^^^^^^^^^^^^^^^^^^^^^,"{""level"":""error""}","{""project"":""70a52d41-885a-4854-b650-392635199b54"",""environment"":""67be7a60-8b6c-4987-8690-dbef25befe73"",""service"":""0f0f8a2f-9703-4f78-a3ed-8fcc57a55f5a"",""deployment"":""7bae97c9-ccbe-49fe-a672-c3ea4a2a6d1e"",""replica"":""5a8db334-f6d0-4ba9-a018-aa1be977e5fd""}",2026-02-15T09:40:37.265901016Z
"  File ""/usr/local/lib/python3.11/site-packages/django/db/models/query.py"", line 93, in __iter__","{""level"":""error""}","{""project"":""70a52d41-885a-4854-b650-392635199b54"",""environment"":""67be7a60-8b6c-4987-8690-dbef25befe73"",""service"":""0f0f8a2f-9703-4f78-a3ed-8fcc57a55f5a"",""deployment"":""7bae97c9-ccbe-49fe-a672-c3ea4a2a6d1e"",""replica"":""5a8db334-f6d0-4ba9-a018-aa1be977e5fd""}",2026-02-15T09:40:37.265907036Z
    results = compiler.execute_sql(,"{""level"":""error""}","{""project"":""70a52d41-885a-4854-b650-392635199b54"",""environment"":""67be7a60-8b6c-4987-8690-dbef25befe73"",""service"":""0f0f8a2f-9703-4f78-a3ed-8fcc57a55f5a"",""deployment"":""7bae97c9-ccbe-49fe-a672-c3ea4a2a6d1e"",""replica"":""5a8db334-f6d0-4ba9-a018-aa1be977e5fd""}",2026-02-15T09:40:37.265912526Z
              ^^^^^^^^^^^^^^^^^^^^^,"{""level"":""error""}","{""project"":""70a52d41-885a-4854-b650-392635199b54"",""environment"":""67be7a60-8b6c-4987-8690-dbef25befe73"",""service"":""0f0f8a2f-9703-4f78-a3ed-8fcc57a55f5a"",""deployment"":""7bae97c9-ccbe-49fe-a672-c3ea4a2a6d1e"",""replica"":""5a8db334-f6d0-4ba9-a018-aa1be977e5fd""}",2026-02-15T09:40:37.265916366Z
"  File ""/usr/local/lib/python3.11/site-packages/django/db/models/sql/compiler.py"", line 1621, in execute_sql","{""level"":""error""}","{""project"":""70a52d41-885a-4854-b650-392635199b54"",""environment"":""67be7a60-8b6c-4987-8690-dbef25befe73"",""service"":""0f0f8a2f-9703-4f78-a3ed-8fcc57a55f5a"",""deployment"":""7bae97c9-ccbe-49fe-a672-c3ea4a2a6d1e"",""replica"":""5a8db334-f6d0-4ba9-a018-aa1be977e5fd""}",2026-02-15T09:40:37.265920286Z
    cursor = self.connection.cursor(),"{""level"":""error""}","{""project"":""70a52d41-885a-4854-b650-392635199b54"",""environment"":""67be7a60-8b6c-4987-8690-dbef25befe73"",""service"":""0f0f8a2f-9703-4f78-a3ed-8fcc57a55f5a"",""deployment"":""7bae97c9-ccbe-49fe-a672-c3ea4a2a6d1e"",""replica"":""5a8db334-f6d0-4ba9-a018-aa1be977e5fd""}",2026-02-15T09:40:37.265923976Z
             ^^^^^^^^^^^^^^^^^^^^^^^^,"{""level"":""error""}","{""project"":""70a52d41-885a-4854-b650-392635199b54"",""environment"":""67be7a60-8b6c-4987-8690-dbef25befe73"",""service"":""0f0f8a2f-9703-4f78-a3ed-8fcc57a55f5a"",""deployment"":""7bae97c9-ccbe-49fe-a672-c3ea4a2a6d1e"",""replica"":""5a8db334-f6d0-4ba9-a018-aa1be977e5fd""}",2026-02-15T09:40:37.265927686Z
"  File ""/usr/local/lib/python3.11/site-packages/django/utils/asyncio.py"", line 26, in inner","{""level"":""error""}","{""project"":""70a52d41-885a-4854-b650-392635199b54"",""environment"":""67be7a60-8b6c-4987-8690-dbef25befe73"",""service"":""0f0f8a2f-9703-4f78-a3ed-8fcc57a55f5a"",""deployment"":""7bae97c9-ccbe-49fe-a672-c3ea4a2a6d1e"",""replica"":""5a8db334-f6d0-4ba9-a018-aa1be977e5fd""}",2026-02-15T09:40:37.265931556Z
    self.ensure_connection(),"{""level"":""error""}","{""project"":""70a52d41-885a-4854-b650-392635199b54"",""environment"":""67be7a60-8b6c-4987-8690-dbef25befe73"",""service"":""0f0f8a2f-9703-4f78-a3ed-8fcc57a55f5a"",""deployment"":""7bae97c9-ccbe-49fe-a672-c3ea4a2a6d1e"",""replica"":""5a8db334-f6d0-4ba9-a018-aa1be977e5fd""}",2026-02-15T09:40:37.266517776Z
"  File ""/usr/local/lib/python3.11/site-packages/django/utils/asyncio.py"", line 26, in inner","{""level"":""error""}","{""project"":""70a52d41-885a-4854-b650-392635199b54"",""environment"":""67be7a60-8b6c-4987-8690-dbef25befe73"",""service"":""0f0f8a2f-9703-4f78-a3ed-8fcc57a55f5a"",""deployment"":""7bae97c9-ccbe-49fe-a672-c3ea4a2a6d1e"",""replica"":""5a8db334-f6d0-4ba9-a018-aa1be977e5fd""}",2026-02-15T09:40:37.266527576Z
"    return func(*args, **kwargs)","{""level"":""error""}","{""project"":""70a52d41-885a-4854-b650-392635199b54"",""environment"":""67be7a60-8b6c-4987-8690-dbef25befe73"",""service"":""0f0f8a2f-9703-4f78-a3ed-8fcc57a55f5a"",""deployment"":""7bae97c9-ccbe-49fe-a672-c3ea4a2a6d1e"",""replica"":""5a8db334-f6d0-4ba9-a018-aa1be977e5fd""}",2026-02-15T09:40:37.266535186Z
           ^^^^^^^^^^^^^^^^^^^^^,"{""level"":""error""}","{""project"":""70a52d41-885a-4854-b650-392635199b54"",""environment"":""67be7a60-8b6c-4987-8690-dbef25befe73"",""service"":""0f0f8a2f-9703-4f78-a3ed-8fcc57a55f5a"",""deployment"":""7bae97c9-ccbe-49fe-a672-c3ea4a2a6d1e"",""replica"":""5a8db334-f6d0-4ba9-a018-aa1be977e5fd""}",2026-02-15T09:40:37.266542486Z
"  File ""/usr/local/lib/python3.11/site-packages/django/db/backends/base/base.py"", line 278, in ensure_connection","{""level"":""error""}","{""project"":""70a52d41-885a-4854-b650-392635199b54"",""environment"":""67be7a60-8b6c-4987-8690-dbef25befe73"",""service"":""0f0f8a2f-9703-4f78-a3ed-8fcc57a55f5a"",""deployment"":""7bae97c9-ccbe-49fe-a672-c3ea4a2a6d1e"",""replica"":""5a8db334-f6d0-4ba9-a018-aa1be977e5fd""}",2026-02-15T09:40:37.266547936Z
    with self.wrap_database_errors:,"{""level"":""error""}","{""project"":""70a52d41-885a-4854-b650-392635199b54"",""environment"":""67be7a60-8b6c-4987-8690-dbef25befe73"",""service"":""0f0f8a2f-9703-4f78-a3ed-8fcc57a55f5a"",""deployment"":""7bae97c9-ccbe-49fe-a672-c3ea4a2a6d1e"",""replica"":""5a8db334-f6d0-4ba9-a018-aa1be977e5fd""}",2026-02-15T09:40:37.266560136Z
"  File ""/usr/local/lib/python3.11/site-packages/django/db/utils.py"", line 91, in __exit__","{""level"":""error""}","{""project"":""70a52d41-885a-4854-b650-392635199b54"",""environment"":""67be7a60-8b6c-4987-8690-dbef25befe73"",""service"":""0f0f8a2f-9703-4f78-a3ed-8fcc57a55f5a"",""deployment"":""7bae97c9-ccbe-49fe-a672-c3ea4a2a6d1e"",""replica"":""5a8db334-f6d0-4ba9-a018-aa1be977e5fd""}",2026-02-15T09:40:37.266570056Z
    raise dj_exc_value.with_traceback(traceback) from exc_value,"{""level"":""error""}","{""project"":""70a52d41-885a-4854-b650-392635199b54"",""environment"":""67be7a60-8b6c-4987-8690-dbef25befe73"",""service"":""0f0f8a2f-9703-4f78-a3ed-8fcc57a55f5a"",""deployment"":""7bae97c9-ccbe-49fe-a672-c3ea4a2a6d1e"",""replica"":""5a8db334-f6d0-4ba9-a018-aa1be977e5fd""}",2026-02-15T09:40:37.266576016Z
"  File ""/usr/local/lib/python3.11/site-packages/django/db/backends/base/base.py"", line 279, in ensure_connection","{""level"":""error""}","{""project"":""70a52d41-885a-4854-b650-392635199b54"",""environment"":""67be7a60-8b6c-4987-8690-dbef25befe73"",""service"":""0f0f8a2f-9703-4f78-a3ed-8fcc57a55f5a"",""deployment"":""7bae97c9-ccbe-49fe-a672-c3ea4a2a6d1e"",""replica"":""5a8db334-f6d0-4ba9-a018-aa1be977e5fd""}",2026-02-15T09:40:37.266581756Z
    self.connect(),"{""level"":""error""}","{""project"":""70a52d41-885a-4854-b650-392635199b54"",""environment"":""67be7a60-8b6c-4987-8690-dbef25befe73"",""service"":""0f0f8a2f-9703-4f78-a3ed-8fcc57a55f5a"",""deployment"":""7bae97c9-ccbe-49fe-a672-c3ea4a2a6d1e"",""replica"":""5a8db334-f6d0-4ba9-a018-aa1be977e5fd""}",2026-02-15T09:40:37.266587746Z
"  File ""/usr/local/lib/python3.11/site-packages/django/utils/asyncio.py"", line 26, in inner","{""level"":""error""}","{""project"":""70a52d41-885a-4854-b650-392635199b54"",""environment"":""67be7a60-8b6c-4987-8690-dbef25befe73"",""service"":""0f0f8a2f-9703-4f78-a3ed-8fcc57a55f5a"",""deployment"":""7bae97c9-ccbe-49fe-a672-c3ea4a2a6d1e"",""replica"":""5a8db334-f6d0-4ba9-a018-aa1be977e5fd""}",2026-02-15T09:40:37.266593816Z
"    return func(*args, **kwargs)","{""level"":""error""}","{""project"":""70a52d41-885a-4854-b650-392635199b54"",""environment"":""67be7a60-8b6c-4987-8690-dbef25befe73"",""service"":""0f0f8a2f-9703-4f78-a3ed-8fcc57a55f5a"",""deployment"":""7bae97c9-ccbe-49fe-a672-c3ea4a2a6d1e"",""replica"":""5a8db334-f6d0-4ba9-a018-aa1be977e5fd""}",2026-02-15T09:40:37.266599266Z
           ^^^^^^^^^^^^^^^^^^^^^,"{""level"":""error""}","{""project"":""70a52d41-885a-4854-b650-392635199b54"",""environment"":""67be7a60-8b6c-4987-8690-dbef25befe73"",""service"":""0f0f8a2f-9703-4f78-a3ed-8fcc57a55f5a"",""deployment"":""7bae97c9-ccbe-49fe-a672-c3ea4a2a6d1e"",""replica"":""5a8db334-f6d0-4ba9-a018-aa1be977e5fd""}",2026-02-15T09:40:37.266603006Z
"  File ""/usr/local/lib/python3.11/site-packages/django/db/backends/base/base.py"", line 256, in connect","{""level"":""error""}","{""project"":""70a52d41-885a-4854-b650-392635199b54"",""environment"":""67be7a60-8b6c-4987-8690-dbef25befe73"",""service"":""0f0f8a2f-9703-4f78-a3ed-8fcc57a55f5a"",""deployment"":""7bae97c9-ccbe-49fe-a672-c3ea4a2a6d1e"",""replica"":""5a8db334-f6d0-4ba9-a018-aa1be977e5fd""}",2026-02-15T09:40:37.266608856Z
    self.connection = self.get_new_connection(conn_params),"{""level"":""error""}","{""project"":""70a52d41-885a-4854-b650-392635199b54"",""environment"":""67be7a60-8b6c-4987-8690-dbef25befe73"",""service"":""0f0f8a2f-9703-4f78-a3ed-8fcc57a55f5a"",""deployment"":""7bae97c9-ccbe-49fe-a672-c3ea4a2a6d1e"",""replica"":""5a8db334-f6d0-4ba9-a018-aa1be977e5fd""}",2026-02-15T09:40:37.266612926Z
                      ^^^^^^^^^^^^^^^^^^^^^^^^^^^^^^^^^^^^,"{""level"":""error""}","{""project"":""70a52d41-885a-4854-b650-392635199b54"",""environment"":""67be7a60-8b6c-4987-8690-dbef25befe73"",""service"":""0f0f8a2f-9703-4f78-a3ed-8fcc57a55f5a"",""deployment"":""7bae97c9-ccbe-49fe-a672-c3ea4a2a6d1e"",""replica"":""5a8db334-f6d0-4ba9-a018-aa1be977e5fd""}",2026-02-15T09:40:37.266617406Z
"  File ""/usr/local/lib/python3.11/site-packages/django/utils/asyncio.py"", line 26, in inner","{""level"":""error""}","{""project"":""70a52d41-885a-4854-b650-392635199b54"",""environment"":""67be7a60-8b6c-4987-8690-dbef25befe73"",""service"":""0f0f8a2f-9703-4f78-a3ed-8fcc57a55f5a"",""deployment"":""7bae97c9-ccbe-49fe-a672-c3ea4a2a6d1e"",""replica"":""5a8db334-f6d0-4ba9-a018-aa1be977e5fd""}",2026-02-15T09:40:37.266621686Z
"    return func(*args, **kwargs)","{""level"":""error""}","{""project"":""70a52d41-885a-4854-b650-392635199b54"",""environment"":""67be7a60-8b6c-4987-8690-dbef25befe73"",""service"":""0f0f8a2f-9703-4f78-a3ed-8fcc57a55f5a"",""deployment"":""7bae97c9-ccbe-49fe-a672-c3ea4a2a6d1e"",""replica"":""5a8db334-f6d0-4ba9-a018-aa1be977e5fd""}",2026-02-15T09:40:37.266627176Z
           ^^^^^^^^^^^^^^^^^^^^^,"{""level"":""error""}","{""project"":""70a52d41-885a-4854-b650-392635199b54"",""environment"":""67be7a60-8b6c-4987-8690-dbef25befe73"",""service"":""0f0f8a2f-9703-4f78-a3ed-8fcc57a55f5a"",""deployment"":""7bae97c9-ccbe-49fe-a672-c3ea4a2a6d1e"",""replica"":""5a8db334-f6d0-4ba9-a018-aa1be977e5fd""}",2026-02-15T09:40:37.266631996Z
"  File ""/usr/local/lib/python3.11/site-packages/django/db/backends/postgresql/base.py"", line 332, in get_new_connection","{""level"":""error""}","{""project"":""70a52d41-885a-4854-b650-392635199b54"",""environment"":""67be7a60-8b6c-4987-8690-dbef25befe73"",""service"":""0f0f8a2f-9703-4f78-a3ed-8fcc57a55f5a"",""deployment"":""7bae97c9-ccbe-49fe-a672-c3ea4a2a6d1e"",""replica"":""5a8db334-f6d0-4ba9-a018-aa1be977e5fd""}",2026-02-15T09:40:37.266635856Z
    connection = self.Database.connect(**conn_params),"{""level"":""error""}","{""project"":""70a52d41-885a-4854-b650-392635199b54"",""environment"":""67be7a60-8b6c-4987-8690-dbef25befe73"",""service"":""0f0f8a2f-9703-4f78-a3ed-8fcc57a55f5a"",""deployment"":""7bae97c9-ccbe-49fe-a672-c3ea4a2a6d1e"",""replica"":""5a8db334-f6d0-4ba9-a018-aa1be977e5fd""}",2026-02-15T09:40:37.266973276Z
                 ^^^^^^^^^^^^^^^^^^^^^^^^^^^^^^^^^^^^,"{""level"":""error""}","{""project"":""70a52d41-885a-4854-b650-392635199b54"",""environment"":""67be7a60-8b6c-4987-8690-dbef25befe73"",""service"":""0f0f8a2f-9703-4f78-a3ed-8fcc57a55f5a"",""deployment"":""7bae97c9-ccbe-49fe-a672-c3ea4a2a6d1e"",""replica"":""5a8db334-f6d0-4ba9-a018-aa1be977e5fd""}",2026-02-15T09:40:37.266981446Z
"  File ""/usr/local/lib/python3.11/site-packages/psycopg2/__init__.py"", line 122, in connect","{""level"":""error""}","{""project"":""70a52d41-885a-4854-b650-392635199b54"",""environment"":""67be7a60-8b6c-4987-8690-dbef25befe73"",""service"":""0f0f8a2f-9703-4f78-a3ed-8fcc57a55f5a"",""deployment"":""7bae97c9-ccbe-49fe-a672-c3ea4a2a6d1e"",""replica"":""5a8db334-f6d0-4ba9-a018-aa1be977e5fd""}",2026-02-15T09:40:37.266987636Z
"    conn = _connect(dsn, connection_factory=connection_factory, **kwasync)","{""level"":""error""}","{""project"":""70a52d41-885a-4854-b650-392635199b54"",""environment"":""67be7a60-8b6c-4987-8690-dbef25befe73"",""service"":""0f0f8a2f-9703-4f78-a3ed-8fcc57a55f5a"",""deployment"":""7bae97c9-ccbe-49fe-a672-c3ea4a2a6d1e"",""replica"":""5a8db334-f6d0-4ba9-a018-aa1be977e5fd""}",2026-02-15T09:40:37.266993426Z
           ^^^^^^^^^^^^^^^^^^^^^^^^^^^^^^^^^^^^^^^^^^^^^^^^^^^^^^^^^^^^^^^,"{""level"":""error""}","{""project"":""70a52d41-885a-4854-b650-392635199b54"",""environment"":""67be7a60-8b6c-4987-8690-dbef25befe73"",""service"":""0f0f8a2f-9703-4f78-a3ed-8fcc57a55f5a"",""deployment"":""7bae97c9-ccbe-49fe-a672-c3ea4a2a6d1e"",""replica"":""5a8db334-f6d0-4ba9-a018-aa1be977e5fd""}",2026-02-15T09:40:37.267000556Z
"django.db.utils.OperationalError: connection to server at ""15.164.188.235"", port 5432 failed: FATAL:  MaxClientsInSessionMode: max clients reached - in Session mode max clients are limited to pool_size","{""level"":""error""}","{""project"":""70a52d41-885a-4854-b650-392635199b54"",""environment"":""67be7a60-8b6c-4987-8690-dbef25befe73"",""service"":""0f0f8a2f-9703-4f78-a3ed-8fcc57a55f5a"",""deployment"":""7bae97c9-ccbe-49fe-a672-c3ea4a2a6d1e"",""replica"":""5a8db334-f6d0-4ba9-a018-aa1be977e5fd""}",2026-02-15T09:40:37.267007026Z
,"{""level"":""error""}","{""project"":""70a52d41-885a-4854-b650-392635199b54"",""environment"":""67be7a60-8b6c-4987-8690-dbef25befe73"",""service"":""0f0f8a2f-9703-4f78-a3ed-8fcc57a55f5a"",""deployment"":""7bae97c9-ccbe-49fe-a672-c3ea4a2a6d1e"",""replica"":""5a8db334-f6d0-4ba9-a018-aa1be977e5fd""}",2026-02-15T09:40:37.267012636Z
Internal Server Error: /api/community/rooms/,"{""level"":""error""}","{""project"":""70a52d41-885a-4854-b650-392635199b54"",""environment"":""67be7a60-8b6c-4987-8690-dbef25befe73"",""service"":""0f0f8a2f-9703-4f78-a3ed-8fcc57a55f5a"",""deployment"":""7bae97c9-ccbe-49fe-a672-c3ea4a2a6d1e"",""replica"":""5a8db334-f6d0-4ba9-a018-aa1be977e5fd""}",2026-02-15T09:40:37.267018556Z
Traceback (most recent call last):,"{""level"":""error""}","{""project"":""70a52d41-885a-4854-b650-392635199b54"",""environment"":""67be7a60-8b6c-4987-8690-dbef25befe73"",""service"":""0f0f8a2f-9703-4f78-a3ed-8fcc57a55f5a"",""deployment"":""7bae97c9-ccbe-49fe-a672-c3ea4a2a6d1e"",""replica"":""5a8db334-f6d0-4ba9-a018-aa1be977e5fd""}",2026-02-15T09:40:37.267024476Z
"  File ""/usr/local/lib/python3.11/site-packages/django/db/backends/base/base.py"", line 279, in ensure_connection","{""level"":""error""}","{""project"":""70a52d41-885a-4854-b650-392635199b54"",""environment"":""67be7a60-8b6c-4987-8690-dbef25befe73"",""service"":""0f0f8a2f-9703-4f78-a3ed-8fcc57a55f5a"",""deployment"":""7bae97c9-ccbe-49fe-a672-c3ea4a2a6d1e"",""replica"":""5a8db334-f6d0-4ba9-a018-aa1be977e5fd""}",2026-02-15T09:40:37.267029966Z
    self.connect(),"{""level"":""error""}","{""project"":""70a52d41-885a-4854-b650-392635199b54"",""environment"":""67be7a60-8b6c-4987-8690-dbef25befe73"",""service"":""0f0f8a2f-9703-4f78-a3ed-8fcc57a55f5a"",""deployment"":""7bae97c9-ccbe-49fe-a672-c3ea4a2a6d1e"",""replica"":""5a8db334-f6d0-4ba9-a018-aa1be977e5fd""}",2026-02-15T09:40:37.267036116Z
"  File ""/usr/local/lib/python3.11/site-packages/django/utils/asyncio.py"", line 26, in inner","{""level"":""error""}","{""project"":""70a52d41-885a-4854-b650-392635199b54"",""environment"":""67be7a60-8b6c-4987-8690-dbef25befe73"",""service"":""0f0f8a2f-9703-4f78-a3ed-8fcc57a55f5a"",""deployment"":""7bae97c9-ccbe-49fe-a672-c3ea4a2a6d1e"",""replica"":""5a8db334-f6d0-4ba9-a018-aa1be977e5fd""}",2026-02-15T09:40:37.267042266Z
"    return func(*args, **kwargs)","{""level"":""error""}","{""project"":""70a52d41-885a-4854-b650-392635199b54"",""environment"":""67be7a60-8b6c-4987-8690-dbef25befe73"",""service"":""0f0f8a2f-9703-4f78-a3ed-8fcc57a55f5a"",""deployment"":""7bae97c9-ccbe-49fe-a672-c3ea4a2a6d1e"",""replica"":""5a8db334-f6d0-4ba9-a018-aa1be977e5fd""}",2026-02-15T09:40:37.267048696Z
           ^^^^^^^^^^^^^^^^^^^^^,"{""level"":""error""}","{""project"":""70a52d41-885a-4854-b650-392635199b54"",""environment"":""67be7a60-8b6c-4987-8690-dbef25befe73"",""service"":""0f0f8a2f-9703-4f78-a3ed-8fcc57a55f5a"",""deployment"":""7bae97c9-ccbe-49fe-a672-c3ea4a2a6d1e"",""replica"":""5a8db334-f6d0-4ba9-a018-aa1be977e5fd""}",2026-02-15T09:40:37.267055286Z
"  File ""/usr/local/lib/python3.11/site-packages/django/db/backends/base/base.py"", line 256, in connect","{""level"":""error""}","{""project"":""70a52d41-885a-4854-b650-392635199b54"",""environment"":""67be7a60-8b6c-4987-8690-dbef25befe73"",""service"":""0f0f8a2f-9703-4f78-a3ed-8fcc57a55f5a"",""deployment"":""7bae97c9-ccbe-49fe-a672-c3ea4a2a6d1e"",""replica"":""5a8db334-f6d0-4ba9-a018-aa1be977e5fd""}",2026-02-15T09:40:37.267061346Z
    self.connection = self.get_new_connection(conn_params),"{""level"":""error""}","{""project"":""70a52d41-885a-4854-b650-392635199b54"",""environment"":""67be7a60-8b6c-4987-8690-dbef25befe73"",""service"":""0f0f8a2f-9703-4f78-a3ed-8fcc57a55f5a"",""deployment"":""7bae97c9-ccbe-49fe-a672-c3ea4a2a6d1e"",""replica"":""5a8db334-f6d0-4ba9-a018-aa1be977e5fd""}",2026-02-15T09:40:37.267070316Z
                      ^^^^^^^^^^^^^^^^^^^^^^^^^^^^^^^^^^^^,"{""level"":""error""}","{""project"":""70a52d41-885a-4854-b650-392635199b54"",""environment"":""67be7a60-8b6c-4987-8690-dbef25befe73"",""service"":""0f0f8a2f-9703-4f78-a3ed-8fcc57a55f5a"",""deployment"":""7bae97c9-ccbe-49fe-a672-c3ea4a2a6d1e"",""replica"":""5a8db334-f6d0-4ba9-a018-aa1be977e5fd""}",2026-02-15T09:40:37.267076536Z
"  File ""/usr/local/lib/python3.11/site-packages/django/utils/asyncio.py"", line 26, in inner","{""level"":""error""}","{""project"":""70a52d41-885a-4854-b650-392635199b54"",""environment"":""67be7a60-8b6c-4987-8690-dbef25befe73"",""service"":""0f0f8a2f-9703-4f78-a3ed-8fcc57a55f5a"",""deployment"":""7bae97c9-ccbe-49fe-a672-c3ea4a2a6d1e"",""replica"":""5a8db334-f6d0-4ba9-a018-aa1be977e5fd""}",2026-02-15T09:40:37.267082866Z
"    return func(*args, **kwargs)","{""level"":""error""}","{""project"":""70a52d41-885a-4854-b650-392635199b54"",""environment"":""67be7a60-8b6c-4987-8690-dbef25befe73"",""service"":""0f0f8a2f-9703-4f78-a3ed-8fcc57a55f5a"",""deployment"":""7bae97c9-ccbe-49fe-a672-c3ea4a2a6d1e"",""replica"":""5a8db334-f6d0-4ba9-a018-aa1be977e5fd""}",2026-02-15T09:40:37.267507686Z
           ^^^^^^^^^^^^^^^^^^^^^,"{""level"":""error""}","{""project"":""70a52d41-885a-4854-b650-392635199b54"",""environment"":""67be7a60-8b6c-4987-8690-dbef25befe73"",""service"":""0f0f8a2f-9703-4f78-a3ed-8fcc57a55f5a"",""deployment"":""7bae97c9-ccbe-49fe-a672-c3ea4a2a6d1e"",""replica"":""5a8db334-f6d0-4ba9-a018-aa1be977e5fd""}",2026-02-15T09:40:37.267517846Z
"  File ""/usr/local/lib/python3.11/site-packages/django/db/backends/postgresql/base.py"", line 332, in get_new_connection","{""level"":""error""}","{""project"":""70a52d41-885a-4854-b650-392635199b54"",""environment"":""67be7a60-8b6c-4987-8690-dbef25befe73"",""service"":""0f0f8a2f-9703-4f78-a3ed-8fcc57a55f5a"",""deployment"":""7bae97c9-ccbe-49fe-a672-c3ea4a2a6d1e"",""replica"":""5a8db334-f6d0-4ba9-a018-aa1be977e5fd""}",2026-02-15T09:40:37.267524396Z
    connection = self.Database.connect(**conn_params),"{""level"":""error""}","{""project"":""70a52d41-885a-4854-b650-392635199b54"",""environment"":""67be7a60-8b6c-4987-8690-dbef25befe73"",""service"":""0f0f8a2f-9703-4f78-a3ed-8fcc57a55f5a"",""deployment"":""7bae97c9-ccbe-49fe-a672-c3ea4a2a6d1e"",""replica"":""5a8db334-f6d0-4ba9-a018-aa1be977e5fd""}",2026-02-15T09:40:37.267529876Z
                 ^^^^^^^^^^^^^^^^^^^^^^^^^^^^^^^^^^^^,"{""level"":""error""}","{""project"":""70a52d41-885a-4854-b650-392635199b54"",""environment"":""67be7a60-8b6c-4987-8690-dbef25befe73"",""service"":""0f0f8a2f-9703-4f78-a3ed-8fcc57a55f5a"",""deployment"":""7bae97c9-ccbe-49fe-a672-c3ea4a2a6d1e"",""replica"":""5a8db334-f6d0-4ba9-a018-aa1be977e5fd""}",2026-02-15T09:40:37.267535486Z
"  File ""/usr/local/lib/python3.11/site-packages/psycopg2/__init__.py"", line 122, in connect","{""level"":""error""}","{""project"":""70a52d41-885a-4854-b650-392635199b54"",""environment"":""67be7a60-8b6c-4987-8690-dbef25befe73"",""service"":""0f0f8a2f-9703-4f78-a3ed-8fcc57a55f5a"",""deployment"":""7bae97c9-ccbe-49fe-a672-c3ea4a2a6d1e"",""replica"":""5a8db334-f6d0-4ba9-a018-aa1be977e5fd""}",2026-02-15T09:40:37.267542316Z
"    conn = _connect(dsn, connection_factory=connection_factory, **kwasync)","{""level"":""error""}","{""project"":""70a52d41-885a-4854-b650-392635199b54"",""environment"":""67be7a60-8b6c-4987-8690-dbef25befe73"",""service"":""0f0f8a2f-9703-4f78-a3ed-8fcc57a55f5a"",""deployment"":""7bae97c9-ccbe-49fe-a672-c3ea4a2a6d1e"",""replica"":""5a8db334-f6d0-4ba9-a018-aa1be977e5fd""}",2026-02-15T09:40:37.267547616Z
           ^^^^^^^^^^^^^^^^^^^^^^^^^^^^^^^^^^^^^^^^^^^^^^^^^^^^^^^^^^^^^^^,"{""level"":""error""}","{""project"":""70a52d41-885a-4854-b650-392635199b54"",""environment"":""67be7a60-8b6c-4987-8690-dbef25befe73"",""service"":""0f0f8a2f-9703-4f78-a3ed-8fcc57a55f5a"",""deployment"":""7bae97c9-ccbe-49fe-a672-c3ea4a2a6d1e"",""replica"":""5a8db334-f6d0-4ba9-a018-aa1be977e5fd""}",2026-02-15T09:40:37.267554056Z
"psycopg2.OperationalError: connection to server at ""15.164.188.235"", port 5432 failed: FATAL:  MaxClientsInSessionMode: max clients reached - in Session mode max clients are limited to pool_size","{""level"":""error""}","{""project"":""70a52d41-885a-4854-b650-392635199b54"",""environment"":""67be7a60-8b6c-4987-8690-dbef25befe73"",""service"":""0f0f8a2f-9703-4f78-a3ed-8fcc57a55f5a"",""deployment"":""7bae97c9-ccbe-49fe-a672-c3ea4a2a6d1e"",""replica"":""5a8db334-f6d0-4ba9-a018-aa1be977e5fd""}",2026-02-15T09:40:37.267559766Z
,"{""level"":""error""}","{""project"":""70a52d41-885a-4854-b650-392635199b54"",""environment"":""67be7a60-8b6c-4987-8690-dbef25befe73"",""service"":""0f0f8a2f-9703-4f78-a3ed-8fcc57a55f5a"",""deployment"":""7bae97c9-ccbe-49fe-a672-c3ea4a2a6d1e"",""replica"":""5a8db334-f6d0-4ba9-a018-aa1be977e5fd""}",2026-02-15T09:40:37.267566026Z
,"{""level"":""error""}","{""project"":""70a52d41-885a-4854-b650-392635199b54"",""environment"":""67be7a60-8b6c-4987-8690-dbef25befe73"",""service"":""0f0f8a2f-9703-4f78-a3ed-8fcc57a55f5a"",""deployment"":""7bae97c9-ccbe-49fe-a672-c3ea4a2a6d1e"",""replica"":""5a8db334-f6d0-4ba9-a018-aa1be977e5fd""}",2026-02-15T09:40:37.267572316Z
The above exception was the direct cause of the following exception:,"{""level"":""error""}","{""project"":""70a52d41-885a-4854-b650-392635199b54"",""environment"":""67be7a60-8b6c-4987-8690-dbef25befe73"",""service"":""0f0f8a2f-9703-4f78-a3ed-8fcc57a55f5a"",""deployment"":""7bae97c9-ccbe-49fe-a672-c3ea4a2a6d1e"",""replica"":""5a8db334-f6d0-4ba9-a018-aa1be977e5fd""}",2026-02-15T09:40:37.267578266Z
,"{""level"":""error""}","{""project"":""70a52d41-885a-4854-b650-392635199b54"",""environment"":""67be7a60-8b6c-4987-8690-dbef25befe73"",""service"":""0f0f8a2f-9703-4f78-a3ed-8fcc57a55f5a"",""deployment"":""7bae97c9-ccbe-49fe-a672-c3ea4a2a6d1e"",""replica"":""5a8db334-f6d0-4ba9-a018-aa1be977e5fd""}",2026-02-15T09:40:37.267584436Z
Traceback (most recent call last):,"{""level"":""error""}","{""project"":""70a52d41-885a-4854-b650-392635199b54"",""environment"":""67be7a60-8b6c-4987-8690-dbef25befe73"",""service"":""0f0f8a2f-9703-4f78-a3ed-8fcc57a55f5a"",""deployment"":""7bae97c9-ccbe-49fe-a672-c3ea4a2a6d1e"",""replica"":""5a8db334-f6d0-4ba9-a018-aa1be977e5fd""}",2026-02-15T09:40:37.267590796Z
"  File ""/usr/local/lib/python3.11/site-packages/asgiref/sync.py"", line 557, in thread_handler","{""level"":""error""}","{""project"":""70a52d41-885a-4854-b650-392635199b54"",""environment"":""67be7a60-8b6c-4987-8690-dbef25befe73"",""service"":""0f0f8a2f-9703-4f78-a3ed-8fcc57a55f5a"",""deployment"":""7bae97c9-ccbe-49fe-a672-c3ea4a2a6d1e"",""replica"":""5a8db334-f6d0-4ba9-a018-aa1be977e5fd""}",2026-02-15T09:40:37.267598076Z
    raise exc_info[1],"{""level"":""error""}","{""project"":""70a52d41-885a-4854-b650-392635199b54"",""environment"":""67be7a60-8b6c-4987-8690-dbef25befe73"",""service"":""0f0f8a2f-9703-4f78-a3ed-8fcc57a55f5a"",""deployment"":""7bae97c9-ccbe-49fe-a672-c3ea4a2a6d1e"",""replica"":""5a8db334-f6d0-4ba9-a018-aa1be977e5fd""}",2026-02-15T09:40:37.267604066Z
"  File ""/usr/local/lib/python3.11/site-packages/django/core/handlers/exception.py"", line 42, in inner","{""level"":""error""}","{""project"":""70a52d41-885a-4854-b650-392635199b54"",""environment"":""67be7a60-8b6c-4987-8690-dbef25befe73"",""service"":""0f0f8a2f-9703-4f78-a3ed-8fcc57a55f5a"",""deployment"":""7bae97c9-ccbe-49fe-a672-c3ea4a2a6d1e"",""replica"":""5a8db334-f6d0-4ba9-a018-aa1be977e5fd""}",2026-02-15T09:40:37.267610166Z
    response = await get_response(request),"{""level"":""error""}","{""project"":""70a52d41-885a-4854-b650-392635199b54"",""environment"":""67be7a60-8b6c-4987-8690-dbef25befe73"",""service"":""0f0f8a2f-9703-4f78-a3ed-8fcc57a55f5a"",""deployment"":""7bae97c9-ccbe-49fe-a672-c3ea4a2a6d1e"",""replica"":""5a8db334-f6d0-4ba9-a018-aa1be977e5fd""}",2026-02-15T09:40:37.267616446Z
               ^^^^^^^^^^^^^^^^^^^^^^^^^^^,"{""level"":""error""}","{""project"":""70a52d41-885a-4854-b650-392635199b54"",""environment"":""67be7a60-8b6c-4987-8690-dbef25befe73"",""service"":""0f0f8a2f-9703-4f78-a3ed-8fcc57a55f5a"",""deployment"":""7bae97c9-ccbe-49fe-a672-c3ea4a2a6d1e"",""replica"":""5a8db334-f6d0-4ba9-a018-aa1be977e5fd""}",2026-02-15T09:40:37.267622896Z
"  File ""/usr/local/lib/python3.11/site-packages/asgiref/sync.py"", line 557, in thread_handler","{""level"":""error""}","{""project"":""70a52d41-885a-4854-b650-392635199b54"",""environment"":""67be7a60-8b6c-4987-8690-dbef25befe73"",""service"":""0f0f8a2f-9703-4f78-a3ed-8fcc57a55f5a"",""deployment"":""7bae97c9-ccbe-49fe-a672-c3ea4a2a6d1e"",""replica"":""5a8db334-f6d0-4ba9-a018-aa1be977e5fd""}",2026-02-15T09:40:37.267629096Z
    raise exc_info[1],"{""level"":""error""}","{""project"":""70a52d41-885a-4854-b650-392635199b54"",""environment"":""67be7a60-8b6c-4987-8690-dbef25befe73"",""service"":""0f0f8a2f-9703-4f78-a3ed-8fcc57a55f5a"",""deployment"":""7bae97c9-ccbe-49fe-a672-c3ea4a2a6d1e"",""replica"":""5a8db334-f6d0-4ba9-a018-aa1be977e5fd""}",2026-02-15T09:40:37.268304506Z
"    return self.dispatch(request, *args, **kwargs)","{""level"":""error""}","{""project"":""70a52d41-885a-4854-b650-392635199b54"",""environment"":""67be7a60-8b6c-4987-8690-dbef25befe73"",""service"":""0f0f8a2f-9703-4f78-a3ed-8fcc57a55f5a"",""deployment"":""7bae97c9-ccbe-49fe-a672-c3ea4a2a6d1e"",""replica"":""5a8db334-f6d0-4ba9-a018-aa1be977e5fd""}",2026-02-15T09:40:37.268311296Z
"  File ""/usr/local/lib/python3.11/site-packages/django/core/handlers/base.py"", line 253, in _get_response_async","{""level"":""error""}","{""project"":""70a52d41-885a-4854-b650-392635199b54"",""environment"":""67be7a60-8b6c-4987-8690-dbef25befe73"",""service"":""0f0f8a2f-9703-4f78-a3ed-8fcc57a55f5a"",""deployment"":""7bae97c9-ccbe-49fe-a672-c3ea4a2a6d1e"",""replica"":""5a8db334-f6d0-4ba9-a018-aa1be977e5fd""}",2026-02-15T09:40:37.268314156Z
           ^^^^^^^^^^^^^^^^^^^^^^^^^^^^^^^^^^^^^^^,"{""level"":""error""}","{""project"":""70a52d41-885a-4854-b650-392635199b54"",""environment"":""67be7a60-8b6c-4987-8690-dbef25befe73"",""service"":""0f0f8a2f-9703-4f78-a3ed-8fcc57a55f5a"",""deployment"":""7bae97c9-ccbe-49fe-a672-c3ea4a2a6d1e"",""replica"":""5a8db334-f6d0-4ba9-a018-aa1be977e5fd""}",2026-02-15T09:40:37.268319536Z
"    return view_func(request, *args, **kwargs)","{""level"":""error""}","{""project"":""70a52d41-885a-4854-b650-392635199b54"",""environment"":""67be7a60-8b6c-4987-8690-dbef25befe73"",""service"":""0f0f8a2f-9703-4f78-a3ed-8fcc57a55f5a"",""deployment"":""7bae97c9-ccbe-49fe-a672-c3ea4a2a6d1e"",""replica"":""5a8db334-f6d0-4ba9-a018-aa1be977e5fd""}",2026-02-15T09:40:37.268319636Z
    response = await wrapped_callback(,"{""level"":""error""}","{""project"":""70a52d41-885a-4854-b650-392635199b54"",""environment"":""67be7a60-8b6c-4987-8690-dbef25befe73"",""service"":""0f0f8a2f-9703-4f78-a3ed-8fcc57a55f5a"",""deployment"":""7bae97c9-ccbe-49fe-a672-c3ea4a2a6d1e"",""replica"":""5a8db334-f6d0-4ba9-a018-aa1be977e5fd""}",2026-02-15T09:40:37.268324296Z
"  File ""/usr/local/lib/python3.11/site-packages/rest_framework/views.py"", line 515, in dispatch","{""level"":""error""}","{""project"":""70a52d41-885a-4854-b650-392635199b54"",""environment"":""67be7a60-8b6c-4987-8690-dbef25befe73"",""service"":""0f0f8a2f-9703-4f78-a3ed-8fcc57a55f5a"",""deployment"":""7bae97c9-ccbe-49fe-a672-c3ea4a2a6d1e"",""replica"":""5a8db334-f6d0-4ba9-a018-aa1be977e5fd""}",2026-02-15T09:40:37.268327626Z
"  File ""/usr/local/lib/python3.11/site-packages/asgiref/sync.py"", line 561, in thread_handler","{""level"":""error""}","{""project"":""70a52d41-885a-4854-b650-392635199b54"",""environment"":""67be7a60-8b6c-4987-8690-dbef25befe73"",""service"":""0f0f8a2f-9703-4f78-a3ed-8fcc57a55f5a"",""deployment"":""7bae97c9-ccbe-49fe-a672-c3ea4a2a6d1e"",""replica"":""5a8db334-f6d0-4ba9-a018-aa1be977e5fd""}",2026-02-15T09:40:37.268332066Z
               ^^^^^^^^^^^^^^^^^^^^^^^,"{""level"":""error""}","{""project"":""70a52d41-885a-4854-b650-392635199b54"",""environment"":""67be7a60-8b6c-4987-8690-dbef25befe73"",""service"":""0f0f8a2f-9703-4f78-a3ed-8fcc57a55f5a"",""deployment"":""7bae97c9-ccbe-49fe-a672-c3ea4a2a6d1e"",""replica"":""5a8db334-f6d0-4ba9-a018-aa1be977e5fd""}",2026-02-15T09:40:37.268332596Z
          ^^^^^^^^^^^^^^^^^^^^^^^^^^^^^^^,"{""level"":""error""}","{""project"":""70a52d41-885a-4854-b650-392635199b54"",""environment"":""67be7a60-8b6c-4987-8690-dbef25befe73"",""service"":""0f0f8a2f-9703-4f78-a3ed-8fcc57a55f5a"",""deployment"":""7bae97c9-ccbe-49fe-a672-c3ea4a2a6d1e"",""replica"":""5a8db334-f6d0-4ba9-a018-aa1be977e5fd""}",2026-02-15T09:40:37.268335076Z
           ^^^^^^^^^^^^^^^^^^^^^^^^^^^^^^^^^^^,"{""level"":""error""}","{""project"":""70a52d41-885a-4854-b650-392635199b54"",""environment"":""67be7a60-8b6c-4987-8690-dbef25befe73"",""service"":""0f0f8a2f-9703-4f78-a3ed-8fcc57a55f5a"",""deployment"":""7bae97c9-ccbe-49fe-a672-c3ea4a2a6d1e"",""replica"":""5a8db334-f6d0-4ba9-a018-aa1be977e5fd""}",2026-02-15T09:40:37.268337876Z
"    return func(*args, **kwargs)","{""level"":""error""}","{""project"":""70a52d41-885a-4854-b650-392635199b54"",""environment"":""67be7a60-8b6c-4987-8690-dbef25befe73"",""service"":""0f0f8a2f-9703-4f78-a3ed-8fcc57a55f5a"",""deployment"":""7bae97c9-ccbe-49fe-a672-c3ea4a2a6d1e"",""replica"":""5a8db334-f6d0-4ba9-a018-aa1be977e5fd""}",2026-02-15T09:40:37.268339346Z
"  File ""/usr/local/lib/python3.11/site-packages/asgiref/sync.py"", line 506, in __call__","{""level"":""error""}","{""project"":""70a52d41-885a-4854-b650-392635199b54"",""environment"":""67be7a60-8b6c-4987-8690-dbef25befe73"",""service"":""0f0f8a2f-9703-4f78-a3ed-8fcc57a55f5a"",""deployment"":""7bae97c9-ccbe-49fe-a672-c3ea4a2a6d1e"",""replica"":""5a8db334-f6d0-4ba9-a018-aa1be977e5fd""}",2026-02-15T09:40:37.268341656Z
"  File ""/usr/local/lib/python3.11/site-packages/asgiref/current_thread_executor.py"", line 40, in run","{""level"":""error""}","{""project"":""70a52d41-885a-4854-b650-392635199b54"",""environment"":""67be7a60-8b6c-4987-8690-dbef25befe73"",""service"":""0f0f8a2f-9703-4f78-a3ed-8fcc57a55f5a"",""deployment"":""7bae97c9-ccbe-49fe-a672-c3ea4a2a6d1e"",""replica"":""5a8db334-f6d0-4ba9-a018-aa1be977e5fd""}",2026-02-15T09:40:37.268343666Z
"  File ""/usr/local/lib/python3.11/site-packages/rest_framework/viewsets.py"", line 125, in view","{""level"":""error""}","{""project"":""70a52d41-885a-4854-b650-392635199b54"",""environment"":""67be7a60-8b6c-4987-8690-dbef25befe73"",""service"":""0f0f8a2f-9703-4f78-a3ed-8fcc57a55f5a"",""deployment"":""7bae97c9-ccbe-49fe-a672-c3ea4a2a6d1e"",""replica"":""5a8db334-f6d0-4ba9-a018-aa1be977e5fd""}",2026-02-15T09:40:37.268344856Z
           ^^^^^^^^^^^^^^^^^^^^^,"{""level"":""error""}","{""project"":""70a52d41-885a-4854-b650-392635199b54"",""environment"":""67be7a60-8b6c-4987-8690-dbef25befe73"",""service"":""0f0f8a2f-9703-4f78-a3ed-8fcc57a55f5a"",""deployment"":""7bae97c9-ccbe-49fe-a672-c3ea4a2a6d1e"",""replica"":""5a8db334-f6d0-4ba9-a018-aa1be977e5fd""}",2026-02-15T09:40:37.268346726Z
"    result = self.fn(*self.args, **self.kwargs)","{""level"":""error""}","{""project"":""70a52d41-885a-4854-b650-392635199b54"",""environment"":""67be7a60-8b6c-4987-8690-dbef25befe73"",""service"":""0f0f8a2f-9703-4f78-a3ed-8fcc57a55f5a"",""deployment"":""7bae97c9-ccbe-49fe-a672-c3ea4a2a6d1e"",""replica"":""5a8db334-f6d0-4ba9-a018-aa1be977e5fd""}",2026-02-15T09:40:37.268349476Z
    ret = await asyncio.shield(exec_coro),"{""level"":""error""}","{""project"":""70a52d41-885a-4854-b650-392635199b54"",""environment"":""67be7a60-8b6c-4987-8690-dbef25befe73"",""service"":""0f0f8a2f-9703-4f78-a3ed-8fcc57a55f5a"",""deployment"":""7bae97c9-ccbe-49fe-a672-c3ea4a2a6d1e"",""replica"":""5a8db334-f6d0-4ba9-a018-aa1be977e5fd""}",2026-02-15T09:40:37.268350136Z
             ^^^^^^^^^^^^^^^^^^^^^^^^^^^^^^^^^^,"{""level"":""error""}","{""project"":""70a52d41-885a-4854-b650-392635199b54"",""environment"":""67be7a60-8b6c-4987-8690-dbef25befe73"",""service"":""0f0f8a2f-9703-4f78-a3ed-8fcc57a55f5a"",""deployment"":""7bae97c9-ccbe-49fe-a672-c3ea4a2a6d1e"",""replica"":""5a8db334-f6d0-4ba9-a018-aa1be977e5fd""}",2026-02-15T09:40:37.268354226Z
    response = self.handle_exception(exc),"{""level"":""error""}","{""project"":""70a52d41-885a-4854-b650-392635199b54"",""environment"":""67be7a60-8b6c-4987-8690-dbef25befe73"",""service"":""0f0f8a2f-9703-4f78-a3ed-8fcc57a55f5a"",""deployment"":""7bae97c9-ccbe-49fe-a672-c3ea4a2a6d1e"",""replica"":""5a8db334-f6d0-4ba9-a018-aa1be977e5fd""}",2026-02-15T09:40:37.268797026Z
               ^^^^^^^^^^^^^^^^^^^^^^^^^^,"{""level"":""error""}","{""project"":""70a52d41-885a-4854-b650-392635199b54"",""environment"":""67be7a60-8b6c-4987-8690-dbef25befe73"",""service"":""0f0f8a2f-9703-4f78-a3ed-8fcc57a55f5a"",""deployment"":""7bae97c9-ccbe-49fe-a672-c3ea4a2a6d1e"",""replica"":""5a8db334-f6d0-4ba9-a018-aa1be977e5fd""}",2026-02-15T09:40:37.268812436Z
"  File ""/usr/local/lib/python3.11/site-packages/rest_framework/views.py"", line 475, in handle_exception","{""level"":""error""}","{""project"":""70a52d41-885a-4854-b650-392635199b54"",""environment"":""67be7a60-8b6c-4987-8690-dbef25befe73"",""service"":""0f0f8a2f-9703-4f78-a3ed-8fcc57a55f5a"",""deployment"":""7bae97c9-ccbe-49fe-a672-c3ea4a2a6d1e"",""replica"":""5a8db334-f6d0-4ba9-a018-aa1be977e5fd""}",2026-02-15T09:40:37.268823386Z
"    return self.get_user(validated_token), validated_token","{""level"":""error""}","{""project"":""70a52d41-885a-4854-b650-392635199b54"",""environment"":""67be7a60-8b6c-4987-8690-dbef25befe73"",""service"":""0f0f8a2f-9703-4f78-a3ed-8fcc57a55f5a"",""deployment"":""7bae97c9-ccbe-49fe-a672-c3ea4a2a6d1e"",""replica"":""5a8db334-f6d0-4ba9-a018-aa1be977e5fd""}",2026-02-15T09:40:37.268833326Z
"  File ""/usr/local/lib/python3.11/site-packages/rest_framework/request.py"", line 385, in _authenticate","{""level"":""error""}","{""project"":""70a52d41-885a-4854-b650-392635199b54"",""environment"":""67be7a60-8b6c-4987-8690-dbef25befe73"",""service"":""0f0f8a2f-9703-4f78-a3ed-8fcc57a55f5a"",""deployment"":""7bae97c9-ccbe-49fe-a672-c3ea4a2a6d1e"",""replica"":""5a8db334-f6d0-4ba9-a018-aa1be977e5fd""}",2026-02-15T09:40:37.268838176Z
"  File ""/usr/local/lib/python3.11/site-packages/rest_framework/views.py"", line 330, in perform_authentication","{""level"":""error""}","{""project"":""70a52d41-885a-4854-b650-392635199b54"",""environment"":""67be7a60-8b6c-4987-8690-dbef25befe73"",""service"":""0f0f8a2f-9703-4f78-a3ed-8fcc57a55f5a"",""deployment"":""7bae97c9-ccbe-49fe-a672-c3ea4a2a6d1e"",""replica"":""5a8db334-f6d0-4ba9-a018-aa1be977e5fd""}",2026-02-15T09:40:37.268839576Z
    self.raise_uncaught_exception(exc),"{""level"":""error""}","{""project"":""70a52d41-885a-4854-b650-392635199b54"",""environment"":""67be7a60-8b6c-4987-8690-dbef25befe73"",""service"":""0f0f8a2f-9703-4f78-a3ed-8fcc57a55f5a"",""deployment"":""7bae97c9-ccbe-49fe-a672-c3ea4a2a6d1e"",""replica"":""5a8db334-f6d0-4ba9-a018-aa1be977e5fd""}",2026-02-15T09:40:37.268842116Z
    request.user,"{""level"":""error""}","{""project"":""70a52d41-885a-4854-b650-392635199b54"",""environment"":""67be7a60-8b6c-4987-8690-dbef25befe73"",""service"":""0f0f8a2f-9703-4f78-a3ed-8fcc57a55f5a"",""deployment"":""7bae97c9-ccbe-49fe-a672-c3ea4a2a6d1e"",""replica"":""5a8db334-f6d0-4ba9-a018-aa1be977e5fd""}",2026-02-15T09:40:37.268857496Z
    user_auth_tuple = authenticator.authenticate(self),"{""level"":""error""}","{""project"":""70a52d41-885a-4854-b650-392635199b54"",""environment"":""67be7a60-8b6c-4987-8690-dbef25befe73"",""service"":""0f0f8a2f-9703-4f78-a3ed-8fcc57a55f5a"",""deployment"":""7bae97c9-ccbe-49fe-a672-c3ea4a2a6d1e"",""replica"":""5a8db334-f6d0-4ba9-a018-aa1be977e5fd""}",2026-02-15T09:40:37.268857856Z
                      ^^^^^^^^^^^^^^^^^^^^^^^^^^^^^^^^,"{""level"":""error""}","{""project"":""70a52d41-885a-4854-b650-392635199b54"",""environment"":""67be7a60-8b6c-4987-8690-dbef25befe73"",""service"":""0f0f8a2f-9703-4f78-a3ed-8fcc57a55f5a"",""deployment"":""7bae97c9-ccbe-49fe-a672-c3ea4a2a6d1e"",""replica"":""5a8db334-f6d0-4ba9-a018-aa1be977e5fd""}",2026-02-15T09:40:37.268876256Z
    self._authenticate(),"{""level"":""error""}","{""project"":""70a52d41-885a-4854-b650-392635199b54"",""environment"":""67be7a60-8b6c-4987-8690-dbef25befe73"",""service"":""0f0f8a2f-9703-4f78-a3ed-8fcc57a55f5a"",""deployment"":""7bae97c9-ccbe-49fe-a672-c3ea4a2a6d1e"",""replica"":""5a8db334-f6d0-4ba9-a018-aa1be977e5fd""}",2026-02-15T09:40:37.268881196Z
"  File ""/usr/local/lib/python3.11/site-packages/rest_framework/request.py"", line 232, in user","{""level"":""error""}","{""project"":""70a52d41-885a-4854-b650-392635199b54"",""environment"":""67be7a60-8b6c-4987-8690-dbef25befe73"",""service"":""0f0f8a2f-9703-4f78-a3ed-8fcc57a55f5a"",""deployment"":""7bae97c9-ccbe-49fe-a672-c3ea4a2a6d1e"",""replica"":""5a8db334-f6d0-4ba9-a018-aa1be977e5fd""}",2026-02-15T09:40:37.268884836Z
"  File ""/usr/local/lib/python3.11/site-packages/rest_framework/views.py"", line 486, in raise_uncaught_exception","{""level"":""error""}","{""project"":""70a52d41-885a-4854-b650-392635199b54"",""environment"":""67be7a60-8b6c-4987-8690-dbef25befe73"",""service"":""0f0f8a2f-9703-4f78-a3ed-8fcc57a55f5a"",""deployment"":""7bae97c9-ccbe-49fe-a672-c3ea4a2a6d1e"",""replica"":""5a8db334-f6d0-4ba9-a018-aa1be977e5fd""}",2026-02-15T09:40:37.268885916Z
"  File ""/usr/local/lib/python3.11/site-packages/rest_framework_simplejwt/authentication.py"", line 51, in authenticate","{""level"":""error""}","{""project"":""70a52d41-885a-4854-b650-392635199b54"",""environment"":""67be7a60-8b6c-4987-8690-dbef25befe73"",""service"":""0f0f8a2f-9703-4f78-a3ed-8fcc57a55f5a"",""deployment"":""7bae97c9-ccbe-49fe-a672-c3ea4a2a6d1e"",""replica"":""5a8db334-f6d0-4ba9-a018-aa1be977e5fd""}",2026-02-15T09:40:37.268889776Z
    raise exc,"{""level"":""error""}","{""project"":""70a52d41-885a-4854-b650-392635199b54"",""environment"":""67be7a60-8b6c-4987-8690-dbef25befe73"",""service"":""0f0f8a2f-9703-4f78-a3ed-8fcc57a55f5a"",""deployment"":""7bae97c9-ccbe-49fe-a672-c3ea4a2a6d1e"",""replica"":""5a8db334-f6d0-4ba9-a018-aa1be977e5fd""}",2026-02-15T09:40:37.268903066Z
"  File ""/usr/local/lib/python3.11/site-packages/rest_framework/views.py"", line 420, in initial","{""level"":""error""}","{""project"":""70a52d41-885a-4854-b650-392635199b54"",""environment"":""67be7a60-8b6c-4987-8690-dbef25befe73"",""service"":""0f0f8a2f-9703-4f78-a3ed-8fcc57a55f5a"",""deployment"":""7bae97c9-ccbe-49fe-a672-c3ea4a2a6d1e"",""replica"":""5a8db334-f6d0-4ba9-a018-aa1be977e5fd""}",2026-02-15T09:40:37.268916776Z
    self.perform_authentication(request),"{""level"":""error""}","{""project"":""70a52d41-885a-4854-b650-392635199b54"",""environment"":""67be7a60-8b6c-4987-8690-dbef25befe73"",""service"":""0f0f8a2f-9703-4f78-a3ed-8fcc57a55f5a"",""deployment"":""7bae97c9-ccbe-49fe-a672-c3ea4a2a6d1e"",""replica"":""5a8db334-f6d0-4ba9-a018-aa1be977e5fd""}",2026-02-15T09:40:37.268923096Z
"  File ""/usr/local/lib/python3.11/site-packages/rest_framework/views.py"", line 503, in dispatch","{""level"":""error""}","{""project"":""70a52d41-885a-4854-b650-392635199b54"",""environment"":""67be7a60-8b6c-4987-8690-dbef25befe73"",""service"":""0f0f8a2f-9703-4f78-a3ed-8fcc57a55f5a"",""deployment"":""7bae97c9-ccbe-49fe-a672-c3ea4a2a6d1e"",""replica"":""5a8db334-f6d0-4ba9-a018-aa1be977e5fd""}",2026-02-15T09:40:37.268946786Z
"    self.initial(request, *args, **kwargs)","{""level"":""error""}","{""project"":""70a52d41-885a-4854-b650-392635199b54"",""environment"":""67be7a60-8b6c-4987-8690-dbef25befe73"",""service"":""0f0f8a2f-9703-4f78-a3ed-8fcc57a55f5a"",""deployment"":""7bae97c9-ccbe-49fe-a672-c3ea4a2a6d1e"",""replica"":""5a8db334-f6d0-4ba9-a018-aa1be977e5fd""}",2026-02-15T09:40:37.268964326Z
           ^^^^^^^^^^^^^^^^^^^^^^^^^^^^^^,"{""level"":""error""}","{""project"":""70a52d41-885a-4854-b650-392635199b54"",""environment"":""67be7a60-8b6c-4987-8690-dbef25befe73"",""service"":""0f0f8a2f-9703-4f78-a3ed-8fcc57a55f5a"",""deployment"":""7bae97c9-ccbe-49fe-a672-c3ea4a2a6d1e"",""replica"":""5a8db334-f6d0-4ba9-a018-aa1be977e5fd""}",2026-02-15T09:40:37.269447756Z
    self._result_cache = list(self._iterable_class(self)),"{""level"":""error""}","{""project"":""70a52d41-885a-4854-b650-392635199b54"",""environment"":""67be7a60-8b6c-4987-8690-dbef25befe73"",""service"":""0f0f8a2f-9703-4f78-a3ed-8fcc57a55f5a"",""deployment"":""7bae97c9-ccbe-49fe-a672-c3ea4a2a6d1e"",""replica"":""5a8db334-f6d0-4ba9-a018-aa1be977e5fd""}",2026-02-15T09:40:37.269453706Z
"  File ""/usr/local/lib/python3.11/site-packages/rest_framework_simplejwt/authentication.py"", line 132, in get_user","{""level"":""error""}","{""project"":""70a52d41-885a-4854-b650-392635199b54"",""environment"":""67be7a60-8b6c-4987-8690-dbef25befe73"",""service"":""0f0f8a2f-9703-4f78-a3ed-8fcc57a55f5a"",""deployment"":""7bae97c9-ccbe-49fe-a672-c3ea4a2a6d1e"",""replica"":""5a8db334-f6d0-4ba9-a018-aa1be977e5fd""}",2026-02-15T09:40:37.269455156Z
    user = self.user_model.objects.get(**{api_settings.USER_ID_FIELD: user_id}),"{""level"":""error""}","{""project"":""70a52d41-885a-4854-b650-392635199b54"",""environment"":""67be7a60-8b6c-4987-8690-dbef25befe73"",""service"":""0f0f8a2f-9703-4f78-a3ed-8fcc57a55f5a"",""deployment"":""7bae97c9-ccbe-49fe-a672-c3ea4a2a6d1e"",""replica"":""5a8db334-f6d0-4ba9-a018-aa1be977e5fd""}",2026-02-15T09:40:37.269462736Z
                         ^^^^^^^^^^^^^^^^^^^^^^^^^^^^^^^^,"{""level"":""error""}","{""project"":""70a52d41-885a-4854-b650-392635199b54"",""environment"":""67be7a60-8b6c-4987-8690-dbef25befe73"",""service"":""0f0f8a2f-9703-4f78-a3ed-8fcc57a55f5a"",""deployment"":""7bae97c9-ccbe-49fe-a672-c3ea4a2a6d1e"",""replica"":""5a8db334-f6d0-4ba9-a018-aa1be977e5fd""}",2026-02-15T09:40:37.269464546Z
           ^^^^^^^^^^^^^^^^^^^^^^^^^^^^^^^^^^^^^^^^^^^^^^^^^^^^^^^^^^^^^^^^^^^^,"{""level"":""error""}","{""project"":""70a52d41-885a-4854-b650-392635199b54"",""environment"":""67be7a60-8b6c-4987-8690-dbef25befe73"",""service"":""0f0f8a2f-9703-4f78-a3ed-8fcc57a55f5a"",""deployment"":""7bae97c9-ccbe-49fe-a672-c3ea4a2a6d1e"",""replica"":""5a8db334-f6d0-4ba9-a018-aa1be977e5fd""}",2026-02-15T09:40:37.269468776Z
"  File ""/usr/local/lib/python3.11/site-packages/django/db/models/query.py"", line 93, in __iter__","{""level"":""error""}","{""project"":""70a52d41-885a-4854-b650-392635199b54"",""environment"":""67be7a60-8b6c-4987-8690-dbef25befe73"",""service"":""0f0f8a2f-9703-4f78-a3ed-8fcc57a55f5a"",""deployment"":""7bae97c9-ccbe-49fe-a672-c3ea4a2a6d1e"",""replica"":""5a8db334-f6d0-4ba9-a018-aa1be977e5fd""}",2026-02-15T09:40:37.269473126Z
"  File ""/usr/local/lib/python3.11/site-packages/django/db/models/manager.py"", line 87, in manager_method","{""level"":""error""}","{""project"":""70a52d41-885a-4854-b650-392635199b54"",""environment"":""67be7a60-8b6c-4987-8690-dbef25befe73"",""service"":""0f0f8a2f-9703-4f78-a3ed-8fcc57a55f5a"",""deployment"":""7bae97c9-ccbe-49fe-a672-c3ea4a2a6d1e"",""replica"":""5a8db334-f6d0-4ba9-a018-aa1be977e5fd""}",2026-02-15T09:40:37.269473936Z
"    return getattr(self.get_queryset(), name)(*args, **kwargs)","{""level"":""error""}","{""project"":""70a52d41-885a-4854-b650-392635199b54"",""environment"":""67be7a60-8b6c-4987-8690-dbef25befe73"",""service"":""0f0f8a2f-9703-4f78-a3ed-8fcc57a55f5a"",""deployment"":""7bae97c9-ccbe-49fe-a672-c3ea4a2a6d1e"",""replica"":""5a8db334-f6d0-4ba9-a018-aa1be977e5fd""}",2026-02-15T09:40:37.269478816Z
    results = compiler.execute_sql(,"{""level"":""error""}","{""project"":""70a52d41-885a-4854-b650-392635199b54"",""environment"":""67be7a60-8b6c-4987-8690-dbef25befe73"",""service"":""0f0f8a2f-9703-4f78-a3ed-8fcc57a55f5a"",""deployment"":""7bae97c9-ccbe-49fe-a672-c3ea4a2a6d1e"",""replica"":""5a8db334-f6d0-4ba9-a018-aa1be977e5fd""}",2026-02-15T09:40:37.269482046Z
           ^^^^^^^^^^^^^^^^^^^^^^^^^^^^^^^^^^^^^^^^^^^^^^^^^^^,"{""level"":""error""}","{""project"":""70a52d41-885a-4854-b650-392635199b54"",""environment"":""67be7a60-8b6c-4987-8690-dbef25befe73"",""service"":""0f0f8a2f-9703-4f78-a3ed-8fcc57a55f5a"",""deployment"":""7bae97c9-ccbe-49fe-a672-c3ea4a2a6d1e"",""replica"":""5a8db334-f6d0-4ba9-a018-aa1be977e5fd""}",2026-02-15T09:40:37.269485116Z
"  File ""/usr/local/lib/python3.11/site-packages/django/db/models/query.py"", line 631, in get","{""level"":""error""}","{""project"":""70a52d41-885a-4854-b650-392635199b54"",""environment"":""67be7a60-8b6c-4987-8690-dbef25befe73"",""service"":""0f0f8a2f-9703-4f78-a3ed-8fcc57a55f5a"",""deployment"":""7bae97c9-ccbe-49fe-a672-c3ea4a2a6d1e"",""replica"":""5a8db334-f6d0-4ba9-a018-aa1be977e5fd""}",2026-02-15T09:40:37.269490526Z
              ^^^^^^^^^^^^^^^^^^^^^,"{""level"":""error""}","{""project"":""70a52d41-885a-4854-b650-392635199b54"",""environment"":""67be7a60-8b6c-4987-8690-dbef25befe73"",""service"":""0f0f8a2f-9703-4f78-a3ed-8fcc57a55f5a"",""deployment"":""7bae97c9-ccbe-49fe-a672-c3ea4a2a6d1e"",""replica"":""5a8db334-f6d0-4ba9-a018-aa1be977e5fd""}",2026-02-15T09:40:37.269490956Z
    num = len(clone),"{""level"":""error""}","{""project"":""70a52d41-885a-4854-b650-392635199b54"",""environment"":""67be7a60-8b6c-4987-8690-dbef25befe73"",""service"":""0f0f8a2f-9703-4f78-a3ed-8fcc57a55f5a"",""deployment"":""7bae97c9-ccbe-49fe-a672-c3ea4a2a6d1e"",""replica"":""5a8db334-f6d0-4ba9-a018-aa1be977e5fd""}",2026-02-15T09:40:37.269496706Z
"  File ""/usr/local/lib/python3.11/site-packages/django/db/models/sql/compiler.py"", line 1621, in execute_sql","{""level"":""error""}","{""project"":""70a52d41-885a-4854-b650-392635199b54"",""environment"":""67be7a60-8b6c-4987-8690-dbef25befe73"",""service"":""0f0f8a2f-9703-4f78-a3ed-8fcc57a55f5a"",""deployment"":""7bae97c9-ccbe-49fe-a672-c3ea4a2a6d1e"",""replica"":""5a8db334-f6d0-4ba9-a018-aa1be977e5fd""}",2026-02-15T09:40:37.269499306Z
          ^^^^^^^^^^,"{""level"":""error""}","{""project"":""70a52d41-885a-4854-b650-392635199b54"",""environment"":""67be7a60-8b6c-4987-8690-dbef25befe73"",""service"":""0f0f8a2f-9703-4f78-a3ed-8fcc57a55f5a"",""deployment"":""7bae97c9-ccbe-49fe-a672-c3ea4a2a6d1e"",""replica"":""5a8db334-f6d0-4ba9-a018-aa1be977e5fd""}",2026-02-15T09:40:37.269501786Z
"  File ""/usr/local/lib/python3.11/site-packages/django/db/models/query.py"", line 368, in __len__","{""level"":""error""}","{""project"":""70a52d41-885a-4854-b650-392635199b54"",""environment"":""67be7a60-8b6c-4987-8690-dbef25befe73"",""service"":""0f0f8a2f-9703-4f78-a3ed-8fcc57a55f5a"",""deployment"":""7bae97c9-ccbe-49fe-a672-c3ea4a2a6d1e"",""replica"":""5a8db334-f6d0-4ba9-a018-aa1be977e5fd""}",2026-02-15T09:40:37.269506916Z
    self._fetch_all(),"{""level"":""error""}","{""project"":""70a52d41-885a-4854-b650-392635199b54"",""environment"":""67be7a60-8b6c-4987-8690-dbef25befe73"",""service"":""0f0f8a2f-9703-4f78-a3ed-8fcc57a55f5a"",""deployment"":""7bae97c9-ccbe-49fe-a672-c3ea4a2a6d1e"",""replica"":""5a8db334-f6d0-4ba9-a018-aa1be977e5fd""}",2026-02-15T09:40:37.269511846Z
"  File ""/usr/local/lib/python3.11/site-packages/django/db/models/query.py"", line 1954, in _fetch_all","{""level"":""error""}","{""project"":""70a52d41-885a-4854-b650-392635199b54"",""environment"":""67be7a60-8b6c-4987-8690-dbef25befe73"",""service"":""0f0f8a2f-9703-4f78-a3ed-8fcc57a55f5a"",""deployment"":""7bae97c9-ccbe-49fe-a672-c3ea4a2a6d1e"",""replica"":""5a8db334-f6d0-4ba9-a018-aa1be977e5fd""}",2026-02-15T09:40:37.269516196Z
"  File ""/usr/local/lib/python3.11/site-packages/django/utils/asyncio.py"", line 26, in inner","{""level"":""error""}","{""project"":""70a52d41-885a-4854-b650-392635199b54"",""environment"":""67be7a60-8b6c-4987-8690-dbef25befe73"",""service"":""0f0f8a2f-9703-4f78-a3ed-8fcc57a55f5a"",""deployment"":""7bae97c9-ccbe-49fe-a672-c3ea4a2a6d1e"",""replica"":""5a8db334-f6d0-4ba9-a018-aa1be977e5fd""}",2026-02-15T09:40:37.270186886Z
"    return func(*args, **kwargs)","{""level"":""error""}","{""project"":""70a52d41-885a-4854-b650-392635199b54"",""environment"":""67be7a60-8b6c-4987-8690-dbef25befe73"",""service"":""0f0f8a2f-9703-4f78-a3ed-8fcc57a55f5a"",""deployment"":""7bae97c9-ccbe-49fe-a672-c3ea4a2a6d1e"",""replica"":""5a8db334-f6d0-4ba9-a018-aa1be977e5fd""}",2026-02-15T09:40:37.270199456Z
    cursor = self.connection.cursor(),"{""level"":""error""}","{""project"":""70a52d41-885a-4854-b650-392635199b54"",""environment"":""67be7a60-8b6c-4987-8690-dbef25befe73"",""service"":""0f0f8a2f-9703-4f78-a3ed-8fcc57a55f5a"",""deployment"":""7bae97c9-ccbe-49fe-a672-c3ea4a2a6d1e"",""replica"":""5a8db334-f6d0-4ba9-a018-aa1be977e5fd""}",2026-02-15T09:40:37.270204596Z
"  File ""/usr/local/lib/python3.11/site-packages/django/db/backends/base/base.py"", line 279, in ensure_connection","{""level"":""error""}","{""project"":""70a52d41-885a-4854-b650-392635199b54"",""environment"":""67be7a60-8b6c-4987-8690-dbef25befe73"",""service"":""0f0f8a2f-9703-4f78-a3ed-8fcc57a55f5a"",""deployment"":""7bae97c9-ccbe-49fe-a672-c3ea4a2a6d1e"",""replica"":""5a8db334-f6d0-4ba9-a018-aa1be977e5fd""}",2026-02-15T09:40:37.270204736Z
    with self.wrap_database_errors:,"{""level"":""error""}","{""project"":""70a52d41-885a-4854-b650-392635199b54"",""environment"":""67be7a60-8b6c-4987-8690-dbef25befe73"",""service"":""0f0f8a2f-9703-4f78-a3ed-8fcc57a55f5a"",""deployment"":""7bae97c9-ccbe-49fe-a672-c3ea4a2a6d1e"",""replica"":""5a8db334-f6d0-4ba9-a018-aa1be977e5fd""}",2026-02-15T09:40:37.270206756Z
    self.ensure_connection(),"{""level"":""error""}","{""project"":""70a52d41-885a-4854-b650-392635199b54"",""environment"":""67be7a60-8b6c-4987-8690-dbef25befe73"",""service"":""0f0f8a2f-9703-4f78-a3ed-8fcc57a55f5a"",""deployment"":""7bae97c9-ccbe-49fe-a672-c3ea4a2a6d1e"",""replica"":""5a8db334-f6d0-4ba9-a018-aa1be977e5fd""}",2026-02-15T09:40:37.270217586Z
    self.connect(),"{""level"":""error""}","{""project"":""70a52d41-885a-4854-b650-392635199b54"",""environment"":""67be7a60-8b6c-4987-8690-dbef25befe73"",""service"":""0f0f8a2f-9703-4f78-a3ed-8fcc57a55f5a"",""deployment"":""7bae97c9-ccbe-49fe-a672-c3ea4a2a6d1e"",""replica"":""5a8db334-f6d0-4ba9-a018-aa1be977e5fd""}",2026-02-15T09:40:37.270218546Z
             ^^^^^^^^^^^^^^^^^^^^^^^^,"{""level"":""error""}","{""project"":""70a52d41-885a-4854-b650-392635199b54"",""environment"":""67be7a60-8b6c-4987-8690-dbef25befe73"",""service"":""0f0f8a2f-9703-4f78-a3ed-8fcc57a55f5a"",""deployment"":""7bae97c9-ccbe-49fe-a672-c3ea4a2a6d1e"",""replica"":""5a8db334-f6d0-4ba9-a018-aa1be977e5fd""}",2026-02-15T09:40:37.270218556Z
"  File ""/usr/local/lib/python3.11/site-packages/django/utils/asyncio.py"", line 26, in inner","{""level"":""error""}","{""project"":""70a52d41-885a-4854-b650-392635199b54"",""environment"":""67be7a60-8b6c-4987-8690-dbef25befe73"",""service"":""0f0f8a2f-9703-4f78-a3ed-8fcc57a55f5a"",""deployment"":""7bae97c9-ccbe-49fe-a672-c3ea4a2a6d1e"",""replica"":""5a8db334-f6d0-4ba9-a018-aa1be977e5fd""}",2026-02-15T09:40:37.270227926Z
"  File ""/usr/local/lib/python3.11/site-packages/django/utils/asyncio.py"", line 26, in inner","{""level"":""error""}","{""project"":""70a52d41-885a-4854-b650-392635199b54"",""environment"":""67be7a60-8b6c-4987-8690-dbef25befe73"",""service"":""0f0f8a2f-9703-4f78-a3ed-8fcc57a55f5a"",""deployment"":""7bae97c9-ccbe-49fe-a672-c3ea4a2a6d1e"",""replica"":""5a8db334-f6d0-4ba9-a018-aa1be977e5fd""}",2026-02-15T09:40:37.270231596Z
"  File ""/usr/local/lib/python3.11/site-packages/django/db/utils.py"", line 91, in __exit__","{""level"":""error""}","{""project"":""70a52d41-885a-4854-b650-392635199b54"",""environment"":""67be7a60-8b6c-4987-8690-dbef25befe73"",""service"":""0f0f8a2f-9703-4f78-a3ed-8fcc57a55f5a"",""deployment"":""7bae97c9-ccbe-49fe-a672-c3ea4a2a6d1e"",""replica"":""5a8db334-f6d0-4ba9-a018-aa1be977e5fd""}",2026-02-15T09:40:37.270239536Z
"    return func(*args, **kwargs)","{""level"":""error""}","{""project"":""70a52d41-885a-4854-b650-392635199b54"",""environment"":""67be7a60-8b6c-4987-8690-dbef25befe73"",""service"":""0f0f8a2f-9703-4f78-a3ed-8fcc57a55f5a"",""deployment"":""7bae97c9-ccbe-49fe-a672-c3ea4a2a6d1e"",""replica"":""5a8db334-f6d0-4ba9-a018-aa1be977e5fd""}",2026-02-15T09:40:37.270239706Z
"    return func(*args, **kwargs)","{""level"":""error""}","{""project"":""70a52d41-885a-4854-b650-392635199b54"",""environment"":""67be7a60-8b6c-4987-8690-dbef25befe73"",""service"":""0f0f8a2f-9703-4f78-a3ed-8fcc57a55f5a"",""deployment"":""7bae97c9-ccbe-49fe-a672-c3ea4a2a6d1e"",""replica"":""5a8db334-f6d0-4ba9-a018-aa1be977e5fd""}",2026-02-15T09:40:37.270248496Z
           ^^^^^^^^^^^^^^^^^^^^^,"{""level"":""error""}","{""project"":""70a52d41-885a-4854-b650-392635199b54"",""environment"":""67be7a60-8b6c-4987-8690-dbef25befe73"",""service"":""0f0f8a2f-9703-4f78-a3ed-8fcc57a55f5a"",""deployment"":""7bae97c9-ccbe-49fe-a672-c3ea4a2a6d1e"",""replica"":""5a8db334-f6d0-4ba9-a018-aa1be977e5fd""}",2026-02-15T09:40:37.270249356Z
"  File ""/usr/local/lib/python3.11/site-packages/django/db/backends/base/base.py"", line 278, in ensure_connection","{""level"":""error""}","{""project"":""70a52d41-885a-4854-b650-392635199b54"",""environment"":""67be7a60-8b6c-4987-8690-dbef25befe73"",""service"":""0f0f8a2f-9703-4f78-a3ed-8fcc57a55f5a"",""deployment"":""7bae97c9-ccbe-49fe-a672-c3ea4a2a6d1e"",""replica"":""5a8db334-f6d0-4ba9-a018-aa1be977e5fd""}",2026-02-15T09:40:37.270259596Z
           ^^^^^^^^^^^^^^^^^^^^^,"{""level"":""error""}","{""project"":""70a52d41-885a-4854-b650-392635199b54"",""environment"":""67be7a60-8b6c-4987-8690-dbef25befe73"",""service"":""0f0f8a2f-9703-4f78-a3ed-8fcc57a55f5a"",""deployment"":""7bae97c9-ccbe-49fe-a672-c3ea4a2a6d1e"",""replica"":""5a8db334-f6d0-4ba9-a018-aa1be977e5fd""}",2026-02-15T09:40:37.270267126Z
    raise dj_exc_value.with_traceback(traceback) from exc_value,"{""level"":""error""}","{""project"":""70a52d41-885a-4854-b650-392635199b54"",""environment"":""67be7a60-8b6c-4987-8690-dbef25befe73"",""service"":""0f0f8a2f-9703-4f78-a3ed-8fcc57a55f5a"",""deployment"":""7bae97c9-ccbe-49fe-a672-c3ea4a2a6d1e"",""replica"":""5a8db334-f6d0-4ba9-a018-aa1be977e5fd""}",2026-02-15T09:40:37.270267366Z
"  File ""/usr/local/lib/python3.11/site-packages/django/db/backends/base/base.py"", line 320, in cursor","{""level"":""error""}","{""project"":""70a52d41-885a-4854-b650-392635199b54"",""environment"":""67be7a60-8b6c-4987-8690-dbef25befe73"",""service"":""0f0f8a2f-9703-4f78-a3ed-8fcc57a55f5a"",""deployment"":""7bae97c9-ccbe-49fe-a672-c3ea4a2a6d1e"",""replica"":""5a8db334-f6d0-4ba9-a018-aa1be977e5fd""}",2026-02-15T09:40:37.270280986Z
    return self._cursor(),"{""level"":""error""}","{""project"":""70a52d41-885a-4854-b650-392635199b54"",""environment"":""67be7a60-8b6c-4987-8690-dbef25befe73"",""service"":""0f0f8a2f-9703-4f78-a3ed-8fcc57a55f5a"",""deployment"":""7bae97c9-ccbe-49fe-a672-c3ea4a2a6d1e"",""replica"":""5a8db334-f6d0-4ba9-a018-aa1be977e5fd""}",2026-02-15T09:40:37.270287676Z
           ^^^^^^^^^^^^^^,"{""level"":""error""}","{""project"":""70a52d41-885a-4854-b650-392635199b54"",""environment"":""67be7a60-8b6c-4987-8690-dbef25befe73"",""service"":""0f0f8a2f-9703-4f78-a3ed-8fcc57a55f5a"",""deployment"":""7bae97c9-ccbe-49fe-a672-c3ea4a2a6d1e"",""replica"":""5a8db334-f6d0-4ba9-a018-aa1be977e5fd""}",2026-02-15T09:40:37.270295146Z
"  File ""/usr/local/lib/python3.11/site-packages/django/db/backends/base/base.py"", line 296, in _cursor","{""level"":""error""}","{""project"":""70a52d41-885a-4854-b650-392635199b54"",""environment"":""67be7a60-8b6c-4987-8690-dbef25befe73"",""service"":""0f0f8a2f-9703-4f78-a3ed-8fcc57a55f5a"",""deployment"":""7bae97c9-ccbe-49fe-a672-c3ea4a2a6d1e"",""replica"":""5a8db334-f6d0-4ba9-a018-aa1be977e5fd""}",2026-02-15T09:40:37.270304246Z
           ^^^^^^^^^^^^^^^^^^^^^,"{""level"":""error""}","{""project"":""70a52d41-885a-4854-b650-392635199b54"",""environment"":""67be7a60-8b6c-4987-8690-dbef25befe73"",""service"":""0f0f8a2f-9703-4f78-a3ed-8fcc57a55f5a"",""deployment"":""7bae97c9-ccbe-49fe-a672-c3ea4a2a6d1e"",""replica"":""5a8db334-f6d0-4ba9-a018-aa1be977e5fd""}",2026-02-15T09:40:37.270586856Z
"  File ""/usr/local/lib/python3.11/site-packages/django/db/backends/base/base.py"", line 256, in connect","{""level"":""error""}","{""project"":""70a52d41-885a-4854-b650-392635199b54"",""environment"":""67be7a60-8b6c-4987-8690-dbef25befe73"",""service"":""0f0f8a2f-9703-4f78-a3ed-8fcc57a55f5a"",""deployment"":""7bae97c9-ccbe-49fe-a672-c3ea4a2a6d1e"",""replica"":""5a8db334-f6d0-4ba9-a018-aa1be977e5fd""}",2026-02-15T09:40:37.270596936Z
    self.connection = self.get_new_connection(conn_params),"{""level"":""error""}","{""project"":""70a52d41-885a-4854-b650-392635199b54"",""environment"":""67be7a60-8b6c-4987-8690-dbef25befe73"",""service"":""0f0f8a2f-9703-4f78-a3ed-8fcc57a55f5a"",""deployment"":""7bae97c9-ccbe-49fe-a672-c3ea4a2a6d1e"",""replica"":""5a8db334-f6d0-4ba9-a018-aa1be977e5fd""}",2026-02-15T09:40:37.270605126Z
                      ^^^^^^^^^^^^^^^^^^^^^^^^^^^^^^^^^^^^,"{""level"":""error""}","{""project"":""70a52d41-885a-4854-b650-392635199b54"",""environment"":""67be7a60-8b6c-4987-8690-dbef25befe73"",""service"":""0f0f8a2f-9703-4f78-a3ed-8fcc57a55f5a"",""deployment"":""7bae97c9-ccbe-49fe-a672-c3ea4a2a6d1e"",""replica"":""5a8db334-f6d0-4ba9-a018-aa1be977e5fd""}",2026-02-15T09:40:37.270613006Z
"  File ""/usr/local/lib/python3.11/site-packages/django/utils/asyncio.py"", line 26, in inner","{""level"":""error""}","{""project"":""70a52d41-885a-4854-b650-392635199b54"",""environment"":""67be7a60-8b6c-4987-8690-dbef25befe73"",""service"":""0f0f8a2f-9703-4f78-a3ed-8fcc57a55f5a"",""deployment"":""7bae97c9-ccbe-49fe-a672-c3ea4a2a6d1e"",""replica"":""5a8db334-f6d0-4ba9-a018-aa1be977e5fd""}",2026-02-15T09:40:37.270621806Z
"    return func(*args, **kwargs)","{""level"":""error""}","{""project"":""70a52d41-885a-4854-b650-392635199b54"",""environment"":""67be7a60-8b6c-4987-8690-dbef25befe73"",""service"":""0f0f8a2f-9703-4f78-a3ed-8fcc57a55f5a"",""deployment"":""7bae97c9-ccbe-49fe-a672-c3ea4a2a6d1e"",""replica"":""5a8db334-f6d0-4ba9-a018-aa1be977e5fd""}",2026-02-15T09:40:37.270632496Z
           ^^^^^^^^^^^^^^^^^^^^^,"{""level"":""error""}","{""project"":""70a52d41-885a-4854-b650-392635199b54"",""environment"":""67be7a60-8b6c-4987-8690-dbef25befe73"",""service"":""0f0f8a2f-9703-4f78-a3ed-8fcc57a55f5a"",""deployment"":""7bae97c9-ccbe-49fe-a672-c3ea4a2a6d1e"",""replica"":""5a8db334-f6d0-4ba9-a018-aa1be977e5fd""}",2026-02-15T09:40:37.270640986Z
"  File ""/usr/local/lib/python3.11/site-packages/django/db/backends/postgresql/base.py"", line 332, in get_new_connection","{""level"":""error""}","{""project"":""70a52d41-885a-4854-b650-392635199b54"",""environment"":""67be7a60-8b6c-4987-8690-dbef25befe73"",""service"":""0f0f8a2f-9703-4f78-a3ed-8fcc57a55f5a"",""deployment"":""7bae97c9-ccbe-49fe-a672-c3ea4a2a6d1e"",""replica"":""5a8db334-f6d0-4ba9-a018-aa1be977e5fd""}",2026-02-15T09:40:37.270649246Z
    connection = self.Database.connect(**conn_params),"{""level"":""error""}","{""project"":""70a52d41-885a-4854-b650-392635199b54"",""environment"":""67be7a60-8b6c-4987-8690-dbef25befe73"",""service"":""0f0f8a2f-9703-4f78-a3ed-8fcc57a55f5a"",""deployment"":""7bae97c9-ccbe-49fe-a672-c3ea4a2a6d1e"",""replica"":""5a8db334-f6d0-4ba9-a018-aa1be977e5fd""}",2026-02-15T09:40:37.270660256Z
                 ^^^^^^^^^^^^^^^^^^^^^^^^^^^^^^^^^^^^,"{""level"":""error""}","{""project"":""70a52d41-885a-4854-b650-392635199b54"",""environment"":""67be7a60-8b6c-4987-8690-dbef25befe73"",""service"":""0f0f8a2f-9703-4f78-a3ed-8fcc57a55f5a"",""deployment"":""7bae97c9-ccbe-49fe-a672-c3ea4a2a6d1e"",""replica"":""5a8db334-f6d0-4ba9-a018-aa1be977e5fd""}",2026-02-15T09:40:37.270669256Z
"  File ""/usr/local/lib/python3.11/site-packages/psycopg2/__init__.py"", line 122, in connect","{""level"":""error""}","{""project"":""70a52d41-885a-4854-b650-392635199b54"",""environment"":""67be7a60-8b6c-4987-8690-dbef25befe73"",""service"":""0f0f8a2f-9703-4f78-a3ed-8fcc57a55f5a"",""deployment"":""7bae97c9-ccbe-49fe-a672-c3ea4a2a6d1e"",""replica"":""5a8db334-f6d0-4ba9-a018-aa1be977e5fd""}",2026-02-15T09:40:37.270676566Z
"    conn = _connect(dsn, connection_factory=connection_factory, **kwasync)","{""level"":""error""}","{""project"":""70a52d41-885a-4854-b650-392635199b54"",""environment"":""67be7a60-8b6c-4987-8690-dbef25befe73"",""service"":""0f0f8a2f-9703-4f78-a3ed-8fcc57a55f5a"",""deployment"":""7bae97c9-ccbe-49fe-a672-c3ea4a2a6d1e"",""replica"":""5a8db334-f6d0-4ba9-a018-aa1be977e5fd""}",2026-02-15T09:40:37.270684786Z
           ^^^^^^^^^^^^^^^^^^^^^^^^^^^^^^^^^^^^^^^^^^^^^^^^^^^^^^^^^^^^^^^,"{""level"":""error""}","{""project"":""70a52d41-885a-4854-b650-392635199b54"",""environment"":""67be7a60-8b6c-4987-8690-dbef25befe73"",""service"":""0f0f8a2f-9703-4f78-a3ed-8fcc57a55f5a"",""deployment"":""7bae97c9-ccbe-49fe-a672-c3ea4a2a6d1e"",""replica"":""5a8db334-f6d0-4ba9-a018-aa1be977e5fd""}",2026-02-15T09:40:37.270693326Z
"django.db.utils.OperationalError: connection to server at ""15.164.188.235"", port 5432 failed: FATAL:  MaxClientsInSessionMode: max clients reached - in Session mode max clients are limited to pool_size","{""level"":""error""}","{""project"":""70a52d41-885a-4854-b650-392635199b54"",""environment"":""67be7a60-8b6c-4987-8690-dbef25befe73"",""service"":""0f0f8a2f-9703-4f78-a3ed-8fcc57a55f5a"",""deployment"":""7bae97c9-ccbe-49fe-a672-c3ea4a2a6d1e"",""replica"":""5a8db334-f6d0-4ba9-a018-aa1be977e5fd""}",2026-02-15T09:40:37.270703016Z
,"{""level"":""error""}","{""project"":""70a52d41-885a-4854-b650-392635199b54"",""environment"":""67be7a60-8b6c-4987-8690-dbef25befe73"",""service"":""0f0f8a2f-9703-4f78-a3ed-8fcc57a55f5a"",""deployment"":""7bae97c9-ccbe-49fe-a672-c3ea4a2a6d1e"",""replica"":""5a8db334-f6d0-4ba9-a018-aa1be977e5fd""}",2026-02-15T09:40:37.270712916Z
"HTTP b'POST' request for ['100.64.0.4', 57174]","{""level"":""error""}","{""project"":""70a52d41-885a-4854-b650-392635199b54"",""environment"":""67be7a60-8b6c-4987-8690-dbef25befe73"",""service"":""0f0f8a2f-9703-4f78-a3ed-8fcc57a55f5a"",""deployment"":""7bae97c9-ccbe-49fe-a672-c3ea4a2a6d1e"",""replica"":""5a8db334-f6d0-4ba9-a018-aa1be977e5fd""}",2026-02-15T09:40:38.297071494Z
Internal Server Error: /api/community/rooms/,"{""level"":""error""}","{""project"":""70a52d41-885a-4854-b650-392635199b54"",""environment"":""67be7a60-8b6c-4987-8690-dbef25befe73"",""service"":""0f0f8a2f-9703-4f78-a3ed-8fcc57a55f5a"",""deployment"":""7bae97c9-ccbe-49fe-a672-c3ea4a2a6d1e"",""replica"":""5a8db334-f6d0-4ba9-a018-aa1be977e5fd""}",2026-02-15T09:40:38.844447412Z
Traceback (most recent call last):,"{""level"":""error""}","{""project"":""70a52d41-885a-4854-b650-392635199b54"",""environment"":""67be7a60-8b6c-4987-8690-dbef25befe73"",""service"":""0f0f8a2f-9703-4f78-a3ed-8fcc57a55f5a"",""deployment"":""7bae97c9-ccbe-49fe-a672-c3ea4a2a6d1e"",""replica"":""5a8db334-f6d0-4ba9-a018-aa1be977e5fd""}",2026-02-15T09:40:38.844451452Z
"  File ""/usr/local/lib/python3.11/site-packages/django/db/backends/base/base.py"", line 279, in ensure_connection","{""level"":""error""}","{""project"":""70a52d41-885a-4854-b650-392635199b54"",""environment"":""67be7a60-8b6c-4987-8690-dbef25befe73"",""service"":""0f0f8a2f-9703-4f78-a3ed-8fcc57a55f5a"",""deployment"":""7bae97c9-ccbe-49fe-a672-c3ea4a2a6d1e"",""replica"":""5a8db334-f6d0-4ba9-a018-aa1be977e5fd""}",2026-02-15T09:40:38.844455712Z
    self.connect(),"{""level"":""error""}","{""project"":""70a52d41-885a-4854-b650-392635199b54"",""environment"":""67be7a60-8b6c-4987-8690-dbef25befe73"",""service"":""0f0f8a2f-9703-4f78-a3ed-8fcc57a55f5a"",""deployment"":""7bae97c9-ccbe-49fe-a672-c3ea4a2a6d1e"",""replica"":""5a8db334-f6d0-4ba9-a018-aa1be977e5fd""}",2026-02-15T09:40:38.844459562Z
"  File ""/usr/local/lib/python3.11/site-packages/django/utils/asyncio.py"", line 26, in inner","{""level"":""error""}","{""project"":""70a52d41-885a-4854-b650-392635199b54"",""environment"":""67be7a60-8b6c-4987-8690-dbef25befe73"",""service"":""0f0f8a2f-9703-4f78-a3ed-8fcc57a55f5a"",""deployment"":""7bae97c9-ccbe-49fe-a672-c3ea4a2a6d1e"",""replica"":""5a8db334-f6d0-4ba9-a018-aa1be977e5fd""}",2026-02-15T09:40:38.844463762Z
"    return func(*args, **kwargs)","{""level"":""error""}","{""project"":""70a52d41-885a-4854-b650-392635199b54"",""environment"":""67be7a60-8b6c-4987-8690-dbef25befe73"",""service"":""0f0f8a2f-9703-4f78-a3ed-8fcc57a55f5a"",""deployment"":""7bae97c9-ccbe-49fe-a672-c3ea4a2a6d1e"",""replica"":""5a8db334-f6d0-4ba9-a018-aa1be977e5fd""}",2026-02-15T09:40:38.844467682Z
           ^^^^^^^^^^^^^^^^^^^^^,"{""level"":""error""}","{""project"":""70a52d41-885a-4854-b650-392635199b54"",""environment"":""67be7a60-8b6c-4987-8690-dbef25befe73"",""service"":""0f0f8a2f-9703-4f78-a3ed-8fcc57a55f5a"",""deployment"":""7bae97c9-ccbe-49fe-a672-c3ea4a2a6d1e"",""replica"":""5a8db334-f6d0-4ba9-a018-aa1be977e5fd""}",2026-02-15T09:40:38.844471742Z
"  File ""/usr/local/lib/python3.11/site-packages/django/db/backends/base/base.py"", line 256, in connect","{""level"":""error""}","{""project"":""70a52d41-885a-4854-b650-392635199b54"",""environment"":""67be7a60-8b6c-4987-8690-dbef25befe73"",""service"":""0f0f8a2f-9703-4f78-a3ed-8fcc57a55f5a"",""deployment"":""7bae97c9-ccbe-49fe-a672-c3ea4a2a6d1e"",""replica"":""5a8db334-f6d0-4ba9-a018-aa1be977e5fd""}",2026-02-15T09:40:38.844475962Z
    self.connection = self.get_new_connection(conn_params),"{""level"":""error""}","{""project"":""70a52d41-885a-4854-b650-392635199b54"",""environment"":""67be7a60-8b6c-4987-8690-dbef25befe73"",""service"":""0f0f8a2f-9703-4f78-a3ed-8fcc57a55f5a"",""deployment"":""7bae97c9-ccbe-49fe-a672-c3ea4a2a6d1e"",""replica"":""5a8db334-f6d0-4ba9-a018-aa1be977e5fd""}",2026-02-15T09:40:38.844479822Z
                      ^^^^^^^^^^^^^^^^^^^^^^^^^^^^^^^^^^^^,"{""level"":""error""}","{""project"":""70a52d41-885a-4854-b650-392635199b54"",""environment"":""67be7a60-8b6c-4987-8690-dbef25befe73"",""service"":""0f0f8a2f-9703-4f78-a3ed-8fcc57a55f5a"",""deployment"":""7bae97c9-ccbe-49fe-a672-c3ea4a2a6d1e"",""replica"":""5a8db334-f6d0-4ba9-a018-aa1be977e5fd""}",2026-02-15T09:40:38.844483942Z
"  File ""/usr/local/lib/python3.11/site-packages/django/utils/asyncio.py"", line 26, in inner","{""level"":""error""}","{""project"":""70a52d41-885a-4854-b650-392635199b54"",""environment"":""67be7a60-8b6c-4987-8690-dbef25befe73"",""service"":""0f0f8a2f-9703-4f78-a3ed-8fcc57a55f5a"",""deployment"":""7bae97c9-ccbe-49fe-a672-c3ea4a2a6d1e"",""replica"":""5a8db334-f6d0-4ba9-a018-aa1be977e5fd""}",2026-02-15T09:40:38.844488132Z
"    return func(*args, **kwargs)","{""level"":""error""}","{""project"":""70a52d41-885a-4854-b650-392635199b54"",""environment"":""67be7a60-8b6c-4987-8690-dbef25befe73"",""service"":""0f0f8a2f-9703-4f78-a3ed-8fcc57a55f5a"",""deployment"":""7bae97c9-ccbe-49fe-a672-c3ea4a2a6d1e"",""replica"":""5a8db334-f6d0-4ba9-a018-aa1be977e5fd""}",2026-02-15T09:40:38.844492302Z
           ^^^^^^^^^^^^^^^^^^^^^,"{""level"":""error""}","{""project"":""70a52d41-885a-4854-b650-392635199b54"",""environment"":""67be7a60-8b6c-4987-8690-dbef25befe73"",""service"":""0f0f8a2f-9703-4f78-a3ed-8fcc57a55f5a"",""deployment"":""7bae97c9-ccbe-49fe-a672-c3ea4a2a6d1e"",""replica"":""5a8db334-f6d0-4ba9-a018-aa1be977e5fd""}",2026-02-15T09:40:38.844496162Z
"  File ""/usr/local/lib/python3.11/site-packages/django/db/backends/postgresql/base.py"", line 332, in get_new_connection","{""level"":""error""}","{""project"":""70a52d41-885a-4854-b650-392635199b54"",""environment"":""67be7a60-8b6c-4987-8690-dbef25befe73"",""service"":""0f0f8a2f-9703-4f78-a3ed-8fcc57a55f5a"",""deployment"":""7bae97c9-ccbe-49fe-a672-c3ea4a2a6d1e"",""replica"":""5a8db334-f6d0-4ba9-a018-aa1be977e5fd""}",2026-02-15T09:40:38.844499892Z
    connection = self.Database.connect(**conn_params),"{""level"":""error""}","{""project"":""70a52d41-885a-4854-b650-392635199b54"",""environment"":""67be7a60-8b6c-4987-8690-dbef25befe73"",""service"":""0f0f8a2f-9703-4f78-a3ed-8fcc57a55f5a"",""deployment"":""7bae97c9-ccbe-49fe-a672-c3ea4a2a6d1e"",""replica"":""5a8db334-f6d0-4ba9-a018-aa1be977e5fd""}",2026-02-15T09:40:38.844505242Z
                 ^^^^^^^^^^^^^^^^^^^^^^^^^^^^^^^^^^^^,"{""level"":""error""}","{""project"":""70a52d41-885a-4854-b650-392635199b54"",""environment"":""67be7a60-8b6c-4987-8690-dbef25befe73"",""service"":""0f0f8a2f-9703-4f78-a3ed-8fcc57a55f5a"",""deployment"":""7bae97c9-ccbe-49fe-a672-c3ea4a2a6d1e"",""replica"":""5a8db334-f6d0-4ba9-a018-aa1be977e5fd""}",2026-02-15T09:40:38.844509592Z
"  File ""/usr/local/lib/python3.11/site-packages/psycopg2/__init__.py"", line 122, in connect","{""level"":""error""}","{""project"":""70a52d41-885a-4854-b650-392635199b54"",""environment"":""67be7a60-8b6c-4987-8690-dbef25befe73"",""service"":""0f0f8a2f-9703-4f78-a3ed-8fcc57a55f5a"",""deployment"":""7bae97c9-ccbe-49fe-a672-c3ea4a2a6d1e"",""replica"":""5a8db334-f6d0-4ba9-a018-aa1be977e5fd""}",2026-02-15T09:40:38.844514332Z
"    conn = _connect(dsn, connection_factory=connection_factory, **kwasync)","{""level"":""error""}","{""project"":""70a52d41-885a-4854-b650-392635199b54"",""environment"":""67be7a60-8b6c-4987-8690-dbef25befe73"",""service"":""0f0f8a2f-9703-4f78-a3ed-8fcc57a55f5a"",""deployment"":""7bae97c9-ccbe-49fe-a672-c3ea4a2a6d1e"",""replica"":""5a8db334-f6d0-4ba9-a018-aa1be977e5fd""}",2026-02-15T09:40:38.844518752Z
           ^^^^^^^^^^^^^^^^^^^^^^^^^^^^^^^^^^^^^^^^^^^^^^^^^^^^^^^^^^^^^^^,"{""level"":""error""}","{""project"":""70a52d41-885a-4854-b650-392635199b54"",""environment"":""67be7a60-8b6c-4987-8690-dbef25befe73"",""service"":""0f0f8a2f-9703-4f78-a3ed-8fcc57a55f5a"",""deployment"":""7bae97c9-ccbe-49fe-a672-c3ea4a2a6d1e"",""replica"":""5a8db334-f6d0-4ba9-a018-aa1be977e5fd""}",2026-02-15T09:40:38.844524092Z
"psycopg2.OperationalError: connection to server at ""15.164.188.235"", port 5432 failed: FATAL:  MaxClientsInSessionMode: max clients reached - in Session mode max clients are limited to pool_size","{""level"":""error""}","{""project"":""70a52d41-885a-4854-b650-392635199b54"",""environment"":""67be7a60-8b6c-4987-8690-dbef25befe73"",""service"":""0f0f8a2f-9703-4f78-a3ed-8fcc57a55f5a"",""deployment"":""7bae97c9-ccbe-49fe-a672-c3ea4a2a6d1e"",""replica"":""5a8db334-f6d0-4ba9-a018-aa1be977e5fd""}",2026-02-15T09:40:38.844862862Z
,"{""level"":""error""}","{""project"":""70a52d41-885a-4854-b650-392635199b54"",""environment"":""67be7a60-8b6c-4987-8690-dbef25befe73"",""service"":""0f0f8a2f-9703-4f78-a3ed-8fcc57a55f5a"",""deployment"":""7bae97c9-ccbe-49fe-a672-c3ea4a2a6d1e"",""replica"":""5a8db334-f6d0-4ba9-a018-aa1be977e5fd""}",2026-02-15T09:40:38.844879472Z
,"{""level"":""error""}","{""project"":""70a52d41-885a-4854-b650-392635199b54"",""environment"":""67be7a60-8b6c-4987-8690-dbef25befe73"",""service"":""0f0f8a2f-9703-4f78-a3ed-8fcc57a55f5a"",""deployment"":""7bae97c9-ccbe-49fe-a672-c3ea4a2a6d1e"",""replica"":""5a8db334-f6d0-4ba9-a018-aa1be977e5fd""}",2026-02-15T09:40:38.844887682Z
The above exception was the direct cause of the following exception:,"{""level"":""error""}","{""project"":""70a52d41-885a-4854-b650-392635199b54"",""environment"":""67be7a60-8b6c-4987-8690-dbef25befe73"",""service"":""0f0f8a2f-9703-4f78-a3ed-8fcc57a55f5a"",""deployment"":""7bae97c9-ccbe-49fe-a672-c3ea4a2a6d1e"",""replica"":""5a8db334-f6d0-4ba9-a018-aa1be977e5fd""}",2026-02-15T09:40:38.844896592Z
,"{""level"":""error""}","{""project"":""70a52d41-885a-4854-b650-392635199b54"",""environment"":""67be7a60-8b6c-4987-8690-dbef25befe73"",""service"":""0f0f8a2f-9703-4f78-a3ed-8fcc57a55f5a"",""deployment"":""7bae97c9-ccbe-49fe-a672-c3ea4a2a6d1e"",""replica"":""5a8db334-f6d0-4ba9-a018-aa1be977e5fd""}",2026-02-15T09:40:38.844904872Z
Traceback (most recent call last):,"{""level"":""error""}","{""project"":""70a52d41-885a-4854-b650-392635199b54"",""environment"":""67be7a60-8b6c-4987-8690-dbef25befe73"",""service"":""0f0f8a2f-9703-4f78-a3ed-8fcc57a55f5a"",""deployment"":""7bae97c9-ccbe-49fe-a672-c3ea4a2a6d1e"",""replica"":""5a8db334-f6d0-4ba9-a018-aa1be977e5fd""}",2026-02-15T09:40:38.844915812Z
"  File ""/usr/local/lib/python3.11/site-packages/asgiref/sync.py"", line 557, in thread_handler","{""level"":""error""}","{""project"":""70a52d41-885a-4854-b650-392635199b54"",""environment"":""67be7a60-8b6c-4987-8690-dbef25befe73"",""service"":""0f0f8a2f-9703-4f78-a3ed-8fcc57a55f5a"",""deployment"":""7bae97c9-ccbe-49fe-a672-c3ea4a2a6d1e"",""replica"":""5a8db334-f6d0-4ba9-a018-aa1be977e5fd""}",2026-02-15T09:40:38.844925712Z
    raise exc_info[1],"{""level"":""error""}","{""project"":""70a52d41-885a-4854-b650-392635199b54"",""environment"":""67be7a60-8b6c-4987-8690-dbef25befe73"",""service"":""0f0f8a2f-9703-4f78-a3ed-8fcc57a55f5a"",""deployment"":""7bae97c9-ccbe-49fe-a672-c3ea4a2a6d1e"",""replica"":""5a8db334-f6d0-4ba9-a018-aa1be977e5fd""}",2026-02-15T09:40:38.844935722Z
"  File ""/usr/local/lib/python3.11/site-packages/django/core/handlers/exception.py"", line 42, in inner","{""level"":""error""}","{""project"":""70a52d41-885a-4854-b650-392635199b54"",""environment"":""67be7a60-8b6c-4987-8690-dbef25befe73"",""service"":""0f0f8a2f-9703-4f78-a3ed-8fcc57a55f5a"",""deployment"":""7bae97c9-ccbe-49fe-a672-c3ea4a2a6d1e"",""replica"":""5a8db334-f6d0-4ba9-a018-aa1be977e5fd""}",2026-02-15T09:40:38.844945922Z
    response = await get_response(request),"{""level"":""error""}","{""project"":""70a52d41-885a-4854-b650-392635199b54"",""environment"":""67be7a60-8b6c-4987-8690-dbef25befe73"",""service"":""0f0f8a2f-9703-4f78-a3ed-8fcc57a55f5a"",""deployment"":""7bae97c9-ccbe-49fe-a672-c3ea4a2a6d1e"",""replica"":""5a8db334-f6d0-4ba9-a018-aa1be977e5fd""}",2026-02-15T09:40:38.844956822Z
               ^^^^^^^^^^^^^^^^^^^^^^^^^^^,"{""level"":""error""}","{""project"":""70a52d41-885a-4854-b650-392635199b54"",""environment"":""67be7a60-8b6c-4987-8690-dbef25befe73"",""service"":""0f0f8a2f-9703-4f78-a3ed-8fcc57a55f5a"",""deployment"":""7bae97c9-ccbe-49fe-a672-c3ea4a2a6d1e"",""replica"":""5a8db334-f6d0-4ba9-a018-aa1be977e5fd""}",2026-02-15T09:40:38.844966122Z
"  File ""/usr/local/lib/python3.11/site-packages/asgiref/sync.py"", line 557, in thread_handler","{""level"":""error""}","{""project"":""70a52d41-885a-4854-b650-392635199b54"",""environment"":""67be7a60-8b6c-4987-8690-dbef25befe73"",""service"":""0f0f8a2f-9703-4f78-a3ed-8fcc57a55f5a"",""deployment"":""7bae97c9-ccbe-49fe-a672-c3ea4a2a6d1e"",""replica"":""5a8db334-f6d0-4ba9-a018-aa1be977e5fd""}",2026-02-15T09:40:38.844974962Z
    raise exc_info[1],"{""level"":""error""}","{""project"":""70a52d41-885a-4854-b650-392635199b54"",""environment"":""67be7a60-8b6c-4987-8690-dbef25befe73"",""service"":""0f0f8a2f-9703-4f78-a3ed-8fcc57a55f5a"",""deployment"":""7bae97c9-ccbe-49fe-a672-c3ea4a2a6d1e"",""replica"":""5a8db334-f6d0-4ba9-a018-aa1be977e5fd""}",2026-02-15T09:40:38.844982432Z
"  File ""/usr/local/lib/python3.11/site-packages/django/core/handlers/base.py"", line 253, in _get_response_async","{""level"":""error""}","{""project"":""70a52d41-885a-4854-b650-392635199b54"",""environment"":""67be7a60-8b6c-4987-8690-dbef25befe73"",""service"":""0f0f8a2f-9703-4f78-a3ed-8fcc57a55f5a"",""deployment"":""7bae97c9-ccbe-49fe-a672-c3ea4a2a6d1e"",""replica"":""5a8db334-f6d0-4ba9-a018-aa1be977e5fd""}",2026-02-15T09:40:38.844989642Z
    response = await wrapped_callback(,"{""level"":""error""}","{""project"":""70a52d41-885a-4854-b650-392635199b54"",""environment"":""67be7a60-8b6c-4987-8690-dbef25befe73"",""service"":""0f0f8a2f-9703-4f78-a3ed-8fcc57a55f5a"",""deployment"":""7bae97c9-ccbe-49fe-a672-c3ea4a2a6d1e"",""replica"":""5a8db334-f6d0-4ba9-a018-aa1be977e5fd""}",2026-02-15T09:40:38.844996122Z
               ^^^^^^^^^^^^^^^^^^^^^^^,"{""level"":""error""}","{""project"":""70a52d41-885a-4854-b650-392635199b54"",""environment"":""67be7a60-8b6c-4987-8690-dbef25befe73"",""service"":""0f0f8a2f-9703-4f78-a3ed-8fcc57a55f5a"",""deployment"":""7bae97c9-ccbe-49fe-a672-c3ea4a2a6d1e"",""replica"":""5a8db334-f6d0-4ba9-a018-aa1be977e5fd""}",2026-02-15T09:40:38.845003162Z
"  File ""/usr/local/lib/python3.11/site-packages/asgiref/sync.py"", line 506, in __call__","{""level"":""error""}","{""project"":""70a52d41-885a-4854-b650-392635199b54"",""environment"":""67be7a60-8b6c-4987-8690-dbef25befe73"",""service"":""0f0f8a2f-9703-4f78-a3ed-8fcc57a55f5a"",""deployment"":""7bae97c9-ccbe-49fe-a672-c3ea4a2a6d1e"",""replica"":""5a8db334-f6d0-4ba9-a018-aa1be977e5fd""}",2026-02-15T09:40:38.845009362Z
    ret = await asyncio.shield(exec_coro),"{""level"":""error""}","{""project"":""70a52d41-885a-4854-b650-392635199b54"",""environment"":""67be7a60-8b6c-4987-8690-dbef25befe73"",""service"":""0f0f8a2f-9703-4f78-a3ed-8fcc57a55f5a"",""deployment"":""7bae97c9-ccbe-49fe-a672-c3ea4a2a6d1e"",""replica"":""5a8db334-f6d0-4ba9-a018-aa1be977e5fd""}",2026-02-15T09:40:38.845018542Z
          ^^^^^^^^^^^^^^^^^^^^^^^^^^^^^^^,"{""level"":""error""}","{""project"":""70a52d41-885a-4854-b650-392635199b54"",""environment"":""67be7a60-8b6c-4987-8690-dbef25befe73"",""service"":""0f0f8a2f-9703-4f78-a3ed-8fcc57a55f5a"",""deployment"":""7bae97c9-ccbe-49fe-a672-c3ea4a2a6d1e"",""replica"":""5a8db334-f6d0-4ba9-a018-aa1be977e5fd""}",2026-02-15T09:40:38.845024862Z
"  File ""/usr/local/lib/python3.11/site-packages/asgiref/current_thread_executor.py"", line 40, in run","{""level"":""error""}","{""project"":""70a52d41-885a-4854-b650-392635199b54"",""environment"":""67be7a60-8b6c-4987-8690-dbef25befe73"",""service"":""0f0f8a2f-9703-4f78-a3ed-8fcc57a55f5a"",""deployment"":""7bae97c9-ccbe-49fe-a672-c3ea4a2a6d1e"",""replica"":""5a8db334-f6d0-4ba9-a018-aa1be977e5fd""}",2026-02-15T09:40:38.845030832Z
"    result = self.fn(*self.args, **self.kwargs)","{""level"":""error""}","{""project"":""70a52d41-885a-4854-b650-392635199b54"",""environment"":""67be7a60-8b6c-4987-8690-dbef25befe73"",""service"":""0f0f8a2f-9703-4f78-a3ed-8fcc57a55f5a"",""deployment"":""7bae97c9-ccbe-49fe-a672-c3ea4a2a6d1e"",""replica"":""5a8db334-f6d0-4ba9-a018-aa1be977e5fd""}",2026-02-15T09:40:38.845238482Z
             ^^^^^^^^^^^^^^^^^^^^^^^^^^^^^^^^^^,"{""level"":""error""}","{""project"":""70a52d41-885a-4854-b650-392635199b54"",""environment"":""67be7a60-8b6c-4987-8690-dbef25befe73"",""service"":""0f0f8a2f-9703-4f78-a3ed-8fcc57a55f5a"",""deployment"":""7bae97c9-ccbe-49fe-a672-c3ea4a2a6d1e"",""replica"":""5a8db334-f6d0-4ba9-a018-aa1be977e5fd""}",2026-02-15T09:40:38.845244762Z
"  File ""/usr/local/lib/python3.11/site-packages/asgiref/sync.py"", line 561, in thread_handler","{""level"":""error""}","{""project"":""70a52d41-885a-4854-b650-392635199b54"",""environment"":""67be7a60-8b6c-4987-8690-dbef25befe73"",""service"":""0f0f8a2f-9703-4f78-a3ed-8fcc57a55f5a"",""deployment"":""7bae97c9-ccbe-49fe-a672-c3ea4a2a6d1e"",""replica"":""5a8db334-f6d0-4ba9-a018-aa1be977e5fd""}",2026-02-15T09:40:38.845251542Z
"    return func(*args, **kwargs)","{""level"":""error""}","{""project"":""70a52d41-885a-4854-b650-392635199b54"",""environment"":""67be7a60-8b6c-4987-8690-dbef25befe73"",""service"":""0f0f8a2f-9703-4f78-a3ed-8fcc57a55f5a"",""deployment"":""7bae97c9-ccbe-49fe-a672-c3ea4a2a6d1e"",""replica"":""5a8db334-f6d0-4ba9-a018-aa1be977e5fd""}",2026-02-15T09:40:38.845259572Z
           ^^^^^^^^^^^^^^^^^^^^^,"{""level"":""error""}","{""project"":""70a52d41-885a-4854-b650-392635199b54"",""environment"":""67be7a60-8b6c-4987-8690-dbef25befe73"",""service"":""0f0f8a2f-9703-4f78-a3ed-8fcc57a55f5a"",""deployment"":""7bae97c9-ccbe-49fe-a672-c3ea4a2a6d1e"",""replica"":""5a8db334-f6d0-4ba9-a018-aa1be977e5fd""}",2026-02-15T09:40:38.845269352Z
"  File ""/usr/local/lib/python3.11/site-packages/django/views/decorators/csrf.py"", line 65, in _view_wrapper","{""level"":""error""}","{""project"":""70a52d41-885a-4854-b650-392635199b54"",""environment"":""67be7a60-8b6c-4987-8690-dbef25befe73"",""service"":""0f0f8a2f-9703-4f78-a3ed-8fcc57a55f5a"",""deployment"":""7bae97c9-ccbe-49fe-a672-c3ea4a2a6d1e"",""replica"":""5a8db334-f6d0-4ba9-a018-aa1be977e5fd""}",2026-02-15T09:40:38.845278162Z
"    return view_func(request, *args, **kwargs)","{""level"":""error""}","{""project"":""70a52d41-885a-4854-b650-392635199b54"",""environment"":""67be7a60-8b6c-4987-8690-dbef25befe73"",""service"":""0f0f8a2f-9703-4f78-a3ed-8fcc57a55f5a"",""deployment"":""7bae97c9-ccbe-49fe-a672-c3ea4a2a6d1e"",""replica"":""5a8db334-f6d0-4ba9-a018-aa1be977e5fd""}",2026-02-15T09:40:38.845284242Z
           ^^^^^^^^^^^^^^^^^^^^^^^^^^^^^^^^^^^,"{""level"":""error""}","{""project"":""70a52d41-885a-4854-b650-392635199b54"",""environment"":""67be7a60-8b6c-4987-8690-dbef25befe73"",""service"":""0f0f8a2f-9703-4f78-a3ed-8fcc57a55f5a"",""deployment"":""7bae97c9-ccbe-49fe-a672-c3ea4a2a6d1e"",""replica"":""5a8db334-f6d0-4ba9-a018-aa1be977e5fd""}",2026-02-15T09:40:38.845290322Z
"  File ""/usr/local/lib/python3.11/site-packages/rest_framework/viewsets.py"", line 125, in view","{""level"":""error""}","{""project"":""70a52d41-885a-4854-b650-392635199b54"",""environment"":""67be7a60-8b6c-4987-8690-dbef25befe73"",""service"":""0f0f8a2f-9703-4f78-a3ed-8fcc57a55f5a"",""deployment"":""7bae97c9-ccbe-49fe-a672-c3ea4a2a6d1e"",""replica"":""5a8db334-f6d0-4ba9-a018-aa1be977e5fd""}",2026-02-15T09:40:38.845296342Z
"    return self.dispatch(request, *args, **kwargs)","{""level"":""error""}","{""project"":""70a52d41-885a-4854-b650-392635199b54"",""environment"":""67be7a60-8b6c-4987-8690-dbef25befe73"",""service"":""0f0f8a2f-9703-4f78-a3ed-8fcc57a55f5a"",""deployment"":""7bae97c9-ccbe-49fe-a672-c3ea4a2a6d1e"",""replica"":""5a8db334-f6d0-4ba9-a018-aa1be977e5fd""}",2026-02-15T09:40:38.845303032Z
           ^^^^^^^^^^^^^^^^^^^^^^^^^^^^^^^^^^^^^^^,"{""level"":""error""}","{""project"":""70a52d41-885a-4854-b650-392635199b54"",""environment"":""67be7a60-8b6c-4987-8690-dbef25befe73"",""service"":""0f0f8a2f-9703-4f78-a3ed-8fcc57a55f5a"",""deployment"":""7bae97c9-ccbe-49fe-a672-c3ea4a2a6d1e"",""replica"":""5a8db334-f6d0-4ba9-a018-aa1be977e5fd""}",2026-02-15T09:40:38.845310982Z
"  File ""/usr/local/lib/python3.11/site-packages/rest_framework/views.py"", line 515, in dispatch","{""level"":""error""}","{""project"":""70a52d41-885a-4854-b650-392635199b54"",""environment"":""67be7a60-8b6c-4987-8690-dbef25befe73"",""service"":""0f0f8a2f-9703-4f78-a3ed-8fcc57a55f5a"",""deployment"":""7bae97c9-ccbe-49fe-a672-c3ea4a2a6d1e"",""replica"":""5a8db334-f6d0-4ba9-a018-aa1be977e5fd""}",2026-02-15T09:40:38.845320502Z
    response = self.handle_exception(exc),"{""level"":""error""}","{""project"":""70a52d41-885a-4854-b650-392635199b54"",""environment"":""67be7a60-8b6c-4987-8690-dbef25befe73"",""service"":""0f0f8a2f-9703-4f78-a3ed-8fcc57a55f5a"",""deployment"":""7bae97c9-ccbe-49fe-a672-c3ea4a2a6d1e"",""replica"":""5a8db334-f6d0-4ba9-a018-aa1be977e5fd""}",2026-02-15T09:40:38.845328142Z
               ^^^^^^^^^^^^^^^^^^^^^^^^^^,"{""level"":""error""}","{""project"":""70a52d41-885a-4854-b650-392635199b54"",""environment"":""67be7a60-8b6c-4987-8690-dbef25befe73"",""service"":""0f0f8a2f-9703-4f78-a3ed-8fcc57a55f5a"",""deployment"":""7bae97c9-ccbe-49fe-a672-c3ea4a2a6d1e"",""replica"":""5a8db334-f6d0-4ba9-a018-aa1be977e5fd""}",2026-02-15T09:40:38.845333902Z
"  File ""/usr/local/lib/python3.11/site-packages/rest_framework/views.py"", line 475, in handle_exception","{""level"":""error""}","{""project"":""70a52d41-885a-4854-b650-392635199b54"",""environment"":""67be7a60-8b6c-4987-8690-dbef25befe73"",""service"":""0f0f8a2f-9703-4f78-a3ed-8fcc57a55f5a"",""deployment"":""7bae97c9-ccbe-49fe-a672-c3ea4a2a6d1e"",""replica"":""5a8db334-f6d0-4ba9-a018-aa1be977e5fd""}",2026-02-15T09:40:38.845340122Z
    self.raise_uncaught_exception(exc),"{""level"":""error""}","{""project"":""70a52d41-885a-4854-b650-392635199b54"",""environment"":""67be7a60-8b6c-4987-8690-dbef25befe73"",""service"":""0f0f8a2f-9703-4f78-a3ed-8fcc57a55f5a"",""deployment"":""7bae97c9-ccbe-49fe-a672-c3ea4a2a6d1e"",""replica"":""5a8db334-f6d0-4ba9-a018-aa1be977e5fd""}",2026-02-15T09:40:38.845345942Z
"  File ""/usr/local/lib/python3.11/site-packages/rest_framework/views.py"", line 486, in raise_uncaught_exception","{""level"":""error""}","{""project"":""70a52d41-885a-4854-b650-392635199b54"",""environment"":""67be7a60-8b6c-4987-8690-dbef25befe73"",""service"":""0f0f8a2f-9703-4f78-a3ed-8fcc57a55f5a"",""deployment"":""7bae97c9-ccbe-49fe-a672-c3ea4a2a6d1e"",""replica"":""5a8db334-f6d0-4ba9-a018-aa1be977e5fd""}",2026-02-15T09:40:38.845351462Z
    raise exc,"{""level"":""error""}","{""project"":""70a52d41-885a-4854-b650-392635199b54"",""environment"":""67be7a60-8b6c-4987-8690-dbef25befe73"",""service"":""0f0f8a2f-9703-4f78-a3ed-8fcc57a55f5a"",""deployment"":""7bae97c9-ccbe-49fe-a672-c3ea4a2a6d1e"",""replica"":""5a8db334-f6d0-4ba9-a018-aa1be977e5fd""}",2026-02-15T09:40:38.845358742Z
"  File ""/usr/local/lib/python3.11/site-packages/rest_framework/views.py"", line 503, in dispatch","{""level"":""error""}","{""project"":""70a52d41-885a-4854-b650-392635199b54"",""environment"":""67be7a60-8b6c-4987-8690-dbef25befe73"",""service"":""0f0f8a2f-9703-4f78-a3ed-8fcc57a55f5a"",""deployment"":""7bae97c9-ccbe-49fe-a672-c3ea4a2a6d1e"",""replica"":""5a8db334-f6d0-4ba9-a018-aa1be977e5fd""}",2026-02-15T09:40:38.845366492Z
"    self.initial(request, *args, **kwargs)","{""level"":""error""}","{""project"":""70a52d41-885a-4854-b650-392635199b54"",""environment"":""67be7a60-8b6c-4987-8690-dbef25befe73"",""service"":""0f0f8a2f-9703-4f78-a3ed-8fcc57a55f5a"",""deployment"":""7bae97c9-ccbe-49fe-a672-c3ea4a2a6d1e"",""replica"":""5a8db334-f6d0-4ba9-a018-aa1be977e5fd""}",2026-02-15T09:40:38.845373492Z
"  File ""/usr/local/lib/python3.11/site-packages/rest_framework/views.py"", line 420, in initial","{""level"":""error""}","{""project"":""70a52d41-885a-4854-b650-392635199b54"",""environment"":""67be7a60-8b6c-4987-8690-dbef25befe73"",""service"":""0f0f8a2f-9703-4f78-a3ed-8fcc57a55f5a"",""deployment"":""7bae97c9-ccbe-49fe-a672-c3ea4a2a6d1e"",""replica"":""5a8db334-f6d0-4ba9-a018-aa1be977e5fd""}",2026-02-15T09:40:38.845697752Z
    self.perform_authentication(request),"{""level"":""error""}","{""project"":""70a52d41-885a-4854-b650-392635199b54"",""environment"":""67be7a60-8b6c-4987-8690-dbef25befe73"",""service"":""0f0f8a2f-9703-4f78-a3ed-8fcc57a55f5a"",""deployment"":""7bae97c9-ccbe-49fe-a672-c3ea4a2a6d1e"",""replica"":""5a8db334-f6d0-4ba9-a018-aa1be977e5fd""}",2026-02-15T09:40:38.845703472Z
"  File ""/usr/local/lib/python3.11/site-packages/rest_framework/views.py"", line 330, in perform_authentication","{""level"":""error""}","{""project"":""70a52d41-885a-4854-b650-392635199b54"",""environment"":""67be7a60-8b6c-4987-8690-dbef25befe73"",""service"":""0f0f8a2f-9703-4f78-a3ed-8fcc57a55f5a"",""deployment"":""7bae97c9-ccbe-49fe-a672-c3ea4a2a6d1e"",""replica"":""5a8db334-f6d0-4ba9-a018-aa1be977e5fd""}",2026-02-15T09:40:38.845707812Z
    request.user,"{""level"":""error""}","{""project"":""70a52d41-885a-4854-b650-392635199b54"",""environment"":""67be7a60-8b6c-4987-8690-dbef25befe73"",""service"":""0f0f8a2f-9703-4f78-a3ed-8fcc57a55f5a"",""deployment"":""7bae97c9-ccbe-49fe-a672-c3ea4a2a6d1e"",""replica"":""5a8db334-f6d0-4ba9-a018-aa1be977e5fd""}",2026-02-15T09:40:38.845712852Z
"  File ""/usr/local/lib/python3.11/site-packages/rest_framework/request.py"", line 232, in user","{""level"":""error""}","{""project"":""70a52d41-885a-4854-b650-392635199b54"",""environment"":""67be7a60-8b6c-4987-8690-dbef25befe73"",""service"":""0f0f8a2f-9703-4f78-a3ed-8fcc57a55f5a"",""deployment"":""7bae97c9-ccbe-49fe-a672-c3ea4a2a6d1e"",""replica"":""5a8db334-f6d0-4ba9-a018-aa1be977e5fd""}",2026-02-15T09:40:38.845717312Z
    self._authenticate(),"{""level"":""error""}","{""project"":""70a52d41-885a-4854-b650-392635199b54"",""environment"":""67be7a60-8b6c-4987-8690-dbef25befe73"",""service"":""0f0f8a2f-9703-4f78-a3ed-8fcc57a55f5a"",""deployment"":""7bae97c9-ccbe-49fe-a672-c3ea4a2a6d1e"",""replica"":""5a8db334-f6d0-4ba9-a018-aa1be977e5fd""}",2026-02-15T09:40:38.845722802Z
"  File ""/usr/local/lib/python3.11/site-packages/rest_framework/request.py"", line 385, in _authenticate","{""level"":""error""}","{""project"":""70a52d41-885a-4854-b650-392635199b54"",""environment"":""67be7a60-8b6c-4987-8690-dbef25befe73"",""service"":""0f0f8a2f-9703-4f78-a3ed-8fcc57a55f5a"",""deployment"":""7bae97c9-ccbe-49fe-a672-c3ea4a2a6d1e"",""replica"":""5a8db334-f6d0-4ba9-a018-aa1be977e5fd""}",2026-02-15T09:40:38.845728702Z
    user_auth_tuple = authenticator.authenticate(self),"{""level"":""error""}","{""project"":""70a52d41-885a-4854-b650-392635199b54"",""environment"":""67be7a60-8b6c-4987-8690-dbef25befe73"",""service"":""0f0f8a2f-9703-4f78-a3ed-8fcc57a55f5a"",""deployment"":""7bae97c9-ccbe-49fe-a672-c3ea4a2a6d1e"",""replica"":""5a8db334-f6d0-4ba9-a018-aa1be977e5fd""}",2026-02-15T09:40:38.845733672Z
"HTTP b'POST' request for ['100.64.0.3', 46154]","{""level"":""error""}","{""project"":""70a52d41-885a-4854-b650-392635199b54"",""environment"":""67be7a60-8b6c-4987-8690-dbef25befe73"",""service"":""0f0f8a2f-9703-4f78-a3ed-8fcc57a55f5a"",""deployment"":""7bae97c9-ccbe-49fe-a672-c3ea4a2a6d1e"",""replica"":""5a8db334-f6d0-4ba9-a018-aa1be977e5fd""}",2026-02-15T09:40:39.683013232Z
Internal Server Error: /api/community/rooms/,"{""level"":""error""}","{""project"":""70a52d41-885a-4854-b650-392635199b54"",""environment"":""67be7a60-8b6c-4987-8690-dbef25befe73"",""service"":""0f0f8a2f-9703-4f78-a3ed-8fcc57a55f5a"",""deployment"":""7bae97c9-ccbe-49fe-a672-c3ea4a2a6d1e"",""replica"":""5a8db334-f6d0-4ba9-a018-aa1be977e5fd""}",2026-02-15T09:40:40.152844513Z
Traceback (most recent call last):,"{""level"":""error""}","{""project"":""70a52d41-885a-4854-b650-392635199b54"",""environment"":""67be7a60-8b6c-4987-8690-dbef25befe73"",""service"":""0f0f8a2f-9703-4f78-a3ed-8fcc57a55f5a"",""deployment"":""7bae97c9-ccbe-49fe-a672-c3ea4a2a6d1e"",""replica"":""5a8db334-f6d0-4ba9-a018-aa1be977e5fd""}",2026-02-15T09:40:40.152853273Z
"  File ""/usr/local/lib/python3.11/site-packages/django/db/backends/base/base.py"", line 279, in ensure_connection","{""level"":""error""}","{""project"":""70a52d41-885a-4854-b650-392635199b54"",""environment"":""67be7a60-8b6c-4987-8690-dbef25befe73"",""service"":""0f0f8a2f-9703-4f78-a3ed-8fcc57a55f5a"",""deployment"":""7bae97c9-ccbe-49fe-a672-c3ea4a2a6d1e"",""replica"":""5a8db334-f6d0-4ba9-a018-aa1be977e5fd""}",2026-02-15T09:40:40.152867403Z
    self.connect(),"{""level"":""error""}","{""project"":""70a52d41-885a-4854-b650-392635199b54"",""environment"":""67be7a60-8b6c-4987-8690-dbef25befe73"",""service"":""0f0f8a2f-9703-4f78-a3ed-8fcc57a55f5a"",""deployment"":""7bae97c9-ccbe-49fe-a672-c3ea4a2a6d1e"",""replica"":""5a8db334-f6d0-4ba9-a018-aa1be977e5fd""}",2026-02-15T09:40:40.152871943Z
"  File ""/usr/local/lib/python3.11/site-packages/django/utils/asyncio.py"", line 26, in inner","{""level"":""error""}","{""project"":""70a52d41-885a-4854-b650-392635199b54"",""environment"":""67be7a60-8b6c-4987-8690-dbef25befe73"",""service"":""0f0f8a2f-9703-4f78-a3ed-8fcc57a55f5a"",""deployment"":""7bae97c9-ccbe-49fe-a672-c3ea4a2a6d1e"",""replica"":""5a8db334-f6d0-4ba9-a018-aa1be977e5fd""}",2026-02-15T09:40:40.152876383Z
"    return func(*args, **kwargs)","{""level"":""error""}","{""project"":""70a52d41-885a-4854-b650-392635199b54"",""environment"":""67be7a60-8b6c-4987-8690-dbef25befe73"",""service"":""0f0f8a2f-9703-4f78-a3ed-8fcc57a55f5a"",""deployment"":""7bae97c9-ccbe-49fe-a672-c3ea4a2a6d1e"",""replica"":""5a8db334-f6d0-4ba9-a018-aa1be977e5fd""}",2026-02-15T09:40:40.152882873Z
           ^^^^^^^^^^^^^^^^^^^^^,"{""level"":""error""}","{""project"":""70a52d41-885a-4854-b650-392635199b54"",""environment"":""67be7a60-8b6c-4987-8690-dbef25befe73"",""service"":""0f0f8a2f-9703-4f78-a3ed-8fcc57a55f5a"",""deployment"":""7bae97c9-ccbe-49fe-a672-c3ea4a2a6d1e"",""replica"":""5a8db334-f6d0-4ba9-a018-aa1be977e5fd""}",2026-02-15T09:40:40.152886823Z
"  File ""/usr/local/lib/python3.11/site-packages/django/db/backends/base/base.py"", line 256, in connect","{""level"":""error""}","{""project"":""70a52d41-885a-4854-b650-392635199b54"",""environment"":""67be7a60-8b6c-4987-8690-dbef25befe73"",""service"":""0f0f8a2f-9703-4f78-a3ed-8fcc57a55f5a"",""deployment"":""7bae97c9-ccbe-49fe-a672-c3ea4a2a6d1e"",""replica"":""5a8db334-f6d0-4ba9-a018-aa1be977e5fd""}",2026-02-15T09:40:40.152893683Z
    self.connection = self.get_new_connection(conn_params),"{""level"":""error""}","{""project"":""70a52d41-885a-4854-b650-392635199b54"",""environment"":""67be7a60-8b6c-4987-8690-dbef25befe73"",""service"":""0f0f8a2f-9703-4f78-a3ed-8fcc57a55f5a"",""deployment"":""7bae97c9-ccbe-49fe-a672-c3ea4a2a6d1e"",""replica"":""5a8db334-f6d0-4ba9-a018-aa1be977e5fd""}",2026-02-15T09:40:40.152897623Z
                      ^^^^^^^^^^^^^^^^^^^^^^^^^^^^^^^^^^^^,"{""level"":""error""}","{""project"":""70a52d41-885a-4854-b650-392635199b54"",""environment"":""67be7a60-8b6c-4987-8690-dbef25befe73"",""service"":""0f0f8a2f-9703-4f78-a3ed-8fcc57a55f5a"",""deployment"":""7bae97c9-ccbe-49fe-a672-c3ea4a2a6d1e"",""replica"":""5a8db334-f6d0-4ba9-a018-aa1be977e5fd""}",2026-02-15T09:40:40.152901583Z
"  File ""/usr/local/lib/python3.11/site-packages/django/utils/asyncio.py"", line 26, in inner","{""level"":""error""}","{""project"":""70a52d41-885a-4854-b650-392635199b54"",""environment"":""67be7a60-8b6c-4987-8690-dbef25befe73"",""service"":""0f0f8a2f-9703-4f78-a3ed-8fcc57a55f5a"",""deployment"":""7bae97c9-ccbe-49fe-a672-c3ea4a2a6d1e"",""replica"":""5a8db334-f6d0-4ba9-a018-aa1be977e5fd""}",2026-02-15T09:40:40.152905253Z
"    return func(*args, **kwargs)","{""level"":""error""}","{""project"":""70a52d41-885a-4854-b650-392635199b54"",""environment"":""67be7a60-8b6c-4987-8690-dbef25befe73"",""service"":""0f0f8a2f-9703-4f78-a3ed-8fcc57a55f5a"",""deployment"":""7bae97c9-ccbe-49fe-a672-c3ea4a2a6d1e"",""replica"":""5a8db334-f6d0-4ba9-a018-aa1be977e5fd""}",2026-02-15T09:40:40.152909143Z
           ^^^^^^^^^^^^^^^^^^^^^,"{""level"":""error""}","{""project"":""70a52d41-885a-4854-b650-392635199b54"",""environment"":""67be7a60-8b6c-4987-8690-dbef25befe73"",""service"":""0f0f8a2f-9703-4f78-a3ed-8fcc57a55f5a"",""deployment"":""7bae97c9-ccbe-49fe-a672-c3ea4a2a6d1e"",""replica"":""5a8db334-f6d0-4ba9-a018-aa1be977e5fd""}",2026-02-15T09:40:40.152915123Z
"  File ""/usr/local/lib/python3.11/site-packages/django/db/backends/postgresql/base.py"", line 332, in get_new_connection","{""level"":""error""}","{""project"":""70a52d41-885a-4854-b650-392635199b54"",""environment"":""67be7a60-8b6c-4987-8690-dbef25befe73"",""service"":""0f0f8a2f-9703-4f78-a3ed-8fcc57a55f5a"",""deployment"":""7bae97c9-ccbe-49fe-a672-c3ea4a2a6d1e"",""replica"":""5a8db334-f6d0-4ba9-a018-aa1be977e5fd""}",2026-02-15T09:40:40.152919003Z
    connection = self.Database.connect(**conn_params),"{""level"":""error""}","{""project"":""70a52d41-885a-4854-b650-392635199b54"",""environment"":""67be7a60-8b6c-4987-8690-dbef25befe73"",""service"":""0f0f8a2f-9703-4f78-a3ed-8fcc57a55f5a"",""deployment"":""7bae97c9-ccbe-49fe-a672-c3ea4a2a6d1e"",""replica"":""5a8db334-f6d0-4ba9-a018-aa1be977e5fd""}",2026-02-15T09:40:40.152922673Z
                 ^^^^^^^^^^^^^^^^^^^^^^^^^^^^^^^^^^^^,"{""level"":""error""}","{""project"":""70a52d41-885a-4854-b650-392635199b54"",""environment"":""67be7a60-8b6c-4987-8690-dbef25befe73"",""service"":""0f0f8a2f-9703-4f78-a3ed-8fcc57a55f5a"",""deployment"":""7bae97c9-ccbe-49fe-a672-c3ea4a2a6d1e"",""replica"":""5a8db334-f6d0-4ba9-a018-aa1be977e5fd""}",2026-02-15T09:40:40.152926763Z
"  File ""/usr/local/lib/python3.11/site-packages/psycopg2/__init__.py"", line 122, in connect","{""level"":""error""}","{""project"":""70a52d41-885a-4854-b650-392635199b54"",""environment"":""67be7a60-8b6c-4987-8690-dbef25befe73"",""service"":""0f0f8a2f-9703-4f78-a3ed-8fcc57a55f5a"",""deployment"":""7bae97c9-ccbe-49fe-a672-c3ea4a2a6d1e"",""replica"":""5a8db334-f6d0-4ba9-a018-aa1be977e5fd""}",2026-02-15T09:40:40.152930343Z
"    conn = _connect(dsn, connection_factory=connection_factory, **kwasync)","{""level"":""error""}","{""project"":""70a52d41-885a-4854-b650-392635199b54"",""environment"":""67be7a60-8b6c-4987-8690-dbef25befe73"",""service"":""0f0f8a2f-9703-4f78-a3ed-8fcc57a55f5a"",""deployment"":""7bae97c9-ccbe-49fe-a672-c3ea4a2a6d1e"",""replica"":""5a8db334-f6d0-4ba9-a018-aa1be977e5fd""}",2026-02-15T09:40:40.152934813Z
           ^^^^^^^^^^^^^^^^^^^^^^^^^^^^^^^^^^^^^^^^^^^^^^^^^^^^^^^^^^^^^^^,"{""level"":""error""}","{""project"":""70a52d41-885a-4854-b650-392635199b54"",""environment"":""67be7a60-8b6c-4987-8690-dbef25befe73"",""service"":""0f0f8a2f-9703-4f78-a3ed-8fcc57a55f5a"",""deployment"":""7bae97c9-ccbe-49fe-a672-c3ea4a2a6d1e"",""replica"":""5a8db334-f6d0-4ba9-a018-aa1be977e5fd""}",2026-02-15T09:40:40.152943253Z
"psycopg2.OperationalError: connection to server at ""15.164.188.235"", port 5432 failed: FATAL:  MaxClientsInSessionMode: max clients reached - in Session mode max clients are limited to pool_size","{""level"":""error""}","{""project"":""70a52d41-885a-4854-b650-392635199b54"",""environment"":""67be7a60-8b6c-4987-8690-dbef25befe73"",""service"":""0f0f8a2f-9703-4f78-a3ed-8fcc57a55f5a"",""deployment"":""7bae97c9-ccbe-49fe-a672-c3ea4a2a6d1e"",""replica"":""5a8db334-f6d0-4ba9-a018-aa1be977e5fd""}",2026-02-15T09:40:40.153429103Z
,"{""level"":""error""}","{""project"":""70a52d41-885a-4854-b650-392635199b54"",""environment"":""67be7a60-8b6c-4987-8690-dbef25befe73"",""service"":""0f0f8a2f-9703-4f78-a3ed-8fcc57a55f5a"",""deployment"":""7bae97c9-ccbe-49fe-a672-c3ea4a2a6d1e"",""replica"":""5a8db334-f6d0-4ba9-a018-aa1be977e5fd""}",2026-02-15T09:40:40.153435753Z
,"{""level"":""error""}","{""project"":""70a52d41-885a-4854-b650-392635199b54"",""environment"":""67be7a60-8b6c-4987-8690-dbef25befe73"",""service"":""0f0f8a2f-9703-4f78-a3ed-8fcc57a55f5a"",""deployment"":""7bae97c9-ccbe-49fe-a672-c3ea4a2a6d1e"",""replica"":""5a8db334-f6d0-4ba9-a018-aa1be977e5fd""}",2026-02-15T09:40:40.153443463Z
The above exception was the direct cause of the following exception:,"{""level"":""error""}","{""project"":""70a52d41-885a-4854-b650-392635199b54"",""environment"":""67be7a60-8b6c-4987-8690-dbef25befe73"",""service"":""0f0f8a2f-9703-4f78-a3ed-8fcc57a55f5a"",""deployment"":""7bae97c9-ccbe-49fe-a672-c3ea4a2a6d1e"",""replica"":""5a8db334-f6d0-4ba9-a018-aa1be977e5fd""}",2026-02-15T09:40:40.153450573Z
,"{""level"":""error""}","{""project"":""70a52d41-885a-4854-b650-392635199b54"",""environment"":""67be7a60-8b6c-4987-8690-dbef25befe73"",""service"":""0f0f8a2f-9703-4f78-a3ed-8fcc57a55f5a"",""deployment"":""7bae97c9-ccbe-49fe-a672-c3ea4a2a6d1e"",""replica"":""5a8db334-f6d0-4ba9-a018-aa1be977e5fd""}",2026-02-15T09:40:40.153458053Z
Traceback (most recent call last):,"{""level"":""error""}","{""project"":""70a52d41-885a-4854-b650-392635199b54"",""environment"":""67be7a60-8b6c-4987-8690-dbef25befe73"",""service"":""0f0f8a2f-9703-4f78-a3ed-8fcc57a55f5a"",""deployment"":""7bae97c9-ccbe-49fe-a672-c3ea4a2a6d1e"",""replica"":""5a8db334-f6d0-4ba9-a018-aa1be977e5fd""}",2026-02-15T09:40:40.153465273Z
"  File ""/usr/local/lib/python3.11/site-packages/asgiref/sync.py"", line 557, in thread_handler","{""level"":""error""}","{""project"":""70a52d41-885a-4854-b650-392635199b54"",""environment"":""67be7a60-8b6c-4987-8690-dbef25befe73"",""service"":""0f0f8a2f-9703-4f78-a3ed-8fcc57a55f5a"",""deployment"":""7bae97c9-ccbe-49fe-a672-c3ea4a2a6d1e"",""replica"":""5a8db334-f6d0-4ba9-a018-aa1be977e5fd""}",2026-02-15T09:40:40.153472163Z
    raise exc_info[1],"{""level"":""error""}","{""project"":""70a52d41-885a-4854-b650-392635199b54"",""environment"":""67be7a60-8b6c-4987-8690-dbef25befe73"",""service"":""0f0f8a2f-9703-4f78-a3ed-8fcc57a55f5a"",""deployment"":""7bae97c9-ccbe-49fe-a672-c3ea4a2a6d1e"",""replica"":""5a8db334-f6d0-4ba9-a018-aa1be977e5fd""}",2026-02-15T09:40:40.153478393Z
"  File ""/usr/local/lib/python3.11/site-packages/django/core/handlers/exception.py"", line 42, in inner","{""level"":""error""}","{""project"":""70a52d41-885a-4854-b650-392635199b54"",""environment"":""67be7a60-8b6c-4987-8690-dbef25befe73"",""service"":""0f0f8a2f-9703-4f78-a3ed-8fcc57a55f5a"",""deployment"":""7bae97c9-ccbe-49fe-a672-c3ea4a2a6d1e"",""replica"":""5a8db334-f6d0-4ba9-a018-aa1be977e5fd""}",2026-02-15T09:40:40.153485573Z
    response = await get_response(request),"{""level"":""error""}","{""project"":""70a52d41-885a-4854-b650-392635199b54"",""environment"":""67be7a60-8b6c-4987-8690-dbef25befe73"",""service"":""0f0f8a2f-9703-4f78-a3ed-8fcc57a55f5a"",""deployment"":""7bae97c9-ccbe-49fe-a672-c3ea4a2a6d1e"",""replica"":""5a8db334-f6d0-4ba9-a018-aa1be977e5fd""}",2026-02-15T09:40:40.153493353Z
               ^^^^^^^^^^^^^^^^^^^^^^^^^^^,"{""level"":""error""}","{""project"":""70a52d41-885a-4854-b650-392635199b54"",""environment"":""67be7a60-8b6c-4987-8690-dbef25befe73"",""service"":""0f0f8a2f-9703-4f78-a3ed-8fcc57a55f5a"",""deployment"":""7bae97c9-ccbe-49fe-a672-c3ea4a2a6d1e"",""replica"":""5a8db334-f6d0-4ba9-a018-aa1be977e5fd""}",2026-02-15T09:40:40.153499313Z
"  File ""/usr/local/lib/python3.11/site-packages/asgiref/sync.py"", line 557, in thread_handler","{""level"":""error""}","{""project"":""70a52d41-885a-4854-b650-392635199b54"",""environment"":""67be7a60-8b6c-4987-8690-dbef25befe73"",""service"":""0f0f8a2f-9703-4f78-a3ed-8fcc57a55f5a"",""deployment"":""7bae97c9-ccbe-49fe-a672-c3ea4a2a6d1e"",""replica"":""5a8db334-f6d0-4ba9-a018-aa1be977e5fd""}",2026-02-15T09:40:40.153505133Z
    raise exc_info[1],"{""level"":""error""}","{""project"":""70a52d41-885a-4854-b650-392635199b54"",""environment"":""67be7a60-8b6c-4987-8690-dbef25befe73"",""service"":""0f0f8a2f-9703-4f78-a3ed-8fcc57a55f5a"",""deployment"":""7bae97c9-ccbe-49fe-a672-c3ea4a2a6d1e"",""replica"":""5a8db334-f6d0-4ba9-a018-aa1be977e5fd""}",2026-02-15T09:40:40.153512113Z
"  File ""/usr/local/lib/python3.11/site-packages/django/core/handlers/base.py"", line 253, in _get_response_async","{""level"":""error""}","{""project"":""70a52d41-885a-4854-b650-392635199b54"",""environment"":""67be7a60-8b6c-4987-8690-dbef25befe73"",""service"":""0f0f8a2f-9703-4f78-a3ed-8fcc57a55f5a"",""deployment"":""7bae97c9-ccbe-49fe-a672-c3ea4a2a6d1e"",""replica"":""5a8db334-f6d0-4ba9-a018-aa1be977e5fd""}",2026-02-15T09:40:40.153517493Z
    response = await wrapped_callback(,"{""level"":""error""}","{""project"":""70a52d41-885a-4854-b650-392635199b54"",""environment"":""67be7a60-8b6c-4987-8690-dbef25befe73"",""service"":""0f0f8a2f-9703-4f78-a3ed-8fcc57a55f5a"",""deployment"":""7bae97c9-ccbe-49fe-a672-c3ea4a2a6d1e"",""replica"":""5a8db334-f6d0-4ba9-a018-aa1be977e5fd""}",2026-02-15T09:40:40.153522993Z
               ^^^^^^^^^^^^^^^^^^^^^^^,"{""level"":""error""}","{""project"":""70a52d41-885a-4854-b650-392635199b54"",""environment"":""67be7a60-8b6c-4987-8690-dbef25befe73"",""service"":""0f0f8a2f-9703-4f78-a3ed-8fcc57a55f5a"",""deployment"":""7bae97c9-ccbe-49fe-a672-c3ea4a2a6d1e"",""replica"":""5a8db334-f6d0-4ba9-a018-aa1be977e5fd""}",2026-02-15T09:40:40.153528353Z
"  File ""/usr/local/lib/python3.11/site-packages/asgiref/sync.py"", line 506, in __call__","{""level"":""error""}","{""project"":""70a52d41-885a-4854-b650-392635199b54"",""environment"":""67be7a60-8b6c-4987-8690-dbef25befe73"",""service"":""0f0f8a2f-9703-4f78-a3ed-8fcc57a55f5a"",""deployment"":""7bae97c9-ccbe-49fe-a672-c3ea4a2a6d1e"",""replica"":""5a8db334-f6d0-4ba9-a018-aa1be977e5fd""}",2026-02-15T09:40:40.153533933Z
    ret = await asyncio.shield(exec_coro),"{""level"":""error""}","{""project"":""70a52d41-885a-4854-b650-392635199b54"",""environment"":""67be7a60-8b6c-4987-8690-dbef25befe73"",""service"":""0f0f8a2f-9703-4f78-a3ed-8fcc57a55f5a"",""deployment"":""7bae97c9-ccbe-49fe-a672-c3ea4a2a6d1e"",""replica"":""5a8db334-f6d0-4ba9-a018-aa1be977e5fd""}",2026-02-15T09:40:40.153540083Z
          ^^^^^^^^^^^^^^^^^^^^^^^^^^^^^^^,"{""level"":""error""}","{""project"":""70a52d41-885a-4854-b650-392635199b54"",""environment"":""67be7a60-8b6c-4987-8690-dbef25befe73"",""service"":""0f0f8a2f-9703-4f78-a3ed-8fcc57a55f5a"",""deployment"":""7bae97c9-ccbe-49fe-a672-c3ea4a2a6d1e"",""replica"":""5a8db334-f6d0-4ba9-a018-aa1be977e5fd""}",2026-02-15T09:40:40.153555843Z
"  File ""/usr/local/lib/python3.11/site-packages/asgiref/current_thread_executor.py"", line 40, in run","{""level"":""error""}","{""project"":""70a52d41-885a-4854-b650-392635199b54"",""environment"":""67be7a60-8b6c-4987-8690-dbef25befe73"",""service"":""0f0f8a2f-9703-4f78-a3ed-8fcc57a55f5a"",""deployment"":""7bae97c9-ccbe-49fe-a672-c3ea4a2a6d1e"",""replica"":""5a8db334-f6d0-4ba9-a018-aa1be977e5fd""}",2026-02-15T09:40:40.153560593Z
"    result = self.fn(*self.args, **self.kwargs)","{""level"":""error""}","{""project"":""70a52d41-885a-4854-b650-392635199b54"",""environment"":""67be7a60-8b6c-4987-8690-dbef25befe73"",""service"":""0f0f8a2f-9703-4f78-a3ed-8fcc57a55f5a"",""deployment"":""7bae97c9-ccbe-49fe-a672-c3ea4a2a6d1e"",""replica"":""5a8db334-f6d0-4ba9-a018-aa1be977e5fd""}",2026-02-15T09:40:40.154019483Z
             ^^^^^^^^^^^^^^^^^^^^^^^^^^^^^^^^^^,"{""level"":""error""}","{""project"":""70a52d41-885a-4854-b650-392635199b54"",""environment"":""67be7a60-8b6c-4987-8690-dbef25befe73"",""service"":""0f0f8a2f-9703-4f78-a3ed-8fcc57a55f5a"",""deployment"":""7bae97c9-ccbe-49fe-a672-c3ea4a2a6d1e"",""replica"":""5a8db334-f6d0-4ba9-a018-aa1be977e5fd""}",2026-02-15T09:40:40.154026603Z
    raise exc,"{""level"":""error""}","{""project"":""70a52d41-885a-4854-b650-392635199b54"",""environment"":""67be7a60-8b6c-4987-8690-dbef25befe73"",""service"":""0f0f8a2f-9703-4f78-a3ed-8fcc57a55f5a"",""deployment"":""7bae97c9-ccbe-49fe-a672-c3ea4a2a6d1e"",""replica"":""5a8db334-f6d0-4ba9-a018-aa1be977e5fd""}",2026-02-15T09:40:40.154029073Z
"  File ""/usr/local/lib/python3.11/site-packages/asgiref/sync.py"", line 561, in thread_handler","{""level"":""error""}","{""project"":""70a52d41-885a-4854-b650-392635199b54"",""environment"":""67be7a60-8b6c-4987-8690-dbef25befe73"",""service"":""0f0f8a2f-9703-4f78-a3ed-8fcc57a55f5a"",""deployment"":""7bae97c9-ccbe-49fe-a672-c3ea4a2a6d1e"",""replica"":""5a8db334-f6d0-4ba9-a018-aa1be977e5fd""}",2026-02-15T09:40:40.154031593Z
"    return func(*args, **kwargs)","{""level"":""error""}","{""project"":""70a52d41-885a-4854-b650-392635199b54"",""environment"":""67be7a60-8b6c-4987-8690-dbef25befe73"",""service"":""0f0f8a2f-9703-4f78-a3ed-8fcc57a55f5a"",""deployment"":""7bae97c9-ccbe-49fe-a672-c3ea4a2a6d1e"",""replica"":""5a8db334-f6d0-4ba9-a018-aa1be977e5fd""}",2026-02-15T09:40:40.154035953Z
"  File ""/usr/local/lib/python3.11/site-packages/rest_framework/views.py"", line 503, in dispatch","{""level"":""error""}","{""project"":""70a52d41-885a-4854-b650-392635199b54"",""environment"":""67be7a60-8b6c-4987-8690-dbef25befe73"",""service"":""0f0f8a2f-9703-4f78-a3ed-8fcc57a55f5a"",""deployment"":""7bae97c9-ccbe-49fe-a672-c3ea4a2a6d1e"",""replica"":""5a8db334-f6d0-4ba9-a018-aa1be977e5fd""}",2026-02-15T09:40:40.154037223Z
           ^^^^^^^^^^^^^^^^^^^^^,"{""level"":""error""}","{""project"":""70a52d41-885a-4854-b650-392635199b54"",""environment"":""67be7a60-8b6c-4987-8690-dbef25befe73"",""service"":""0f0f8a2f-9703-4f78-a3ed-8fcc57a55f5a"",""deployment"":""7bae97c9-ccbe-49fe-a672-c3ea4a2a6d1e"",""replica"":""5a8db334-f6d0-4ba9-a018-aa1be977e5fd""}",2026-02-15T09:40:40.154040793Z
"    self.initial(request, *args, **kwargs)","{""level"":""error""}","{""project"":""70a52d41-885a-4854-b650-392635199b54"",""environment"":""67be7a60-8b6c-4987-8690-dbef25befe73"",""service"":""0f0f8a2f-9703-4f78-a3ed-8fcc57a55f5a"",""deployment"":""7bae97c9-ccbe-49fe-a672-c3ea4a2a6d1e"",""replica"":""5a8db334-f6d0-4ba9-a018-aa1be977e5fd""}",2026-02-15T09:40:40.154044123Z
"  File ""/usr/local/lib/python3.11/site-packages/django/views/decorators/csrf.py"", line 65, in _view_wrapper","{""level"":""error""}","{""project"":""70a52d41-885a-4854-b650-392635199b54"",""environment"":""67be7a60-8b6c-4987-8690-dbef25befe73"",""service"":""0f0f8a2f-9703-4f78-a3ed-8fcc57a55f5a"",""deployment"":""7bae97c9-ccbe-49fe-a672-c3ea4a2a6d1e"",""replica"":""5a8db334-f6d0-4ba9-a018-aa1be977e5fd""}",2026-02-15T09:40:40.154045833Z
           ^^^^^^^^^^^^^^^^^^^^^^^^^^^^^^^^^^^^^^^,"{""level"":""error""}","{""project"":""70a52d41-885a-4854-b650-392635199b54"",""environment"":""67be7a60-8b6c-4987-8690-dbef25befe73"",""service"":""0f0f8a2f-9703-4f78-a3ed-8fcc57a55f5a"",""deployment"":""7bae97c9-ccbe-49fe-a672-c3ea4a2a6d1e"",""replica"":""5a8db334-f6d0-4ba9-a018-aa1be977e5fd""}",2026-02-15T09:40:40.154047923Z
"    return view_func(request, *args, **kwargs)","{""level"":""error""}","{""project"":""70a52d41-885a-4854-b650-392635199b54"",""environment"":""67be7a60-8b6c-4987-8690-dbef25befe73"",""service"":""0f0f8a2f-9703-4f78-a3ed-8fcc57a55f5a"",""deployment"":""7bae97c9-ccbe-49fe-a672-c3ea4a2a6d1e"",""replica"":""5a8db334-f6d0-4ba9-a018-aa1be977e5fd""}",2026-02-15T09:40:40.154050513Z
           ^^^^^^^^^^^^^^^^^^^^^^^^^^^^^^^^^^^,"{""level"":""error""}","{""project"":""70a52d41-885a-4854-b650-392635199b54"",""environment"":""67be7a60-8b6c-4987-8690-dbef25befe73"",""service"":""0f0f8a2f-9703-4f78-a3ed-8fcc57a55f5a"",""deployment"":""7bae97c9-ccbe-49fe-a672-c3ea4a2a6d1e"",""replica"":""5a8db334-f6d0-4ba9-a018-aa1be977e5fd""}",2026-02-15T09:40:40.154055033Z
"  File ""/usr/local/lib/python3.11/site-packages/rest_framework/viewsets.py"", line 125, in view","{""level"":""error""}","{""project"":""70a52d41-885a-4854-b650-392635199b54"",""environment"":""67be7a60-8b6c-4987-8690-dbef25befe73"",""service"":""0f0f8a2f-9703-4f78-a3ed-8fcc57a55f5a"",""deployment"":""7bae97c9-ccbe-49fe-a672-c3ea4a2a6d1e"",""replica"":""5a8db334-f6d0-4ba9-a018-aa1be977e5fd""}",2026-02-15T09:40:40.154059673Z
"  File ""/usr/local/lib/python3.11/site-packages/rest_framework/views.py"", line 515, in dispatch","{""level"":""error""}","{""project"":""70a52d41-885a-4854-b650-392635199b54"",""environment"":""67be7a60-8b6c-4987-8690-dbef25befe73"",""service"":""0f0f8a2f-9703-4f78-a3ed-8fcc57a55f5a"",""deployment"":""7bae97c9-ccbe-49fe-a672-c3ea4a2a6d1e"",""replica"":""5a8db334-f6d0-4ba9-a018-aa1be977e5fd""}",2026-02-15T09:40:40.154060053Z
"    return self.dispatch(request, *args, **kwargs)","{""level"":""error""}","{""project"":""70a52d41-885a-4854-b650-392635199b54"",""environment"":""67be7a60-8b6c-4987-8690-dbef25befe73"",""service"":""0f0f8a2f-9703-4f78-a3ed-8fcc57a55f5a"",""deployment"":""7bae97c9-ccbe-49fe-a672-c3ea4a2a6d1e"",""replica"":""5a8db334-f6d0-4ba9-a018-aa1be977e5fd""}",2026-02-15T09:40:40.154064113Z
    response = self.handle_exception(exc),"{""level"":""error""}","{""project"":""70a52d41-885a-4854-b650-392635199b54"",""environment"":""67be7a60-8b6c-4987-8690-dbef25befe73"",""service"":""0f0f8a2f-9703-4f78-a3ed-8fcc57a55f5a"",""deployment"":""7bae97c9-ccbe-49fe-a672-c3ea4a2a6d1e"",""replica"":""5a8db334-f6d0-4ba9-a018-aa1be977e5fd""}",2026-02-15T09:40:40.154069013Z
               ^^^^^^^^^^^^^^^^^^^^^^^^^^,"{""level"":""error""}","{""project"":""70a52d41-885a-4854-b650-392635199b54"",""environment"":""67be7a60-8b6c-4987-8690-dbef25befe73"",""service"":""0f0f8a2f-9703-4f78-a3ed-8fcc57a55f5a"",""deployment"":""7bae97c9-ccbe-49fe-a672-c3ea4a2a6d1e"",""replica"":""5a8db334-f6d0-4ba9-a018-aa1be977e5fd""}",2026-02-15T09:40:40.154077673Z
"  File ""/usr/local/lib/python3.11/site-packages/rest_framework/views.py"", line 475, in handle_exception","{""level"":""error""}","{""project"":""70a52d41-885a-4854-b650-392635199b54"",""environment"":""67be7a60-8b6c-4987-8690-dbef25befe73"",""service"":""0f0f8a2f-9703-4f78-a3ed-8fcc57a55f5a"",""deployment"":""7bae97c9-ccbe-49fe-a672-c3ea4a2a6d1e"",""replica"":""5a8db334-f6d0-4ba9-a018-aa1be977e5fd""}",2026-02-15T09:40:40.154086033Z
    self.raise_uncaught_exception(exc),"{""level"":""error""}","{""project"":""70a52d41-885a-4854-b650-392635199b54"",""environment"":""67be7a60-8b6c-4987-8690-dbef25befe73"",""service"":""0f0f8a2f-9703-4f78-a3ed-8fcc57a55f5a"",""deployment"":""7bae97c9-ccbe-49fe-a672-c3ea4a2a6d1e"",""replica"":""5a8db334-f6d0-4ba9-a018-aa1be977e5fd""}",2026-02-15T09:40:40.154094383Z
"  File ""/usr/local/lib/python3.11/site-packages/rest_framework/views.py"", line 486, in raise_uncaught_exception","{""level"":""error""}","{""project"":""70a52d41-885a-4854-b650-392635199b54"",""environment"":""67be7a60-8b6c-4987-8690-dbef25befe73"",""service"":""0f0f8a2f-9703-4f78-a3ed-8fcc57a55f5a"",""deployment"":""7bae97c9-ccbe-49fe-a672-c3ea4a2a6d1e"",""replica"":""5a8db334-f6d0-4ba9-a018-aa1be977e5fd""}",2026-02-15T09:40:40.154101483Z
           ^^^^^^^^^^^^^^^^^^^^^^^^^^^^^^^^^^^^^^^^^^^^^^^^^^^^^^^^^^^^^^^^^^^^,"{""level"":""error""}","{""project"":""70a52d41-885a-4854-b650-392635199b54"",""environment"":""67be7a60-8b6c-4987-8690-dbef25befe73"",""service"":""0f0f8a2f-9703-4f78-a3ed-8fcc57a55f5a"",""deployment"":""7bae97c9-ccbe-49fe-a672-c3ea4a2a6d1e"",""replica"":""5a8db334-f6d0-4ba9-a018-aa1be977e5fd""}",2026-02-15T09:40:40.154581253Z
"  File ""/usr/local/lib/python3.11/site-packages/rest_framework/views.py"", line 420, in initial","{""level"":""error""}","{""project"":""70a52d41-885a-4854-b650-392635199b54"",""environment"":""67be7a60-8b6c-4987-8690-dbef25befe73"",""service"":""0f0f8a2f-9703-4f78-a3ed-8fcc57a55f5a"",""deployment"":""7bae97c9-ccbe-49fe-a672-c3ea4a2a6d1e"",""replica"":""5a8db334-f6d0-4ba9-a018-aa1be977e5fd""}",2026-02-15T09:40:40.154581293Z
"  File ""/usr/local/lib/python3.11/site-packages/django/db/models/manager.py"", line 87, in manager_method","{""level"":""error""}","{""project"":""70a52d41-885a-4854-b650-392635199b54"",""environment"":""67be7a60-8b6c-4987-8690-dbef25befe73"",""service"":""0f0f8a2f-9703-4f78-a3ed-8fcc57a55f5a"",""deployment"":""7bae97c9-ccbe-49fe-a672-c3ea4a2a6d1e"",""replica"":""5a8db334-f6d0-4ba9-a018-aa1be977e5fd""}",2026-02-15T09:40:40.154589823Z
    self.perform_authentication(request),"{""level"":""error""}","{""project"":""70a52d41-885a-4854-b650-392635199b54"",""environment"":""67be7a60-8b6c-4987-8690-dbef25befe73"",""service"":""0f0f8a2f-9703-4f78-a3ed-8fcc57a55f5a"",""deployment"":""7bae97c9-ccbe-49fe-a672-c3ea4a2a6d1e"",""replica"":""5a8db334-f6d0-4ba9-a018-aa1be977e5fd""}",2026-02-15T09:40:40.154589853Z
"  File ""/usr/local/lib/python3.11/site-packages/rest_framework/views.py"", line 330, in perform_authentication","{""level"":""error""}","{""project"":""70a52d41-885a-4854-b650-392635199b54"",""environment"":""67be7a60-8b6c-4987-8690-dbef25befe73"",""service"":""0f0f8a2f-9703-4f78-a3ed-8fcc57a55f5a"",""deployment"":""7bae97c9-ccbe-49fe-a672-c3ea4a2a6d1e"",""replica"":""5a8db334-f6d0-4ba9-a018-aa1be977e5fd""}",2026-02-15T09:40:40.154596313Z
"    return getattr(self.get_queryset(), name)(*args, **kwargs)","{""level"":""error""}","{""project"":""70a52d41-885a-4854-b650-392635199b54"",""environment"":""67be7a60-8b6c-4987-8690-dbef25befe73"",""service"":""0f0f8a2f-9703-4f78-a3ed-8fcc57a55f5a"",""deployment"":""7bae97c9-ccbe-49fe-a672-c3ea4a2a6d1e"",""replica"":""5a8db334-f6d0-4ba9-a018-aa1be977e5fd""}",2026-02-15T09:40:40.154596473Z
           ^^^^^^^^^^^^^^^^^^^^^^^^^^^^^^^^^^^^^^^^^^^^^^^^^^^,"{""level"":""error""}","{""project"":""70a52d41-885a-4854-b650-392635199b54"",""environment"":""67be7a60-8b6c-4987-8690-dbef25befe73"",""service"":""0f0f8a2f-9703-4f78-a3ed-8fcc57a55f5a"",""deployment"":""7bae97c9-ccbe-49fe-a672-c3ea4a2a6d1e"",""replica"":""5a8db334-f6d0-4ba9-a018-aa1be977e5fd""}",2026-02-15T09:40:40.154602303Z
    request.user,"{""level"":""error""}","{""project"":""70a52d41-885a-4854-b650-392635199b54"",""environment"":""67be7a60-8b6c-4987-8690-dbef25befe73"",""service"":""0f0f8a2f-9703-4f78-a3ed-8fcc57a55f5a"",""deployment"":""7bae97c9-ccbe-49fe-a672-c3ea4a2a6d1e"",""replica"":""5a8db334-f6d0-4ba9-a018-aa1be977e5fd""}",2026-02-15T09:40:40.154602343Z
"  File ""/usr/local/lib/python3.11/site-packages/rest_framework/request.py"", line 232, in user","{""level"":""error""}","{""project"":""70a52d41-885a-4854-b650-392635199b54"",""environment"":""67be7a60-8b6c-4987-8690-dbef25befe73"",""service"":""0f0f8a2f-9703-4f78-a3ed-8fcc57a55f5a"",""deployment"":""7bae97c9-ccbe-49fe-a672-c3ea4a2a6d1e"",""replica"":""5a8db334-f6d0-4ba9-a018-aa1be977e5fd""}",2026-02-15T09:40:40.154610063Z
    self._authenticate(),"{""level"":""error""}","{""project"":""70a52d41-885a-4854-b650-392635199b54"",""environment"":""67be7a60-8b6c-4987-8690-dbef25befe73"",""service"":""0f0f8a2f-9703-4f78-a3ed-8fcc57a55f5a"",""deployment"":""7bae97c9-ccbe-49fe-a672-c3ea4a2a6d1e"",""replica"":""5a8db334-f6d0-4ba9-a018-aa1be977e5fd""}",2026-02-15T09:40:40.154616483Z
"  File ""/usr/local/lib/python3.11/site-packages/rest_framework/request.py"", line 385, in _authenticate","{""level"":""error""}","{""project"":""70a52d41-885a-4854-b650-392635199b54"",""environment"":""67be7a60-8b6c-4987-8690-dbef25befe73"",""service"":""0f0f8a2f-9703-4f78-a3ed-8fcc57a55f5a"",""deployment"":""7bae97c9-ccbe-49fe-a672-c3ea4a2a6d1e"",""replica"":""5a8db334-f6d0-4ba9-a018-aa1be977e5fd""}",2026-02-15T09:40:40.154622653Z
    user_auth_tuple = authenticator.authenticate(self),"{""level"":""error""}","{""project"":""70a52d41-885a-4854-b650-392635199b54"",""environment"":""67be7a60-8b6c-4987-8690-dbef25befe73"",""service"":""0f0f8a2f-9703-4f78-a3ed-8fcc57a55f5a"",""deployment"":""7bae97c9-ccbe-49fe-a672-c3ea4a2a6d1e"",""replica"":""5a8db334-f6d0-4ba9-a018-aa1be977e5fd""}",2026-02-15T09:40:40.154628503Z
                      ^^^^^^^^^^^^^^^^^^^^^^^^^^^^^^^^,"{""level"":""error""}","{""project"":""70a52d41-885a-4854-b650-392635199b54"",""environment"":""67be7a60-8b6c-4987-8690-dbef25befe73"",""service"":""0f0f8a2f-9703-4f78-a3ed-8fcc57a55f5a"",""deployment"":""7bae97c9-ccbe-49fe-a672-c3ea4a2a6d1e"",""replica"":""5a8db334-f6d0-4ba9-a018-aa1be977e5fd""}",2026-02-15T09:40:40.154634293Z
"  File ""/usr/local/lib/python3.11/site-packages/rest_framework_simplejwt/authentication.py"", line 51, in authenticate","{""level"":""error""}","{""project"":""70a52d41-885a-4854-b650-392635199b54"",""environment"":""67be7a60-8b6c-4987-8690-dbef25befe73"",""service"":""0f0f8a2f-9703-4f78-a3ed-8fcc57a55f5a"",""deployment"":""7bae97c9-ccbe-49fe-a672-c3ea4a2a6d1e"",""replica"":""5a8db334-f6d0-4ba9-a018-aa1be977e5fd""}",2026-02-15T09:40:40.154639793Z
"    return self.get_user(validated_token), validated_token","{""level"":""error""}","{""project"":""70a52d41-885a-4854-b650-392635199b54"",""environment"":""67be7a60-8b6c-4987-8690-dbef25befe73"",""service"":""0f0f8a2f-9703-4f78-a3ed-8fcc57a55f5a"",""deployment"":""7bae97c9-ccbe-49fe-a672-c3ea4a2a6d1e"",""replica"":""5a8db334-f6d0-4ba9-a018-aa1be977e5fd""}",2026-02-15T09:40:40.154645353Z
           ^^^^^^^^^^^^^^^^^^^^^^^^^^^^^^,"{""level"":""error""}","{""project"":""70a52d41-885a-4854-b650-392635199b54"",""environment"":""67be7a60-8b6c-4987-8690-dbef25befe73"",""service"":""0f0f8a2f-9703-4f78-a3ed-8fcc57a55f5a"",""deployment"":""7bae97c9-ccbe-49fe-a672-c3ea4a2a6d1e"",""replica"":""5a8db334-f6d0-4ba9-a018-aa1be977e5fd""}",2026-02-15T09:40:40.154651543Z
"  File ""/usr/local/lib/python3.11/site-packages/rest_framework_simplejwt/authentication.py"", line 132, in get_user","{""level"":""error""}","{""project"":""70a52d41-885a-4854-b650-392635199b54"",""environment"":""67be7a60-8b6c-4987-8690-dbef25befe73"",""service"":""0f0f8a2f-9703-4f78-a3ed-8fcc57a55f5a"",""deployment"":""7bae97c9-ccbe-49fe-a672-c3ea4a2a6d1e"",""replica"":""5a8db334-f6d0-4ba9-a018-aa1be977e5fd""}",2026-02-15T09:40:40.154658213Z
    user = self.user_model.objects.get(**{api_settings.USER_ID_FIELD: user_id}),"{""level"":""error""}","{""project"":""70a52d41-885a-4854-b650-392635199b54"",""environment"":""67be7a60-8b6c-4987-8690-dbef25befe73"",""service"":""0f0f8a2f-9703-4f78-a3ed-8fcc57a55f5a"",""deployment"":""7bae97c9-ccbe-49fe-a672-c3ea4a2a6d1e"",""replica"":""5a8db334-f6d0-4ba9-a018-aa1be977e5fd""}",2026-02-15T09:40:40.154663803Z
"  File ""/usr/local/lib/python3.11/site-packages/django/db/models/query.py"", line 631, in get","{""level"":""error""}","{""project"":""70a52d41-885a-4854-b650-392635199b54"",""environment"":""67be7a60-8b6c-4987-8690-dbef25befe73"",""service"":""0f0f8a2f-9703-4f78-a3ed-8fcc57a55f5a"",""deployment"":""7bae97c9-ccbe-49fe-a672-c3ea4a2a6d1e"",""replica"":""5a8db334-f6d0-4ba9-a018-aa1be977e5fd""}",2026-02-15T09:40:40.155608202Z
    num = len(clone),"{""level"":""error""}","{""project"":""70a52d41-885a-4854-b650-392635199b54"",""environment"":""67be7a60-8b6c-4987-8690-dbef25befe73"",""service"":""0f0f8a2f-9703-4f78-a3ed-8fcc57a55f5a"",""deployment"":""7bae97c9-ccbe-49fe-a672-c3ea4a2a6d1e"",""replica"":""5a8db334-f6d0-4ba9-a018-aa1be977e5fd""}",2026-02-15T09:40:40.155614822Z
          ^^^^^^^^^^,"{""level"":""error""}","{""project"":""70a52d41-885a-4854-b650-392635199b54"",""environment"":""67be7a60-8b6c-4987-8690-dbef25befe73"",""service"":""0f0f8a2f-9703-4f78-a3ed-8fcc57a55f5a"",""deployment"":""7bae97c9-ccbe-49fe-a672-c3ea4a2a6d1e"",""replica"":""5a8db334-f6d0-4ba9-a018-aa1be977e5fd""}",2026-02-15T09:40:40.155619962Z
"  File ""/usr/local/lib/python3.11/site-packages/django/db/models/query.py"", line 368, in __len__","{""level"":""error""}","{""project"":""70a52d41-885a-4854-b650-392635199b54"",""environment"":""67be7a60-8b6c-4987-8690-dbef25befe73"",""service"":""0f0f8a2f-9703-4f78-a3ed-8fcc57a55f5a"",""deployment"":""7bae97c9-ccbe-49fe-a672-c3ea4a2a6d1e"",""replica"":""5a8db334-f6d0-4ba9-a018-aa1be977e5fd""}",2026-02-15T09:40:40.155626042Z
    self._fetch_all(),"{""level"":""error""}","{""project"":""70a52d41-885a-4854-b650-392635199b54"",""environment"":""67be7a60-8b6c-4987-8690-dbef25befe73"",""service"":""0f0f8a2f-9703-4f78-a3ed-8fcc57a55f5a"",""deployment"":""7bae97c9-ccbe-49fe-a672-c3ea4a2a6d1e"",""replica"":""5a8db334-f6d0-4ba9-a018-aa1be977e5fd""}",2026-02-15T09:40:40.155631462Z
"  File ""/usr/local/lib/python3.11/site-packages/django/db/models/query.py"", line 1954, in _fetch_all","{""level"":""error""}","{""project"":""70a52d41-885a-4854-b650-392635199b54"",""environment"":""67be7a60-8b6c-4987-8690-dbef25befe73"",""service"":""0f0f8a2f-9703-4f78-a3ed-8fcc57a55f5a"",""deployment"":""7bae97c9-ccbe-49fe-a672-c3ea4a2a6d1e"",""replica"":""5a8db334-f6d0-4ba9-a018-aa1be977e5fd""}",2026-02-15T09:40:40.155636762Z
    self._result_cache = list(self._iterable_class(self)),"{""level"":""error""}","{""project"":""70a52d41-885a-4854-b650-392635199b54"",""environment"":""67be7a60-8b6c-4987-8690-dbef25befe73"",""service"":""0f0f8a2f-9703-4f78-a3ed-8fcc57a55f5a"",""deployment"":""7bae97c9-ccbe-49fe-a672-c3ea4a2a6d1e"",""replica"":""5a8db334-f6d0-4ba9-a018-aa1be977e5fd""}",2026-02-15T09:40:40.155642182Z
                         ^^^^^^^^^^^^^^^^^^^^^^^^^^^^^^^^,"{""level"":""error""}","{""project"":""70a52d41-885a-4854-b650-392635199b54"",""environment"":""67be7a60-8b6c-4987-8690-dbef25befe73"",""service"":""0f0f8a2f-9703-4f78-a3ed-8fcc57a55f5a"",""deployment"":""7bae97c9-ccbe-49fe-a672-c3ea4a2a6d1e"",""replica"":""5a8db334-f6d0-4ba9-a018-aa1be977e5fd""}",2026-02-15T09:40:40.155646993Z
"  File ""/usr/local/lib/python3.11/site-packages/django/db/models/query.py"", line 93, in __iter__","{""level"":""error""}","{""project"":""70a52d41-885a-4854-b650-392635199b54"",""environment"":""67be7a60-8b6c-4987-8690-dbef25befe73"",""service"":""0f0f8a2f-9703-4f78-a3ed-8fcc57a55f5a"",""deployment"":""7bae97c9-ccbe-49fe-a672-c3ea4a2a6d1e"",""replica"":""5a8db334-f6d0-4ba9-a018-aa1be977e5fd""}",2026-02-15T09:40:40.155652853Z
    results = compiler.execute_sql(,"{""level"":""error""}","{""project"":""70a52d41-885a-4854-b650-392635199b54"",""environment"":""67be7a60-8b6c-4987-8690-dbef25befe73"",""service"":""0f0f8a2f-9703-4f78-a3ed-8fcc57a55f5a"",""deployment"":""7bae97c9-ccbe-49fe-a672-c3ea4a2a6d1e"",""replica"":""5a8db334-f6d0-4ba9-a018-aa1be977e5fd""}",2026-02-15T09:40:40.155659882Z
              ^^^^^^^^^^^^^^^^^^^^^,"{""level"":""error""}","{""project"":""70a52d41-885a-4854-b650-392635199b54"",""environment"":""67be7a60-8b6c-4987-8690-dbef25befe73"",""service"":""0f0f8a2f-9703-4f78-a3ed-8fcc57a55f5a"",""deployment"":""7bae97c9-ccbe-49fe-a672-c3ea4a2a6d1e"",""replica"":""5a8db334-f6d0-4ba9-a018-aa1be977e5fd""}",2026-02-15T09:40:40.155665062Z
"  File ""/usr/local/lib/python3.11/site-packages/django/db/models/sql/compiler.py"", line 1621, in execute_sql","{""level"":""error""}","{""project"":""70a52d41-885a-4854-b650-392635199b54"",""environment"":""67be7a60-8b6c-4987-8690-dbef25befe73"",""service"":""0f0f8a2f-9703-4f78-a3ed-8fcc57a55f5a"",""deployment"":""7bae97c9-ccbe-49fe-a672-c3ea4a2a6d1e"",""replica"":""5a8db334-f6d0-4ba9-a018-aa1be977e5fd""}",2026-02-15T09:40:40.155670182Z
    cursor = self.connection.cursor(),"{""level"":""error""}","{""project"":""70a52d41-885a-4854-b650-392635199b54"",""environment"":""67be7a60-8b6c-4987-8690-dbef25befe73"",""service"":""0f0f8a2f-9703-4f78-a3ed-8fcc57a55f5a"",""deployment"":""7bae97c9-ccbe-49fe-a672-c3ea4a2a6d1e"",""replica"":""5a8db334-f6d0-4ba9-a018-aa1be977e5fd""}",2026-02-15T09:40:40.155676013Z
             ^^^^^^^^^^^^^^^^^^^^^^^^,"{""level"":""error""}","{""project"":""70a52d41-885a-4854-b650-392635199b54"",""environment"":""67be7a60-8b6c-4987-8690-dbef25befe73"",""service"":""0f0f8a2f-9703-4f78-a3ed-8fcc57a55f5a"",""deployment"":""7bae97c9-ccbe-49fe-a672-c3ea4a2a6d1e"",""replica"":""5a8db334-f6d0-4ba9-a018-aa1be977e5fd""}",2026-02-15T09:40:40.155682213Z
"  File ""/usr/local/lib/python3.11/site-packages/django/utils/asyncio.py"", line 26, in inner","{""level"":""error""}","{""project"":""70a52d41-885a-4854-b650-392635199b54"",""environment"":""67be7a60-8b6c-4987-8690-dbef25befe73"",""service"":""0f0f8a2f-9703-4f78-a3ed-8fcc57a55f5a"",""deployment"":""7bae97c9-ccbe-49fe-a672-c3ea4a2a6d1e"",""replica"":""5a8db334-f6d0-4ba9-a018-aa1be977e5fd""}",2026-02-15T09:40:40.155688242Z
"    return func(*args, **kwargs)","{""level"":""error""}","{""project"":""70a52d41-885a-4854-b650-392635199b54"",""environment"":""67be7a60-8b6c-4987-8690-dbef25befe73"",""service"":""0f0f8a2f-9703-4f78-a3ed-8fcc57a55f5a"",""deployment"":""7bae97c9-ccbe-49fe-a672-c3ea4a2a6d1e"",""replica"":""5a8db334-f6d0-4ba9-a018-aa1be977e5fd""}",2026-02-15T09:40:40.155693933Z
           ^^^^^^^^^^^^^^^^^^^^^,"{""level"":""error""}","{""project"":""70a52d41-885a-4854-b650-392635199b54"",""environment"":""67be7a60-8b6c-4987-8690-dbef25befe73"",""service"":""0f0f8a2f-9703-4f78-a3ed-8fcc57a55f5a"",""deployment"":""7bae97c9-ccbe-49fe-a672-c3ea4a2a6d1e"",""replica"":""5a8db334-f6d0-4ba9-a018-aa1be977e5fd""}",2026-02-15T09:40:40.155698893Z
"  File ""/usr/local/lib/python3.11/site-packages/django/db/backends/base/base.py"", line 320, in cursor","{""level"":""error""}","{""project"":""70a52d41-885a-4854-b650-392635199b54"",""environment"":""67be7a60-8b6c-4987-8690-dbef25befe73"",""service"":""0f0f8a2f-9703-4f78-a3ed-8fcc57a55f5a"",""deployment"":""7bae97c9-ccbe-49fe-a672-c3ea4a2a6d1e"",""replica"":""5a8db334-f6d0-4ba9-a018-aa1be977e5fd""}",2026-02-15T09:40:40.155704262Z
    return self._cursor(),"{""level"":""error""}","{""project"":""70a52d41-885a-4854-b650-392635199b54"",""environment"":""67be7a60-8b6c-4987-8690-dbef25befe73"",""service"":""0f0f8a2f-9703-4f78-a3ed-8fcc57a55f5a"",""deployment"":""7bae97c9-ccbe-49fe-a672-c3ea4a2a6d1e"",""replica"":""5a8db334-f6d0-4ba9-a018-aa1be977e5fd""}",2026-02-15T09:40:40.155709842Z
           ^^^^^^^^^^^^^^,"{""level"":""error""}","{""project"":""70a52d41-885a-4854-b650-392635199b54"",""environment"":""67be7a60-8b6c-4987-8690-dbef25befe73"",""service"":""0f0f8a2f-9703-4f78-a3ed-8fcc57a55f5a"",""deployment"":""7bae97c9-ccbe-49fe-a672-c3ea4a2a6d1e"",""replica"":""5a8db334-f6d0-4ba9-a018-aa1be977e5fd""}",2026-02-15T09:40:40.155714642Z
"  File ""/usr/local/lib/python3.11/site-packages/django/db/backends/base/base.py"", line 296, in _cursor","{""level"":""error""}","{""project"":""70a52d41-885a-4854-b650-392635199b54"",""environment"":""67be7a60-8b6c-4987-8690-dbef25befe73"",""service"":""0f0f8a2f-9703-4f78-a3ed-8fcc57a55f5a"",""deployment"":""7bae97c9-ccbe-49fe-a672-c3ea4a2a6d1e"",""replica"":""5a8db334-f6d0-4ba9-a018-aa1be977e5fd""}",2026-02-15T09:40:40.155720493Z
    self.ensure_connection(),"{""level"":""error""}","{""project"":""70a52d41-885a-4854-b650-392635199b54"",""environment"":""67be7a60-8b6c-4987-8690-dbef25befe73"",""service"":""0f0f8a2f-9703-4f78-a3ed-8fcc57a55f5a"",""deployment"":""7bae97c9-ccbe-49fe-a672-c3ea4a2a6d1e"",""replica"":""5a8db334-f6d0-4ba9-a018-aa1be977e5fd""}",2026-02-15T09:40:40.155724982Z
"  File ""/usr/local/lib/python3.11/site-packages/django/utils/asyncio.py"", line 26, in inner","{""level"":""error""}","{""project"":""70a52d41-885a-4854-b650-392635199b54"",""environment"":""67be7a60-8b6c-4987-8690-dbef25befe73"",""service"":""0f0f8a2f-9703-4f78-a3ed-8fcc57a55f5a"",""deployment"":""7bae97c9-ccbe-49fe-a672-c3ea4a2a6d1e"",""replica"":""5a8db334-f6d0-4ba9-a018-aa1be977e5fd""}",2026-02-15T09:40:40.155732982Z
"HTTP b'POST' request for ['100.64.0.5', 45214]","{""level"":""error""}","{""project"":""70a52d41-885a-4854-b650-392635199b54"",""environment"":""67be7a60-8b6c-4987-8690-dbef25befe73"",""service"":""0f0f8a2f-9703-4f78-a3ed-8fcc57a55f5a"",""deployment"":""7bae97c9-ccbe-49fe-a672-c3ea4a2a6d1e"",""replica"":""5a8db334-f6d0-4ba9-a018-aa1be977e5fd""}",2026-02-15T09:40:41.414785172Z
Internal Server Error: /api/community/rooms/,"{""level"":""error""}","{""project"":""70a52d41-885a-4854-b650-392635199b54"",""environment"":""67be7a60-8b6c-4987-8690-dbef25befe73"",""service"":""0f0f8a2f-9703-4f78-a3ed-8fcc57a55f5a"",""deployment"":""7bae97c9-ccbe-49fe-a672-c3ea4a2a6d1e"",""replica"":""5a8db334-f6d0-4ba9-a018-aa1be977e5fd""}",2026-02-15T09:40:41.831086992Z
Traceback (most recent call last):,"{""level"":""error""}","{""project"":""70a52d41-885a-4854-b650-392635199b54"",""environment"":""67be7a60-8b6c-4987-8690-dbef25befe73"",""service"":""0f0f8a2f-9703-4f78-a3ed-8fcc57a55f5a"",""deployment"":""7bae97c9-ccbe-49fe-a672-c3ea4a2a6d1e"",""replica"":""5a8db334-f6d0-4ba9-a018-aa1be977e5fd""}",2026-02-15T09:40:41.831097852Z
"  File ""/usr/local/lib/python3.11/site-packages/django/db/backends/base/base.py"", line 279, in ensure_connection","{""level"":""error""}","{""project"":""70a52d41-885a-4854-b650-392635199b54"",""environment"":""67be7a60-8b6c-4987-8690-dbef25befe73"",""service"":""0f0f8a2f-9703-4f78-a3ed-8fcc57a55f5a"",""deployment"":""7bae97c9-ccbe-49fe-a672-c3ea4a2a6d1e"",""replica"":""5a8db334-f6d0-4ba9-a018-aa1be977e5fd""}",2026-02-15T09:40:41.831106282Z
    self.connect(),"{""level"":""error""}","{""project"":""70a52d41-885a-4854-b650-392635199b54"",""environment"":""67be7a60-8b6c-4987-8690-dbef25befe73"",""service"":""0f0f8a2f-9703-4f78-a3ed-8fcc57a55f5a"",""deployment"":""7bae97c9-ccbe-49fe-a672-c3ea4a2a6d1e"",""replica"":""5a8db334-f6d0-4ba9-a018-aa1be977e5fd""}",2026-02-15T09:40:41.831114322Z
"  File ""/usr/local/lib/python3.11/site-packages/django/utils/asyncio.py"", line 26, in inner","{""level"":""error""}","{""project"":""70a52d41-885a-4854-b650-392635199b54"",""environment"":""67be7a60-8b6c-4987-8690-dbef25befe73"",""service"":""0f0f8a2f-9703-4f78-a3ed-8fcc57a55f5a"",""deployment"":""7bae97c9-ccbe-49fe-a672-c3ea4a2a6d1e"",""replica"":""5a8db334-f6d0-4ba9-a018-aa1be977e5fd""}",2026-02-15T09:40:41.831122492Z
"    return func(*args, **kwargs)","{""level"":""error""}","{""project"":""70a52d41-885a-4854-b650-392635199b54"",""environment"":""67be7a60-8b6c-4987-8690-dbef25befe73"",""service"":""0f0f8a2f-9703-4f78-a3ed-8fcc57a55f5a"",""deployment"":""7bae97c9-ccbe-49fe-a672-c3ea4a2a6d1e"",""replica"":""5a8db334-f6d0-4ba9-a018-aa1be977e5fd""}",2026-02-15T09:40:41.831130522Z
           ^^^^^^^^^^^^^^^^^^^^^,"{""level"":""error""}","{""project"":""70a52d41-885a-4854-b650-392635199b54"",""environment"":""67be7a60-8b6c-4987-8690-dbef25befe73"",""service"":""0f0f8a2f-9703-4f78-a3ed-8fcc57a55f5a"",""deployment"":""7bae97c9-ccbe-49fe-a672-c3ea4a2a6d1e"",""replica"":""5a8db334-f6d0-4ba9-a018-aa1be977e5fd""}",2026-02-15T09:40:41.831139332Z
"  File ""/usr/local/lib/python3.11/site-packages/django/db/backends/base/base.py"", line 256, in connect","{""level"":""error""}","{""project"":""70a52d41-885a-4854-b650-392635199b54"",""environment"":""67be7a60-8b6c-4987-8690-dbef25befe73"",""service"":""0f0f8a2f-9703-4f78-a3ed-8fcc57a55f5a"",""deployment"":""7bae97c9-ccbe-49fe-a672-c3ea4a2a6d1e"",""replica"":""5a8db334-f6d0-4ba9-a018-aa1be977e5fd""}",2026-02-15T09:40:41.831147522Z
    self.connection = self.get_new_connection(conn_params),"{""level"":""error""}","{""project"":""70a52d41-885a-4854-b650-392635199b54"",""environment"":""67be7a60-8b6c-4987-8690-dbef25befe73"",""service"":""0f0f8a2f-9703-4f78-a3ed-8fcc57a55f5a"",""deployment"":""7bae97c9-ccbe-49fe-a672-c3ea4a2a6d1e"",""replica"":""5a8db334-f6d0-4ba9-a018-aa1be977e5fd""}",2026-02-15T09:40:41.831154942Z
                      ^^^^^^^^^^^^^^^^^^^^^^^^^^^^^^^^^^^^,"{""level"":""error""}","{""project"":""70a52d41-885a-4854-b650-392635199b54"",""environment"":""67be7a60-8b6c-4987-8690-dbef25befe73"",""service"":""0f0f8a2f-9703-4f78-a3ed-8fcc57a55f5a"",""deployment"":""7bae97c9-ccbe-49fe-a672-c3ea4a2a6d1e"",""replica"":""5a8db334-f6d0-4ba9-a018-aa1be977e5fd""}",2026-02-15T09:40:41.831162712Z
"  File ""/usr/local/lib/python3.11/site-packages/django/utils/asyncio.py"", line 26, in inner","{""level"":""error""}","{""project"":""70a52d41-885a-4854-b650-392635199b54"",""environment"":""67be7a60-8b6c-4987-8690-dbef25befe73"",""service"":""0f0f8a2f-9703-4f78-a3ed-8fcc57a55f5a"",""deployment"":""7bae97c9-ccbe-49fe-a672-c3ea4a2a6d1e"",""replica"":""5a8db334-f6d0-4ba9-a018-aa1be977e5fd""}",2026-02-15T09:40:41.831169782Z
"    return func(*args, **kwargs)","{""level"":""error""}","{""project"":""70a52d41-885a-4854-b650-392635199b54"",""environment"":""67be7a60-8b6c-4987-8690-dbef25befe73"",""service"":""0f0f8a2f-9703-4f78-a3ed-8fcc57a55f5a"",""deployment"":""7bae97c9-ccbe-49fe-a672-c3ea4a2a6d1e"",""replica"":""5a8db334-f6d0-4ba9-a018-aa1be977e5fd""}",2026-02-15T09:40:41.831177602Z
           ^^^^^^^^^^^^^^^^^^^^^,"{""level"":""error""}","{""project"":""70a52d41-885a-4854-b650-392635199b54"",""environment"":""67be7a60-8b6c-4987-8690-dbef25befe73"",""service"":""0f0f8a2f-9703-4f78-a3ed-8fcc57a55f5a"",""deployment"":""7bae97c9-ccbe-49fe-a672-c3ea4a2a6d1e"",""replica"":""5a8db334-f6d0-4ba9-a018-aa1be977e5fd""}",2026-02-15T09:40:41.831184212Z
"  File ""/usr/local/lib/python3.11/site-packages/django/db/backends/postgresql/base.py"", line 332, in get_new_connection","{""level"":""error""}","{""project"":""70a52d41-885a-4854-b650-392635199b54"",""environment"":""67be7a60-8b6c-4987-8690-dbef25befe73"",""service"":""0f0f8a2f-9703-4f78-a3ed-8fcc57a55f5a"",""deployment"":""7bae97c9-ccbe-49fe-a672-c3ea4a2a6d1e"",""replica"":""5a8db334-f6d0-4ba9-a018-aa1be977e5fd""}",2026-02-15T09:40:41.831191222Z
    connection = self.Database.connect(**conn_params),"{""level"":""error""}","{""project"":""70a52d41-885a-4854-b650-392635199b54"",""environment"":""67be7a60-8b6c-4987-8690-dbef25befe73"",""service"":""0f0f8a2f-9703-4f78-a3ed-8fcc57a55f5a"",""deployment"":""7bae97c9-ccbe-49fe-a672-c3ea4a2a6d1e"",""replica"":""5a8db334-f6d0-4ba9-a018-aa1be977e5fd""}",2026-02-15T09:40:41.831198342Z
                 ^^^^^^^^^^^^^^^^^^^^^^^^^^^^^^^^^^^^,"{""level"":""error""}","{""project"":""70a52d41-885a-4854-b650-392635199b54"",""environment"":""67be7a60-8b6c-4987-8690-dbef25befe73"",""service"":""0f0f8a2f-9703-4f78-a3ed-8fcc57a55f5a"",""deployment"":""7bae97c9-ccbe-49fe-a672-c3ea4a2a6d1e"",""replica"":""5a8db334-f6d0-4ba9-a018-aa1be977e5fd""}",2026-02-15T09:40:41.831204892Z
"  File ""/usr/local/lib/python3.11/site-packages/psycopg2/__init__.py"", line 122, in connect","{""level"":""error""}","{""project"":""70a52d41-885a-4854-b650-392635199b54"",""environment"":""67be7a60-8b6c-4987-8690-dbef25befe73"",""service"":""0f0f8a2f-9703-4f78-a3ed-8fcc57a55f5a"",""deployment"":""7bae97c9-ccbe-49fe-a672-c3ea4a2a6d1e"",""replica"":""5a8db334-f6d0-4ba9-a018-aa1be977e5fd""}",2026-02-15T09:40:41.831212502Z
"    conn = _connect(dsn, connection_factory=connection_factory, **kwasync)","{""level"":""error""}","{""project"":""70a52d41-885a-4854-b650-392635199b54"",""environment"":""67be7a60-8b6c-4987-8690-dbef25befe73"",""service"":""0f0f8a2f-9703-4f78-a3ed-8fcc57a55f5a"",""deployment"":""7bae97c9-ccbe-49fe-a672-c3ea4a2a6d1e"",""replica"":""5a8db334-f6d0-4ba9-a018-aa1be977e5fd""}",2026-02-15T09:40:41.831221312Z
           ^^^^^^^^^^^^^^^^^^^^^^^^^^^^^^^^^^^^^^^^^^^^^^^^^^^^^^^^^^^^^^^,"{""level"":""error""}","{""project"":""70a52d41-885a-4854-b650-392635199b54"",""environment"":""67be7a60-8b6c-4987-8690-dbef25befe73"",""service"":""0f0f8a2f-9703-4f78-a3ed-8fcc57a55f5a"",""deployment"":""7bae97c9-ccbe-49fe-a672-c3ea4a2a6d1e"",""replica"":""5a8db334-f6d0-4ba9-a018-aa1be977e5fd""}",2026-02-15T09:40:41.831229252Z
"psycopg2.OperationalError: connection to server at ""15.164.188.235"", port 5432 failed: FATAL:  MaxClientsInSessionMode: max clients reached - in Session mode max clients are limited to pool_size","{""level"":""error""}","{""project"":""70a52d41-885a-4854-b650-392635199b54"",""environment"":""67be7a60-8b6c-4987-8690-dbef25befe73"",""service"":""0f0f8a2f-9703-4f78-a3ed-8fcc57a55f5a"",""deployment"":""7bae97c9-ccbe-49fe-a672-c3ea4a2a6d1e"",""replica"":""5a8db334-f6d0-4ba9-a018-aa1be977e5fd""}",2026-02-15T09:40:41.831413392Z
,"{""level"":""error""}","{""project"":""70a52d41-885a-4854-b650-392635199b54"",""environment"":""67be7a60-8b6c-4987-8690-dbef25befe73"",""service"":""0f0f8a2f-9703-4f78-a3ed-8fcc57a55f5a"",""deployment"":""7bae97c9-ccbe-49fe-a672-c3ea4a2a6d1e"",""replica"":""5a8db334-f6d0-4ba9-a018-aa1be977e5fd""}",2026-02-15T09:40:41.831419452Z
,"{""level"":""error""}","{""project"":""70a52d41-885a-4854-b650-392635199b54"",""environment"":""67be7a60-8b6c-4987-8690-dbef25befe73"",""service"":""0f0f8a2f-9703-4f78-a3ed-8fcc57a55f5a"",""deployment"":""7bae97c9-ccbe-49fe-a672-c3ea4a2a6d1e"",""replica"":""5a8db334-f6d0-4ba9-a018-aa1be977e5fd""}",2026-02-15T09:40:41.831423542Z
The above exception was the direct cause of the following exception:,"{""level"":""error""}","{""project"":""70a52d41-885a-4854-b650-392635199b54"",""environment"":""67be7a60-8b6c-4987-8690-dbef25befe73"",""service"":""0f0f8a2f-9703-4f78-a3ed-8fcc57a55f5a"",""deployment"":""7bae97c9-ccbe-49fe-a672-c3ea4a2a6d1e"",""replica"":""5a8db334-f6d0-4ba9-a018-aa1be977e5fd""}",2026-02-15T09:40:41.831428282Z
,"{""level"":""error""}","{""project"":""70a52d41-885a-4854-b650-392635199b54"",""environment"":""67be7a60-8b6c-4987-8690-dbef25befe73"",""service"":""0f0f8a2f-9703-4f78-a3ed-8fcc57a55f5a"",""deployment"":""7bae97c9-ccbe-49fe-a672-c3ea4a2a6d1e"",""replica"":""5a8db334-f6d0-4ba9-a018-aa1be977e5fd""}",2026-02-15T09:40:41.831434142Z
Traceback (most recent call last):,"{""level"":""error""}","{""project"":""70a52d41-885a-4854-b650-392635199b54"",""environment"":""67be7a60-8b6c-4987-8690-dbef25befe73"",""service"":""0f0f8a2f-9703-4f78-a3ed-8fcc57a55f5a"",""deployment"":""7bae97c9-ccbe-49fe-a672-c3ea4a2a6d1e"",""replica"":""5a8db334-f6d0-4ba9-a018-aa1be977e5fd""}",2026-02-15T09:40:41.831438782Z
"  File ""/usr/local/lib/python3.11/site-packages/asgiref/sync.py"", line 557, in thread_handler","{""level"":""error""}","{""project"":""70a52d41-885a-4854-b650-392635199b54"",""environment"":""67be7a60-8b6c-4987-8690-dbef25befe73"",""service"":""0f0f8a2f-9703-4f78-a3ed-8fcc57a55f5a"",""deployment"":""7bae97c9-ccbe-49fe-a672-c3ea4a2a6d1e"",""replica"":""5a8db334-f6d0-4ba9-a018-aa1be977e5fd""}",2026-02-15T09:40:41.831444392Z
    raise exc_info[1],"{""level"":""error""}","{""project"":""70a52d41-885a-4854-b650-392635199b54"",""environment"":""67be7a60-8b6c-4987-8690-dbef25befe73"",""service"":""0f0f8a2f-9703-4f78-a3ed-8fcc57a55f5a"",""deployment"":""7bae97c9-ccbe-49fe-a672-c3ea4a2a6d1e"",""replica"":""5a8db334-f6d0-4ba9-a018-aa1be977e5fd""}",2026-02-15T09:40:41.831448432Z
"  File ""/usr/local/lib/python3.11/site-packages/django/core/handlers/exception.py"", line 42, in inner","{""level"":""error""}","{""project"":""70a52d41-885a-4854-b650-392635199b54"",""environment"":""67be7a60-8b6c-4987-8690-dbef25befe73"",""service"":""0f0f8a2f-9703-4f78-a3ed-8fcc57a55f5a"",""deployment"":""7bae97c9-ccbe-49fe-a672-c3ea4a2a6d1e"",""replica"":""5a8db334-f6d0-4ba9-a018-aa1be977e5fd""}",2026-02-15T09:40:41.831452292Z
    response = await get_response(request),"{""level"":""error""}","{""project"":""70a52d41-885a-4854-b650-392635199b54"",""environment"":""67be7a60-8b6c-4987-8690-dbef25befe73"",""service"":""0f0f8a2f-9703-4f78-a3ed-8fcc57a55f5a"",""deployment"":""7bae97c9-ccbe-49fe-a672-c3ea4a2a6d1e"",""replica"":""5a8db334-f6d0-4ba9-a018-aa1be977e5fd""}",2026-02-15T09:40:41.831458072Z
               ^^^^^^^^^^^^^^^^^^^^^^^^^^^,"{""level"":""error""}","{""project"":""70a52d41-885a-4854-b650-392635199b54"",""environment"":""67be7a60-8b6c-4987-8690-dbef25befe73"",""service"":""0f0f8a2f-9703-4f78-a3ed-8fcc57a55f5a"",""deployment"":""7bae97c9-ccbe-49fe-a672-c3ea4a2a6d1e"",""replica"":""5a8db334-f6d0-4ba9-a018-aa1be977e5fd""}",2026-02-15T09:40:41.831466142Z
"  File ""/usr/local/lib/python3.11/site-packages/asgiref/sync.py"", line 557, in thread_handler","{""level"":""error""}","{""project"":""70a52d41-885a-4854-b650-392635199b54"",""environment"":""67be7a60-8b6c-4987-8690-dbef25befe73"",""service"":""0f0f8a2f-9703-4f78-a3ed-8fcc57a55f5a"",""deployment"":""7bae97c9-ccbe-49fe-a672-c3ea4a2a6d1e"",""replica"":""5a8db334-f6d0-4ba9-a018-aa1be977e5fd""}",2026-02-15T09:40:41.831472942Z
    raise exc_info[1],"{""level"":""error""}","{""project"":""70a52d41-885a-4854-b650-392635199b54"",""environment"":""67be7a60-8b6c-4987-8690-dbef25befe73"",""service"":""0f0f8a2f-9703-4f78-a3ed-8fcc57a55f5a"",""deployment"":""7bae97c9-ccbe-49fe-a672-c3ea4a2a6d1e"",""replica"":""5a8db334-f6d0-4ba9-a018-aa1be977e5fd""}",2026-02-15T09:40:41.831479512Z
"  File ""/usr/local/lib/python3.11/site-packages/django/core/handlers/base.py"", line 253, in _get_response_async","{""level"":""error""}","{""project"":""70a52d41-885a-4854-b650-392635199b54"",""environment"":""67be7a60-8b6c-4987-8690-dbef25befe73"",""service"":""0f0f8a2f-9703-4f78-a3ed-8fcc57a55f5a"",""deployment"":""7bae97c9-ccbe-49fe-a672-c3ea4a2a6d1e"",""replica"":""5a8db334-f6d0-4ba9-a018-aa1be977e5fd""}",2026-02-15T09:40:41.831498322Z
    response = await wrapped_callback(,"{""level"":""error""}","{""project"":""70a52d41-885a-4854-b650-392635199b54"",""environment"":""67be7a60-8b6c-4987-8690-dbef25befe73"",""service"":""0f0f8a2f-9703-4f78-a3ed-8fcc57a55f5a"",""deployment"":""7bae97c9-ccbe-49fe-a672-c3ea4a2a6d1e"",""replica"":""5a8db334-f6d0-4ba9-a018-aa1be977e5fd""}",2026-02-15T09:40:41.831505052Z
               ^^^^^^^^^^^^^^^^^^^^^^^,"{""level"":""error""}","{""project"":""70a52d41-885a-4854-b650-392635199b54"",""environment"":""67be7a60-8b6c-4987-8690-dbef25befe73"",""service"":""0f0f8a2f-9703-4f78-a3ed-8fcc57a55f5a"",""deployment"":""7bae97c9-ccbe-49fe-a672-c3ea4a2a6d1e"",""replica"":""5a8db334-f6d0-4ba9-a018-aa1be977e5fd""}",2026-02-15T09:40:41.831511142Z
"  File ""/usr/local/lib/python3.11/site-packages/asgiref/sync.py"", line 506, in __call__","{""level"":""error""}","{""project"":""70a52d41-885a-4854-b650-392635199b54"",""environment"":""67be7a60-8b6c-4987-8690-dbef25befe73"",""service"":""0f0f8a2f-9703-4f78-a3ed-8fcc57a55f5a"",""deployment"":""7bae97c9-ccbe-49fe-a672-c3ea4a2a6d1e"",""replica"":""5a8db334-f6d0-4ba9-a018-aa1be977e5fd""}",2026-02-15T09:40:41.831526992Z
    ret = await asyncio.shield(exec_coro),"{""level"":""error""}","{""project"":""70a52d41-885a-4854-b650-392635199b54"",""environment"":""67be7a60-8b6c-4987-8690-dbef25befe73"",""service"":""0f0f8a2f-9703-4f78-a3ed-8fcc57a55f5a"",""deployment"":""7bae97c9-ccbe-49fe-a672-c3ea4a2a6d1e"",""replica"":""5a8db334-f6d0-4ba9-a018-aa1be977e5fd""}",2026-02-15T09:40:41.831533392Z
          ^^^^^^^^^^^^^^^^^^^^^^^^^^^^^^^,"{""level"":""error""}","{""project"":""70a52d41-885a-4854-b650-392635199b54"",""environment"":""67be7a60-8b6c-4987-8690-dbef25befe73"",""service"":""0f0f8a2f-9703-4f78-a3ed-8fcc57a55f5a"",""deployment"":""7bae97c9-ccbe-49fe-a672-c3ea4a2a6d1e"",""replica"":""5a8db334-f6d0-4ba9-a018-aa1be977e5fd""}",2026-02-15T09:40:41.831539552Z
"  File ""/usr/local/lib/python3.11/site-packages/asgiref/current_thread_executor.py"", line 40, in run","{""level"":""error""}","{""project"":""70a52d41-885a-4854-b650-392635199b54"",""environment"":""67be7a60-8b6c-4987-8690-dbef25befe73"",""service"":""0f0f8a2f-9703-4f78-a3ed-8fcc57a55f5a"",""deployment"":""7bae97c9-ccbe-49fe-a672-c3ea4a2a6d1e"",""replica"":""5a8db334-f6d0-4ba9-a018-aa1be977e5fd""}",2026-02-15T09:40:41.831545832Z
"    result = self.fn(*self.args, **self.kwargs)","{""level"":""error""}","{""project"":""70a52d41-885a-4854-b650-392635199b54"",""environment"":""67be7a60-8b6c-4987-8690-dbef25befe73"",""service"":""0f0f8a2f-9703-4f78-a3ed-8fcc57a55f5a"",""deployment"":""7bae97c9-ccbe-49fe-a672-c3ea4a2a6d1e"",""replica"":""5a8db334-f6d0-4ba9-a018-aa1be977e5fd""}",2026-02-15T09:40:41.831799652Z
             ^^^^^^^^^^^^^^^^^^^^^^^^^^^^^^^^^^,"{""level"":""error""}","{""project"":""70a52d41-885a-4854-b650-392635199b54"",""environment"":""67be7a60-8b6c-4987-8690-dbef25befe73"",""service"":""0f0f8a2f-9703-4f78-a3ed-8fcc57a55f5a"",""deployment"":""7bae97c9-ccbe-49fe-a672-c3ea4a2a6d1e"",""replica"":""5a8db334-f6d0-4ba9-a018-aa1be977e5fd""}",2026-02-15T09:40:41.831809312Z
"  File ""/usr/local/lib/python3.11/site-packages/asgiref/sync.py"", line 561, in thread_handler","{""level"":""error""}","{""project"":""70a52d41-885a-4854-b650-392635199b54"",""environment"":""67be7a60-8b6c-4987-8690-dbef25befe73"",""service"":""0f0f8a2f-9703-4f78-a3ed-8fcc57a55f5a"",""deployment"":""7bae97c9-ccbe-49fe-a672-c3ea4a2a6d1e"",""replica"":""5a8db334-f6d0-4ba9-a018-aa1be977e5fd""}",2026-02-15T09:40:41.831816512Z
"    return func(*args, **kwargs)","{""level"":""error""}","{""project"":""70a52d41-885a-4854-b650-392635199b54"",""environment"":""67be7a60-8b6c-4987-8690-dbef25befe73"",""service"":""0f0f8a2f-9703-4f78-a3ed-8fcc57a55f5a"",""deployment"":""7bae97c9-ccbe-49fe-a672-c3ea4a2a6d1e"",""replica"":""5a8db334-f6d0-4ba9-a018-aa1be977e5fd""}",2026-02-15T09:40:41.831827742Z
           ^^^^^^^^^^^^^^^^^^^^^,"{""level"":""error""}","{""project"":""70a52d41-885a-4854-b650-392635199b54"",""environment"":""67be7a60-8b6c-4987-8690-dbef25befe73"",""service"":""0f0f8a2f-9703-4f78-a3ed-8fcc57a55f5a"",""deployment"":""7bae97c9-ccbe-49fe-a672-c3ea4a2a6d1e"",""replica"":""5a8db334-f6d0-4ba9-a018-aa1be977e5fd""}",2026-02-15T09:40:41.831835312Z
"  File ""/usr/local/lib/python3.11/site-packages/django/views/decorators/csrf.py"", line 65, in _view_wrapper","{""level"":""error""}","{""project"":""70a52d41-885a-4854-b650-392635199b54"",""environment"":""67be7a60-8b6c-4987-8690-dbef25befe73"",""service"":""0f0f8a2f-9703-4f78-a3ed-8fcc57a55f5a"",""deployment"":""7bae97c9-ccbe-49fe-a672-c3ea4a2a6d1e"",""replica"":""5a8db334-f6d0-4ba9-a018-aa1be977e5fd""}",2026-02-15T09:40:41.831841382Z
"    return view_func(request, *args, **kwargs)","{""level"":""error""}","{""project"":""70a52d41-885a-4854-b650-392635199b54"",""environment"":""67be7a60-8b6c-4987-8690-dbef25befe73"",""service"":""0f0f8a2f-9703-4f78-a3ed-8fcc57a55f5a"",""deployment"":""7bae97c9-ccbe-49fe-a672-c3ea4a2a6d1e"",""replica"":""5a8db334-f6d0-4ba9-a018-aa1be977e5fd""}",2026-02-15T09:40:41.831847032Z
           ^^^^^^^^^^^^^^^^^^^^^^^^^^^^^^^^^^^,"{""level"":""error""}","{""project"":""70a52d41-885a-4854-b650-392635199b54"",""environment"":""67be7a60-8b6c-4987-8690-dbef25befe73"",""service"":""0f0f8a2f-9703-4f78-a3ed-8fcc57a55f5a"",""deployment"":""7bae97c9-ccbe-49fe-a672-c3ea4a2a6d1e"",""replica"":""5a8db334-f6d0-4ba9-a018-aa1be977e5fd""}",2026-02-15T09:40:41.831852562Z
"  File ""/usr/local/lib/python3.11/site-packages/rest_framework/viewsets.py"", line 125, in view","{""level"":""error""}","{""project"":""70a52d41-885a-4854-b650-392635199b54"",""environment"":""67be7a60-8b6c-4987-8690-dbef25befe73"",""service"":""0f0f8a2f-9703-4f78-a3ed-8fcc57a55f5a"",""deployment"":""7bae97c9-ccbe-49fe-a672-c3ea4a2a6d1e"",""replica"":""5a8db334-f6d0-4ba9-a018-aa1be977e5fd""}",2026-02-15T09:40:41.831857632Z
"    return self.dispatch(request, *args, **kwargs)","{""level"":""error""}","{""project"":""70a52d41-885a-4854-b650-392635199b54"",""environment"":""67be7a60-8b6c-4987-8690-dbef25befe73"",""service"":""0f0f8a2f-9703-4f78-a3ed-8fcc57a55f5a"",""deployment"":""7bae97c9-ccbe-49fe-a672-c3ea4a2a6d1e"",""replica"":""5a8db334-f6d0-4ba9-a018-aa1be977e5fd""}",2026-02-15T09:40:41.831863062Z
           ^^^^^^^^^^^^^^^^^^^^^^^^^^^^^^^^^^^^^^^,"{""level"":""error""}","{""project"":""70a52d41-885a-4854-b650-392635199b54"",""environment"":""67be7a60-8b6c-4987-8690-dbef25befe73"",""service"":""0f0f8a2f-9703-4f78-a3ed-8fcc57a55f5a"",""deployment"":""7bae97c9-ccbe-49fe-a672-c3ea4a2a6d1e"",""replica"":""5a8db334-f6d0-4ba9-a018-aa1be977e5fd""}",2026-02-15T09:40:41.831868022Z
"  File ""/usr/local/lib/python3.11/site-packages/rest_framework/views.py"", line 515, in dispatch","{""level"":""error""}","{""project"":""70a52d41-885a-4854-b650-392635199b54"",""environment"":""67be7a60-8b6c-4987-8690-dbef25befe73"",""service"":""0f0f8a2f-9703-4f78-a3ed-8fcc57a55f5a"",""deployment"":""7bae97c9-ccbe-49fe-a672-c3ea4a2a6d1e"",""replica"":""5a8db334-f6d0-4ba9-a018-aa1be977e5fd""}",2026-02-15T09:40:41.831873972Z
    response = self.handle_exception(exc),"{""level"":""error""}","{""project"":""70a52d41-885a-4854-b650-392635199b54"",""environment"":""67be7a60-8b6c-4987-8690-dbef25befe73"",""service"":""0f0f8a2f-9703-4f78-a3ed-8fcc57a55f5a"",""deployment"":""7bae97c9-ccbe-49fe-a672-c3ea4a2a6d1e"",""replica"":""5a8db334-f6d0-4ba9-a018-aa1be977e5fd""}",2026-02-15T09:40:41.831879882Z
               ^^^^^^^^^^^^^^^^^^^^^^^^^^,"{""level"":""error""}","{""project"":""70a52d41-885a-4854-b650-392635199b54"",""environment"":""67be7a60-8b6c-4987-8690-dbef25befe73"",""service"":""0f0f8a2f-9703-4f78-a3ed-8fcc57a55f5a"",""deployment"":""7bae97c9-ccbe-49fe-a672-c3ea4a2a6d1e"",""replica"":""5a8db334-f6d0-4ba9-a018-aa1be977e5fd""}",2026-02-15T09:40:41.831885322Z
"  File ""/usr/local/lib/python3.11/site-packages/rest_framework/views.py"", line 475, in handle_exception","{""level"":""error""}","{""project"":""70a52d41-885a-4854-b650-392635199b54"",""environment"":""67be7a60-8b6c-4987-8690-dbef25befe73"",""service"":""0f0f8a2f-9703-4f78-a3ed-8fcc57a55f5a"",""deployment"":""7bae97c9-ccbe-49fe-a672-c3ea4a2a6d1e"",""replica"":""5a8db334-f6d0-4ba9-a018-aa1be977e5fd""}",2026-02-15T09:40:41.831890442Z
    self.raise_uncaught_exception(exc),"{""level"":""error""}","{""project"":""70a52d41-885a-4854-b650-392635199b54"",""environment"":""67be7a60-8b6c-4987-8690-dbef25befe73"",""service"":""0f0f8a2f-9703-4f78-a3ed-8fcc57a55f5a"",""deployment"":""7bae97c9-ccbe-49fe-a672-c3ea4a2a6d1e"",""replica"":""5a8db334-f6d0-4ba9-a018-aa1be977e5fd""}",2026-02-15T09:40:41.831896602Z
"  File ""/usr/local/lib/python3.11/site-packages/rest_framework/views.py"", line 486, in raise_uncaught_exception","{""level"":""error""}","{""project"":""70a52d41-885a-4854-b650-392635199b54"",""environment"":""67be7a60-8b6c-4987-8690-dbef25befe73"",""service"":""0f0f8a2f-9703-4f78-a3ed-8fcc57a55f5a"",""deployment"":""7bae97c9-ccbe-49fe-a672-c3ea4a2a6d1e"",""replica"":""5a8db334-f6d0-4ba9-a018-aa1be977e5fd""}",2026-02-15T09:40:41.831901972Z
    raise exc,"{""level"":""error""}","{""project"":""70a52d41-885a-4854-b650-392635199b54"",""environment"":""67be7a60-8b6c-4987-8690-dbef25befe73"",""service"":""0f0f8a2f-9703-4f78-a3ed-8fcc57a55f5a"",""deployment"":""7bae97c9-ccbe-49fe-a672-c3ea4a2a6d1e"",""replica"":""5a8db334-f6d0-4ba9-a018-aa1be977e5fd""}",2026-02-15T09:40:41.831908122Z
"  File ""/usr/local/lib/python3.11/site-packages/rest_framework/views.py"", line 503, in dispatch","{""level"":""error""}","{""project"":""70a52d41-885a-4854-b650-392635199b54"",""environment"":""67be7a60-8b6c-4987-8690-dbef25befe73"",""service"":""0f0f8a2f-9703-4f78-a3ed-8fcc57a55f5a"",""deployment"":""7bae97c9-ccbe-49fe-a672-c3ea4a2a6d1e"",""replica"":""5a8db334-f6d0-4ba9-a018-aa1be977e5fd""}",2026-02-15T09:40:41.831914142Z
"    self.initial(request, *args, **kwargs)","{""level"":""error""}","{""project"":""70a52d41-885a-4854-b650-392635199b54"",""environment"":""67be7a60-8b6c-4987-8690-dbef25befe73"",""service"":""0f0f8a2f-9703-4f78-a3ed-8fcc57a55f5a"",""deployment"":""7bae97c9-ccbe-49fe-a672-c3ea4a2a6d1e"",""replica"":""5a8db334-f6d0-4ba9-a018-aa1be977e5fd""}",2026-02-15T09:40:41.831919412Z
"  File ""/usr/local/lib/python3.11/site-packages/rest_framework/views.py"", line 420, in initial","{""level"":""error""}","{""project"":""70a52d41-885a-4854-b650-392635199b54"",""environment"":""67be7a60-8b6c-4987-8690-dbef25befe73"",""service"":""0f0f8a2f-9703-4f78-a3ed-8fcc57a55f5a"",""deployment"":""7bae97c9-ccbe-49fe-a672-c3ea4a2a6d1e"",""replica"":""5a8db334-f6d0-4ba9-a018-aa1be977e5fd""}",2026-02-15T09:40:41.832210602Z
    self.perform_authentication(request),"{""level"":""error""}","{""project"":""70a52d41-885a-4854-b650-392635199b54"",""environment"":""67be7a60-8b6c-4987-8690-dbef25befe73"",""service"":""0f0f8a2f-9703-4f78-a3ed-8fcc57a55f5a"",""deployment"":""7bae97c9-ccbe-49fe-a672-c3ea4a2a6d1e"",""replica"":""5a8db334-f6d0-4ba9-a018-aa1be977e5fd""}",2026-02-15T09:40:41.832217122Z
"  File ""/usr/local/lib/python3.11/site-packages/rest_framework/views.py"", line 330, in perform_authentication","{""level"":""error""}","{""project"":""70a52d41-885a-4854-b650-392635199b54"",""environment"":""67be7a60-8b6c-4987-8690-dbef25befe73"",""service"":""0f0f8a2f-9703-4f78-a3ed-8fcc57a55f5a"",""deployment"":""7bae97c9-ccbe-49fe-a672-c3ea4a2a6d1e"",""replica"":""5a8db334-f6d0-4ba9-a018-aa1be977e5fd""}",2026-02-15T09:40:41.832222912Z
    request.user,"{""level"":""error""}","{""project"":""70a52d41-885a-4854-b650-392635199b54"",""environment"":""67be7a60-8b6c-4987-8690-dbef25befe73"",""service"":""0f0f8a2f-9703-4f78-a3ed-8fcc57a55f5a"",""deployment"":""7bae97c9-ccbe-49fe-a672-c3ea4a2a6d1e"",""replica"":""5a8db334-f6d0-4ba9-a018-aa1be977e5fd""}",2026-02-15T09:40:41.832227282Z
"  File ""/usr/local/lib/python3.11/site-packages/rest_framework/request.py"", line 232, in user","{""level"":""error""}","{""project"":""70a52d41-885a-4854-b650-392635199b54"",""environment"":""67be7a60-8b6c-4987-8690-dbef25befe73"",""service"":""0f0f8a2f-9703-4f78-a3ed-8fcc57a55f5a"",""deployment"":""7bae97c9-ccbe-49fe-a672-c3ea4a2a6d1e"",""replica"":""5a8db334-f6d0-4ba9-a018-aa1be977e5fd""}",2026-02-15T09:40:41.832231882Z
    self._authenticate(),"{""level"":""error""}","{""project"":""70a52d41-885a-4854-b650-392635199b54"",""environment"":""67be7a60-8b6c-4987-8690-dbef25befe73"",""service"":""0f0f8a2f-9703-4f78-a3ed-8fcc57a55f5a"",""deployment"":""7bae97c9-ccbe-49fe-a672-c3ea4a2a6d1e"",""replica"":""5a8db334-f6d0-4ba9-a018-aa1be977e5fd""}",2026-02-15T09:40:41.832236282Z
"  File ""/usr/local/lib/python3.11/site-packages/rest_framework/request.py"", line 385, in _authenticate","{""level"":""error""}","{""project"":""70a52d41-885a-4854-b650-392635199b54"",""environment"":""67be7a60-8b6c-4987-8690-dbef25befe73"",""service"":""0f0f8a2f-9703-4f78-a3ed-8fcc57a55f5a"",""deployment"":""7bae97c9-ccbe-49fe-a672-c3ea4a2a6d1e"",""replica"":""5a8db334-f6d0-4ba9-a018-aa1be977e5fd""}",2026-02-15T09:40:41.832240202Z
    user_auth_tuple = authenticator.authenticate(self),"{""level"":""error""}","{""project"":""70a52d41-885a-4854-b650-392635199b54"",""environment"":""67be7a60-8b6c-4987-8690-dbef25befe73"",""service"":""0f0f8a2f-9703-4f78-a3ed-8fcc57a55f5a"",""deployment"":""7bae97c9-ccbe-49fe-a672-c3ea4a2a6d1e"",""replica"":""5a8db334-f6d0-4ba9-a018-aa1be977e5fd""}",2026-02-15T09:40:41.832244112Z
                      ^^^^^^^^^^^^^^^^^^^^^^^^^^^^^^^^,"{""level"":""error""}","{""project"":""70a52d41-885a-4854-b650-392635199b54"",""environment"":""67be7a60-8b6c-4987-8690-dbef25befe73"",""service"":""0f0f8a2f-9703-4f78-a3ed-8fcc57a55f5a"",""deployment"":""7bae97c9-ccbe-49fe-a672-c3ea4a2a6d1e"",""replica"":""5a8db334-f6d0-4ba9-a018-aa1be977e5fd""}",2026-02-15T09:40:41.832247722Z
"  File ""/usr/local/lib/python3.11/site-packages/rest_framework_simplejwt/authentication.py"", line 51, in authenticate","{""level"":""error""}","{""project"":""70a52d41-885a-4854-b650-392635199b54"",""environment"":""67be7a60-8b6c-4987-8690-dbef25befe73"",""service"":""0f0f8a2f-9703-4f78-a3ed-8fcc57a55f5a"",""deployment"":""7bae97c9-ccbe-49fe-a672-c3ea4a2a6d1e"",""replica"":""5a8db334-f6d0-4ba9-a018-aa1be977e5fd""}",2026-02-15T09:40:41.832251312Z
"    return self.get_user(validated_token), validated_token","{""level"":""error""}","{""project"":""70a52d41-885a-4854-b650-392635199b54"",""environment"":""67be7a60-8b6c-4987-8690-dbef25befe73"",""service"":""0f0f8a2f-9703-4f78-a3ed-8fcc57a55f5a"",""deployment"":""7bae97c9-ccbe-49fe-a672-c3ea4a2a6d1e"",""replica"":""5a8db334-f6d0-4ba9-a018-aa1be977e5fd""}",2026-02-15T09:40:41.832255262Z
           ^^^^^^^^^^^^^^^^^^^^^^^^^^^^^^,"{""level"":""error""}","{""project"":""70a52d41-885a-4854-b650-392635199b54"",""environment"":""67be7a60-8b6c-4987-8690-dbef25befe73"",""service"":""0f0f8a2f-9703-4f78-a3ed-8fcc57a55f5a"",""deployment"":""7bae97c9-ccbe-49fe-a672-c3ea4a2a6d1e"",""replica"":""5a8db334-f6d0-4ba9-a018-aa1be977e5fd""}",2026-02-15T09:40:41.832259612Z
"  File ""/usr/local/lib/python3.11/site-packages/rest_framework_simplejwt/authentication.py"", line 132, in get_user","{""level"":""error""}","{""project"":""70a52d41-885a-4854-b650-392635199b54"",""environment"":""67be7a60-8b6c-4987-8690-dbef25befe73"",""service"":""0f0f8a2f-9703-4f78-a3ed-8fcc57a55f5a"",""deployment"":""7bae97c9-ccbe-49fe-a672-c3ea4a2a6d1e"",""replica"":""5a8db334-f6d0-4ba9-a018-aa1be977e5fd""}",2026-02-15T09:40:41.832263542Z
    user = self.user_model.objects.get(**{api_settings.USER_ID_FIELD: user_id}),"{""level"":""error""}","{""project"":""70a52d41-885a-4854-b650-392635199b54"",""environment"":""67be7a60-8b6c-4987-8690-dbef25befe73"",""service"":""0f0f8a2f-9703-4f78-a3ed-8fcc57a55f5a"",""deployment"":""7bae97c9-ccbe-49fe-a672-c3ea4a2a6d1e"",""replica"":""5a8db334-f6d0-4ba9-a018-aa1be977e5fd""}",2026-02-15T09:40:41.832267142Z
           ^^^^^^^^^^^^^^^^^^^^^^^^^^^^^^^^^^^^^^^^^^^^^^^^^^^^^^^^^^^^^^^^^^^^,"{""level"":""error""}","{""project"":""70a52d41-885a-4854-b650-392635199b54"",""environment"":""67be7a60-8b6c-4987-8690-dbef25befe73"",""service"":""0f0f8a2f-9703-4f78-a3ed-8fcc57a55f5a"",""deployment"":""7bae97c9-ccbe-49fe-a672-c3ea4a2a6d1e"",""replica"":""5a8db334-f6d0-4ba9-a018-aa1be977e5fd""}",2026-02-15T09:40:41.832270962Z
"  File ""/usr/local/lib/python3.11/site-packages/django/db/models/manager.py"", line 87, in manager_method","{""level"":""error""}","{""project"":""70a52d41-885a-4854-b650-392635199b54"",""environment"":""67be7a60-8b6c-4987-8690-dbef25befe73"",""service"":""0f0f8a2f-9703-4f78-a3ed-8fcc57a55f5a"",""deployment"":""7bae97c9-ccbe-49fe-a672-c3ea4a2a6d1e"",""replica"":""5a8db334-f6d0-4ba9-a018-aa1be977e5fd""}",2026-02-15T09:40:41.832274852Z
"    return getattr(self.get_queryset(), name)(*args, **kwargs)","{""level"":""error""}","{""project"":""70a52d41-885a-4854-b650-392635199b54"",""environment"":""67be7a60-8b6c-4987-8690-dbef25befe73"",""service"":""0f0f8a2f-9703-4f78-a3ed-8fcc57a55f5a"",""deployment"":""7bae97c9-ccbe-49fe-a672-c3ea4a2a6d1e"",""replica"":""5a8db334-f6d0-4ba9-a018-aa1be977e5fd""}",2026-02-15T09:40:41.832279402Z
           ^^^^^^^^^^^^^^^^^^^^^^^^^^^^^^^^^^^^^^^^^^^^^^^^^^^,"{""level"":""error""}","{""project"":""70a52d41-885a-4854-b650-392635199b54"",""environment"":""67be7a60-8b6c-4987-8690-dbef25befe73"",""service"":""0f0f8a2f-9703-4f78-a3ed-8fcc57a55f5a"",""deployment"":""7bae97c9-ccbe-49fe-a672-c3ea4a2a6d1e"",""replica"":""5a8db334-f6d0-4ba9-a018-aa1be977e5fd""}",2026-02-15T09:40:41.832284132Z
"  File ""/usr/local/lib/python3.11/site-packages/django/db/backends/base/base.py"", line 296, in _cursor","{""level"":""error""}","{""project"":""70a52d41-885a-4854-b650-392635199b54"",""environment"":""67be7a60-8b6c-4987-8690-dbef25befe73"",""service"":""0f0f8a2f-9703-4f78-a3ed-8fcc57a55f5a"",""deployment"":""7bae97c9-ccbe-49fe-a672-c3ea4a2a6d1e"",""replica"":""5a8db334-f6d0-4ba9-a018-aa1be977e5fd""}",2026-02-15T09:40:41.832711642Z
"  File ""/usr/local/lib/python3.11/site-packages/django/db/models/query.py"", line 631, in get","{""level"":""error""}","{""project"":""70a52d41-885a-4854-b650-392635199b54"",""environment"":""67be7a60-8b6c-4987-8690-dbef25befe73"",""service"":""0f0f8a2f-9703-4f78-a3ed-8fcc57a55f5a"",""deployment"":""7bae97c9-ccbe-49fe-a672-c3ea4a2a6d1e"",""replica"":""5a8db334-f6d0-4ba9-a018-aa1be977e5fd""}",2026-02-15T09:40:41.832718032Z
    num = len(clone),"{""level"":""error""}","{""project"":""70a52d41-885a-4854-b650-392635199b54"",""environment"":""67be7a60-8b6c-4987-8690-dbef25befe73"",""service"":""0f0f8a2f-9703-4f78-a3ed-8fcc57a55f5a"",""deployment"":""7bae97c9-ccbe-49fe-a672-c3ea4a2a6d1e"",""replica"":""5a8db334-f6d0-4ba9-a018-aa1be977e5fd""}",2026-02-15T09:40:41.832729472Z
          ^^^^^^^^^^,"{""level"":""error""}","{""project"":""70a52d41-885a-4854-b650-392635199b54"",""environment"":""67be7a60-8b6c-4987-8690-dbef25befe73"",""service"":""0f0f8a2f-9703-4f78-a3ed-8fcc57a55f5a"",""deployment"":""7bae97c9-ccbe-49fe-a672-c3ea4a2a6d1e"",""replica"":""5a8db334-f6d0-4ba9-a018-aa1be977e5fd""}",2026-02-15T09:40:41.832736752Z
"  File ""/usr/local/lib/python3.11/site-packages/django/db/models/query.py"", line 368, in __len__","{""level"":""error""}","{""project"":""70a52d41-885a-4854-b650-392635199b54"",""environment"":""67be7a60-8b6c-4987-8690-dbef25befe73"",""service"":""0f0f8a2f-9703-4f78-a3ed-8fcc57a55f5a"",""deployment"":""7bae97c9-ccbe-49fe-a672-c3ea4a2a6d1e"",""replica"":""5a8db334-f6d0-4ba9-a018-aa1be977e5fd""}",2026-02-15T09:40:41.832742982Z
    self._fetch_all(),"{""level"":""error""}","{""project"":""70a52d41-885a-4854-b650-392635199b54"",""environment"":""67be7a60-8b6c-4987-8690-dbef25befe73"",""service"":""0f0f8a2f-9703-4f78-a3ed-8fcc57a55f5a"",""deployment"":""7bae97c9-ccbe-49fe-a672-c3ea4a2a6d1e"",""replica"":""5a8db334-f6d0-4ba9-a018-aa1be977e5fd""}",2026-02-15T09:40:41.832748712Z
"  File ""/usr/local/lib/python3.11/site-packages/django/db/models/query.py"", line 1954, in _fetch_all","{""level"":""error""}","{""project"":""70a52d41-885a-4854-b650-392635199b54"",""environment"":""67be7a60-8b6c-4987-8690-dbef25befe73"",""service"":""0f0f8a2f-9703-4f78-a3ed-8fcc57a55f5a"",""deployment"":""7bae97c9-ccbe-49fe-a672-c3ea4a2a6d1e"",""replica"":""5a8db334-f6d0-4ba9-a018-aa1be977e5fd""}",2026-02-15T09:40:41.832754922Z
    self._result_cache = list(self._iterable_class(self)),"{""level"":""error""}","{""project"":""70a52d41-885a-4854-b650-392635199b54"",""environment"":""67be7a60-8b6c-4987-8690-dbef25befe73"",""service"":""0f0f8a2f-9703-4f78-a3ed-8fcc57a55f5a"",""deployment"":""7bae97c9-ccbe-49fe-a672-c3ea4a2a6d1e"",""replica"":""5a8db334-f6d0-4ba9-a018-aa1be977e5fd""}",2026-02-15T09:40:41.832760362Z
                         ^^^^^^^^^^^^^^^^^^^^^^^^^^^^^^^^,"{""level"":""error""}","{""project"":""70a52d41-885a-4854-b650-392635199b54"",""environment"":""67be7a60-8b6c-4987-8690-dbef25befe73"",""service"":""0f0f8a2f-9703-4f78-a3ed-8fcc57a55f5a"",""deployment"":""7bae97c9-ccbe-49fe-a672-c3ea4a2a6d1e"",""replica"":""5a8db334-f6d0-4ba9-a018-aa1be977e5fd""}",2026-02-15T09:40:41.832766142Z
"  File ""/usr/local/lib/python3.11/site-packages/django/db/models/query.py"", line 93, in __iter__","{""level"":""error""}","{""project"":""70a52d41-885a-4854-b650-392635199b54"",""environment"":""67be7a60-8b6c-4987-8690-dbef25befe73"",""service"":""0f0f8a2f-9703-4f78-a3ed-8fcc57a55f5a"",""deployment"":""7bae97c9-ccbe-49fe-a672-c3ea4a2a6d1e"",""replica"":""5a8db334-f6d0-4ba9-a018-aa1be977e5fd""}",2026-02-15T09:40:41.832772502Z
    results = compiler.execute_sql(,"{""level"":""error""}","{""project"":""70a52d41-885a-4854-b650-392635199b54"",""environment"":""67be7a60-8b6c-4987-8690-dbef25befe73"",""service"":""0f0f8a2f-9703-4f78-a3ed-8fcc57a55f5a"",""deployment"":""7bae97c9-ccbe-49fe-a672-c3ea4a2a6d1e"",""replica"":""5a8db334-f6d0-4ba9-a018-aa1be977e5fd""}",2026-02-15T09:40:41.832778462Z
              ^^^^^^^^^^^^^^^^^^^^^,"{""level"":""error""}","{""project"":""70a52d41-885a-4854-b650-392635199b54"",""environment"":""67be7a60-8b6c-4987-8690-dbef25befe73"",""service"":""0f0f8a2f-9703-4f78-a3ed-8fcc57a55f5a"",""deployment"":""7bae97c9-ccbe-49fe-a672-c3ea4a2a6d1e"",""replica"":""5a8db334-f6d0-4ba9-a018-aa1be977e5fd""}",2026-02-15T09:40:41.832784472Z
"  File ""/usr/local/lib/python3.11/site-packages/django/db/models/sql/compiler.py"", line 1621, in execute_sql","{""level"":""error""}","{""project"":""70a52d41-885a-4854-b650-392635199b54"",""environment"":""67be7a60-8b6c-4987-8690-dbef25befe73"",""service"":""0f0f8a2f-9703-4f78-a3ed-8fcc57a55f5a"",""deployment"":""7bae97c9-ccbe-49fe-a672-c3ea4a2a6d1e"",""replica"":""5a8db334-f6d0-4ba9-a018-aa1be977e5fd""}",2026-02-15T09:40:41.832789642Z
    cursor = self.connection.cursor(),"{""level"":""error""}","{""project"":""70a52d41-885a-4854-b650-392635199b54"",""environment"":""67be7a60-8b6c-4987-8690-dbef25befe73"",""service"":""0f0f8a2f-9703-4f78-a3ed-8fcc57a55f5a"",""deployment"":""7bae97c9-ccbe-49fe-a672-c3ea4a2a6d1e"",""replica"":""5a8db334-f6d0-4ba9-a018-aa1be977e5fd""}",2026-02-15T09:40:41.832794802Z
             ^^^^^^^^^^^^^^^^^^^^^^^^,"{""level"":""error""}","{""project"":""70a52d41-885a-4854-b650-392635199b54"",""environment"":""67be7a60-8b6c-4987-8690-dbef25befe73"",""service"":""0f0f8a2f-9703-4f78-a3ed-8fcc57a55f5a"",""deployment"":""7bae97c9-ccbe-49fe-a672-c3ea4a2a6d1e"",""replica"":""5a8db334-f6d0-4ba9-a018-aa1be977e5fd""}",2026-02-15T09:40:41.832800052Z
"  File ""/usr/local/lib/python3.11/site-packages/django/utils/asyncio.py"", line 26, in inner","{""level"":""error""}","{""project"":""70a52d41-885a-4854-b650-392635199b54"",""environment"":""67be7a60-8b6c-4987-8690-dbef25befe73"",""service"":""0f0f8a2f-9703-4f78-a3ed-8fcc57a55f5a"",""deployment"":""7bae97c9-ccbe-49fe-a672-c3ea4a2a6d1e"",""replica"":""5a8db334-f6d0-4ba9-a018-aa1be977e5fd""}",2026-02-15T09:40:41.832805402Z
"    return func(*args, **kwargs)","{""level"":""error""}","{""project"":""70a52d41-885a-4854-b650-392635199b54"",""environment"":""67be7a60-8b6c-4987-8690-dbef25befe73"",""service"":""0f0f8a2f-9703-4f78-a3ed-8fcc57a55f5a"",""deployment"":""7bae97c9-ccbe-49fe-a672-c3ea4a2a6d1e"",""replica"":""5a8db334-f6d0-4ba9-a018-aa1be977e5fd""}",2026-02-15T09:40:41.832809962Z
           ^^^^^^^^^^^^^^^^^^^^^,"{""level"":""error""}","{""project"":""70a52d41-885a-4854-b650-392635199b54"",""environment"":""67be7a60-8b6c-4987-8690-dbef25befe73"",""service"":""0f0f8a2f-9703-4f78-a3ed-8fcc57a55f5a"",""deployment"":""7bae97c9-ccbe-49fe-a672-c3ea4a2a6d1e"",""replica"":""5a8db334-f6d0-4ba9-a018-aa1be977e5fd""}",2026-02-15T09:40:41.832815062Z
"  File ""/usr/local/lib/python3.11/site-packages/django/db/backends/base/base.py"", line 320, in cursor","{""level"":""error""}","{""project"":""70a52d41-885a-4854-b650-392635199b54"",""environment"":""67be7a60-8b6c-4987-8690-dbef25befe73"",""service"":""0f0f8a2f-9703-4f78-a3ed-8fcc57a55f5a"",""deployment"":""7bae97c9-ccbe-49fe-a672-c3ea4a2a6d1e"",""replica"":""5a8db334-f6d0-4ba9-a018-aa1be977e5fd""}",2026-02-15T09:40:41.832822632Z
    return self._cursor(),"{""level"":""error""}","{""project"":""70a52d41-885a-4854-b650-392635199b54"",""environment"":""67be7a60-8b6c-4987-8690-dbef25befe73"",""service"":""0f0f8a2f-9703-4f78-a3ed-8fcc57a55f5a"",""deployment"":""7bae97c9-ccbe-49fe-a672-c3ea4a2a6d1e"",""replica"":""5a8db334-f6d0-4ba9-a018-aa1be977e5fd""}",2026-02-15T09:40:41.832828202Z
           ^^^^^^^^^^^^^^,"{""level"":""error""}","{""project"":""70a52d41-885a-4854-b650-392635199b54"",""environment"":""67be7a60-8b6c-4987-8690-dbef25befe73"",""service"":""0f0f8a2f-9703-4f78-a3ed-8fcc57a55f5a"",""deployment"":""7bae97c9-ccbe-49fe-a672-c3ea4a2a6d1e"",""replica"":""5a8db334-f6d0-4ba9-a018-aa1be977e5fd""}",2026-02-15T09:40:41.832834252Z
    self.ensure_connection(),"{""level"":""error""}","{""project"":""70a52d41-885a-4854-b650-392635199b54"",""environment"":""67be7a60-8b6c-4987-8690-dbef25befe73"",""service"":""0f0f8a2f-9703-4f78-a3ed-8fcc57a55f5a"",""deployment"":""7bae97c9-ccbe-49fe-a672-c3ea4a2a6d1e"",""replica"":""5a8db334-f6d0-4ba9-a018-aa1be977e5fd""}",2026-02-15T09:40:41.833153172Z
"  File ""/usr/local/lib/python3.11/site-packages/django/utils/asyncio.py"", line 26, in inner","{""level"":""error""}","{""project"":""70a52d41-885a-4854-b650-392635199b54"",""environment"":""67be7a60-8b6c-4987-8690-dbef25befe73"",""service"":""0f0f8a2f-9703-4f78-a3ed-8fcc57a55f5a"",""deployment"":""7bae97c9-ccbe-49fe-a672-c3ea4a2a6d1e"",""replica"":""5a8db334-f6d0-4ba9-a018-aa1be977e5fd""}",2026-02-15T09:40:41.833162092Z
"    return func(*args, **kwargs)","{""level"":""error""}","{""project"":""70a52d41-885a-4854-b650-392635199b54"",""environment"":""67be7a60-8b6c-4987-8690-dbef25befe73"",""service"":""0f0f8a2f-9703-4f78-a3ed-8fcc57a55f5a"",""deployment"":""7bae97c9-ccbe-49fe-a672-c3ea4a2a6d1e"",""replica"":""5a8db334-f6d0-4ba9-a018-aa1be977e5fd""}",2026-02-15T09:40:41.833168172Z
           ^^^^^^^^^^^^^^^^^^^^^,"{""level"":""error""}","{""project"":""70a52d41-885a-4854-b650-392635199b54"",""environment"":""67be7a60-8b6c-4987-8690-dbef25befe73"",""service"":""0f0f8a2f-9703-4f78-a3ed-8fcc57a55f5a"",""deployment"":""7bae97c9-ccbe-49fe-a672-c3ea4a2a6d1e"",""replica"":""5a8db334-f6d0-4ba9-a018-aa1be977e5fd""}",2026-02-15T09:40:41.833174062Z
"  File ""/usr/local/lib/python3.11/site-packages/django/db/backends/base/base.py"", line 278, in ensure_connection","{""level"":""error""}","{""project"":""70a52d41-885a-4854-b650-392635199b54"",""environment"":""67be7a60-8b6c-4987-8690-dbef25befe73"",""service"":""0f0f8a2f-9703-4f78-a3ed-8fcc57a55f5a"",""deployment"":""7bae97c9-ccbe-49fe-a672-c3ea4a2a6d1e"",""replica"":""5a8db334-f6d0-4ba9-a018-aa1be977e5fd""}",2026-02-15T09:40:41.833179662Z
    with self.wrap_database_errors:,"{""level"":""error""}","{""project"":""70a52d41-885a-4854-b650-392635199b54"",""environment"":""67be7a60-8b6c-4987-8690-dbef25befe73"",""service"":""0f0f8a2f-9703-4f78-a3ed-8fcc57a55f5a"",""deployment"":""7bae97c9-ccbe-49fe-a672-c3ea4a2a6d1e"",""replica"":""5a8db334-f6d0-4ba9-a018-aa1be977e5fd""}",2026-02-15T09:40:41.833185512Z
"  File ""/usr/local/lib/python3.11/site-packages/django/db/utils.py"", line 91, in __exit__","{""level"":""error""}","{""project"":""70a52d41-885a-4854-b650-392635199b54"",""environment"":""67be7a60-8b6c-4987-8690-dbef25befe73"",""service"":""0f0f8a2f-9703-4f78-a3ed-8fcc57a55f5a"",""deployment"":""7bae97c9-ccbe-49fe-a672-c3ea4a2a6d1e"",""replica"":""5a8db334-f6d0-4ba9-a018-aa1be977e5fd""}",2026-02-15T09:40:41.833191062Z
    raise dj_exc_value.with_traceback(traceback) from exc_value,"{""level"":""error""}","{""project"":""70a52d41-885a-4854-b650-392635199b54"",""environment"":""67be7a60-8b6c-4987-8690-dbef25befe73"",""service"":""0f0f8a2f-9703-4f78-a3ed-8fcc57a55f5a"",""deployment"":""7bae97c9-ccbe-49fe-a672-c3ea4a2a6d1e"",""replica"":""5a8db334-f6d0-4ba9-a018-aa1be977e5fd""}",2026-02-15T09:40:41.833197002Z
"  File ""/usr/local/lib/python3.11/site-packages/django/db/backends/base/base.py"", line 279, in ensure_connection","{""level"":""error""}","{""project"":""70a52d41-885a-4854-b650-392635199b54"",""environment"":""67be7a60-8b6c-4987-8690-dbef25befe73"",""service"":""0f0f8a2f-9703-4f78-a3ed-8fcc57a55f5a"",""deployment"":""7bae97c9-ccbe-49fe-a672-c3ea4a2a6d1e"",""replica"":""5a8db334-f6d0-4ba9-a018-aa1be977e5fd""}",2026-02-15T09:40:41.833202382Z
    self.connect(),"{""level"":""error""}","{""project"":""70a52d41-885a-4854-b650-392635199b54"",""environment"":""67be7a60-8b6c-4987-8690-dbef25befe73"",""service"":""0f0f8a2f-9703-4f78-a3ed-8fcc57a55f5a"",""deployment"":""7bae97c9-ccbe-49fe-a672-c3ea4a2a6d1e"",""replica"":""5a8db334-f6d0-4ba9-a018-aa1be977e5fd""}",2026-02-15T09:40:41.833208242Z
"  File ""/usr/local/lib/python3.11/site-packages/django/utils/asyncio.py"", line 26, in inner","{""level"":""error""}","{""project"":""70a52d41-885a-4854-b650-392635199b54"",""environment"":""67be7a60-8b6c-4987-8690-dbef25befe73"",""service"":""0f0f8a2f-9703-4f78-a3ed-8fcc57a55f5a"",""deployment"":""7bae97c9-ccbe-49fe-a672-c3ea4a2a6d1e"",""replica"":""5a8db334-f6d0-4ba9-a018-aa1be977e5fd""}",2026-02-15T09:40:41.833215132Z
"    return func(*args, **kwargs)","{""level"":""error""}","{""project"":""70a52d41-885a-4854-b650-392635199b54"",""environment"":""67be7a60-8b6c-4987-8690-dbef25befe73"",""service"":""0f0f8a2f-9703-4f78-a3ed-8fcc57a55f5a"",""deployment"":""7bae97c9-ccbe-49fe-a672-c3ea4a2a6d1e"",""replica"":""5a8db334-f6d0-4ba9-a018-aa1be977e5fd""}",2026-02-15T09:40:41.833221412Z
           ^^^^^^^^^^^^^^^^^^^^^,"{""level"":""error""}","{""project"":""70a52d41-885a-4854-b650-392635199b54"",""environment"":""67be7a60-8b6c-4987-8690-dbef25befe73"",""service"":""0f0f8a2f-9703-4f78-a3ed-8fcc57a55f5a"",""deployment"":""7bae97c9-ccbe-49fe-a672-c3ea4a2a6d1e"",""replica"":""5a8db334-f6d0-4ba9-a018-aa1be977e5fd""}",2026-02-15T09:40:41.833227192Z
"  File ""/usr/local/lib/python3.11/site-packages/django/db/backends/base/base.py"", line 256, in connect","{""level"":""error""}","{""project"":""70a52d41-885a-4854-b650-392635199b54"",""environment"":""67be7a60-8b6c-4987-8690-dbef25befe73"",""service"":""0f0f8a2f-9703-4f78-a3ed-8fcc57a55f5a"",""deployment"":""7bae97c9-ccbe-49fe-a672-c3ea4a2a6d1e"",""replica"":""5a8db334-f6d0-4ba9-a018-aa1be977e5fd""}",2026-02-15T09:40:41.833232582Z
    self.connection = self.get_new_connection(conn_params),"{""level"":""error""}","{""project"":""70a52d41-885a-4854-b650-392635199b54"",""environment"":""67be7a60-8b6c-4987-8690-dbef25befe73"",""service"":""0f0f8a2f-9703-4f78-a3ed-8fcc57a55f5a"",""deployment"":""7bae97c9-ccbe-49fe-a672-c3ea4a2a6d1e"",""replica"":""5a8db334-f6d0-4ba9-a018-aa1be977e5fd""}",2026-02-15T09:40:41.833279202Z
                      ^^^^^^^^^^^^^^^^^^^^^^^^^^^^^^^^^^^^,"{""level"":""error""}","{""project"":""70a52d41-885a-4854-b650-392635199b54"",""environment"":""67be7a60-8b6c-4987-8690-dbef25befe73"",""service"":""0f0f8a2f-9703-4f78-a3ed-8fcc57a55f5a"",""deployment"":""7bae97c9-ccbe-49fe-a672-c3ea4a2a6d1e"",""replica"":""5a8db334-f6d0-4ba9-a018-aa1be977e5fd""}",2026-02-15T09:40:41.833290342Z
"  File ""/usr/local/lib/python3.11/site-packages/django/utils/asyncio.py"", line 26, in inner","{""level"":""error""}","{""project"":""70a52d41-885a-4854-b650-392635199b54"",""environment"":""67be7a60-8b6c-4987-8690-dbef25befe73"",""service"":""0f0f8a2f-9703-4f78-a3ed-8fcc57a55f5a"",""deployment"":""7bae97c9-ccbe-49fe-a672-c3ea4a2a6d1e"",""replica"":""5a8db334-f6d0-4ba9-a018-aa1be977e5fd""}",2026-02-15T09:40:41.833295852Z
"    return func(*args, **kwargs)","{""level"":""error""}","{""project"":""70a52d41-885a-4854-b650-392635199b54"",""environment"":""67be7a60-8b6c-4987-8690-dbef25befe73"",""service"":""0f0f8a2f-9703-4f78-a3ed-8fcc57a55f5a"",""deployment"":""7bae97c9-ccbe-49fe-a672-c3ea4a2a6d1e"",""replica"":""5a8db334-f6d0-4ba9-a018-aa1be977e5fd""}",2026-02-15T09:40:41.833303932Z
           ^^^^^^^^^^^^^^^^^^^^^,"{""level"":""error""}","{""project"":""70a52d41-885a-4854-b650-392635199b54"",""environment"":""67be7a60-8b6c-4987-8690-dbef25befe73"",""service"":""0f0f8a2f-9703-4f78-a3ed-8fcc57a55f5a"",""deployment"":""7bae97c9-ccbe-49fe-a672-c3ea4a2a6d1e"",""replica"":""5a8db334-f6d0-4ba9-a018-aa1be977e5fd""}",2026-02-15T09:40:41.833310882Z
"  File ""/usr/local/lib/python3.11/site-packages/django/db/backends/postgresql/base.py"", line 332, in get_new_connection","{""level"":""error""}","{""project"":""70a52d41-885a-4854-b650-392635199b54"",""environment"":""67be7a60-8b6c-4987-8690-dbef25befe73"",""service"":""0f0f8a2f-9703-4f78-a3ed-8fcc57a55f5a"",""deployment"":""7bae97c9-ccbe-49fe-a672-c3ea4a2a6d1e"",""replica"":""5a8db334-f6d0-4ba9-a018-aa1be977e5fd""}",2026-02-15T09:40:41.833316592Z
    connection = self.Database.connect(**conn_params),"{""level"":""error""}","{""project"":""70a52d41-885a-4854-b650-392635199b54"",""environment"":""67be7a60-8b6c-4987-8690-dbef25befe73"",""service"":""0f0f8a2f-9703-4f78-a3ed-8fcc57a55f5a"",""deployment"":""7bae97c9-ccbe-49fe-a672-c3ea4a2a6d1e"",""replica"":""5a8db334-f6d0-4ba9-a018-aa1be977e5fd""}",2026-02-15T09:40:41.833498052Z
                 ^^^^^^^^^^^^^^^^^^^^^^^^^^^^^^^^^^^^,"{""level"":""error""}","{""project"":""70a52d41-885a-4854-b650-392635199b54"",""environment"":""67be7a60-8b6c-4987-8690-dbef25befe73"",""service"":""0f0f8a2f-9703-4f78-a3ed-8fcc57a55f5a"",""deployment"":""7bae97c9-ccbe-49fe-a672-c3ea4a2a6d1e"",""replica"":""5a8db334-f6d0-4ba9-a018-aa1be977e5fd""}",2026-02-15T09:40:41.833505572Z
"  File ""/usr/local/lib/python3.11/site-packages/psycopg2/__init__.py"", line 122, in connect","{""level"":""error""}","{""project"":""70a52d41-885a-4854-b650-392635199b54"",""environment"":""67be7a60-8b6c-4987-8690-dbef25befe73"",""service"":""0f0f8a2f-9703-4f78-a3ed-8fcc57a55f5a"",""deployment"":""7bae97c9-ccbe-49fe-a672-c3ea4a2a6d1e"",""replica"":""5a8db334-f6d0-4ba9-a018-aa1be977e5fd""}",2026-02-15T09:40:41.833512112Z
"    conn = _connect(dsn, connection_factory=connection_factory, **kwasync)","{""level"":""error""}","{""project"":""70a52d41-885a-4854-b650-392635199b54"",""environment"":""67be7a60-8b6c-4987-8690-dbef25befe73"",""service"":""0f0f8a2f-9703-4f78-a3ed-8fcc57a55f5a"",""deployment"":""7bae97c9-ccbe-49fe-a672-c3ea4a2a6d1e"",""replica"":""5a8db334-f6d0-4ba9-a018-aa1be977e5fd""}",2026-02-15T09:40:41.833519342Z
           ^^^^^^^^^^^^^^^^^^^^^^^^^^^^^^^^^^^^^^^^^^^^^^^^^^^^^^^^^^^^^^^,"{""level"":""error""}","{""project"":""70a52d41-885a-4854-b650-392635199b54"",""environment"":""67be7a60-8b6c-4987-8690-dbef25befe73"",""service"":""0f0f8a2f-9703-4f78-a3ed-8fcc57a55f5a"",""deployment"":""7bae97c9-ccbe-49fe-a672-c3ea4a2a6d1e"",""replica"":""5a8db334-f6d0-4ba9-a018-aa1be977e5fd""}",2026-02-15T09:40:41.833525652Z
"django.db.utils.OperationalError: connection to server at ""15.164.188.235"", port 5432 failed: FATAL:  MaxClientsInSessionMode: max clients reached - in Session mode max clients are limited to pool_size","{""level"":""error""}","{""project"":""70a52d41-885a-4854-b650-392635199b54"",""environment"":""67be7a60-8b6c-4987-8690-dbef25befe73"",""service"":""0f0f8a2f-9703-4f78-a3ed-8fcc57a55f5a"",""deployment"":""7bae97c9-ccbe-49fe-a672-c3ea4a2a6d1e"",""replica"":""5a8db334-f6d0-4ba9-a018-aa1be977e5fd""}",2026-02-15T09:40:41.833531522Z
,"{""level"":""error""}","{""project"":""70a52d41-885a-4854-b650-392635199b54"",""environment"":""67be7a60-8b6c-4987-8690-dbef25befe73"",""service"":""0f0f8a2f-9703-4f78-a3ed-8fcc57a55f5a"",""deployment"":""7bae97c9-ccbe-49fe-a672-c3ea4a2a6d1e"",""replica"":""5a8db334-f6d0-4ba9-a018-aa1be977e5fd""}",2026-02-15T09:40:41.833538472Z
Internal Server Error: /api/community/rooms/,"{""level"":""error""}","{""project"":""70a52d41-885a-4854-b650-392635199b54"",""environment"":""67be7a60-8b6c-4987-8690-dbef25befe73"",""service"":""0f0f8a2f-9703-4f78-a3ed-8fcc57a55f5a"",""deployment"":""7bae97c9-ccbe-49fe-a672-c3ea4a2a6d1e"",""replica"":""5a8db334-f6d0-4ba9-a018-aa1be977e5fd""}",2026-02-15T09:40:41.833547962Z
Traceback (most recent call last):,"{""level"":""error""}","{""project"":""70a52d41-885a-4854-b650-392635199b54"",""environment"":""67be7a60-8b6c-4987-8690-dbef25befe73"",""service"":""0f0f8a2f-9703-4f78-a3ed-8fcc57a55f5a"",""deployment"":""7bae97c9-ccbe-49fe-a672-c3ea4a2a6d1e"",""replica"":""5a8db334-f6d0-4ba9-a018-aa1be977e5fd""}",2026-02-15T09:40:41.833555242Z
"  File ""/usr/local/lib/python3.11/site-packages/django/db/backends/base/base.py"", line 279, in ensure_connection","{""level"":""error""}","{""project"":""70a52d41-885a-4854-b650-392635199b54"",""environment"":""67be7a60-8b6c-4987-8690-dbef25befe73"",""service"":""0f0f8a2f-9703-4f78-a3ed-8fcc57a55f5a"",""deployment"":""7bae97c9-ccbe-49fe-a672-c3ea4a2a6d1e"",""replica"":""5a8db334-f6d0-4ba9-a018-aa1be977e5fd""}",2026-02-15T09:40:41.833561642Z
    self.connect(),"{""level"":""error""}","{""project"":""70a52d41-885a-4854-b650-392635199b54"",""environment"":""67be7a60-8b6c-4987-8690-dbef25befe73"",""service"":""0f0f8a2f-9703-4f78-a3ed-8fcc57a55f5a"",""deployment"":""7bae97c9-ccbe-49fe-a672-c3ea4a2a6d1e"",""replica"":""5a8db334-f6d0-4ba9-a018-aa1be977e5fd""}",2026-02-15T09:40:41.833572242Z
"  File ""/usr/local/lib/python3.11/site-packages/django/utils/asyncio.py"", line 26, in inner","{""level"":""error""}","{""project"":""70a52d41-885a-4854-b650-392635199b54"",""environment"":""67be7a60-8b6c-4987-8690-dbef25befe73"",""service"":""0f0f8a2f-9703-4f78-a3ed-8fcc57a55f5a"",""deployment"":""7bae97c9-ccbe-49fe-a672-c3ea4a2a6d1e"",""replica"":""5a8db334-f6d0-4ba9-a018-aa1be977e5fd""}",2026-02-15T09:40:41.833583742Z
"    return func(*args, **kwargs)","{""level"":""error""}","{""project"":""70a52d41-885a-4854-b650-392635199b54"",""environment"":""67be7a60-8b6c-4987-8690-dbef25befe73"",""service"":""0f0f8a2f-9703-4f78-a3ed-8fcc57a55f5a"",""deployment"":""7bae97c9-ccbe-49fe-a672-c3ea4a2a6d1e"",""replica"":""5a8db334-f6d0-4ba9-a018-aa1be977e5fd""}",2026-02-15T09:40:41.833594232Z
           ^^^^^^^^^^^^^^^^^^^^^,"{""level"":""error""}","{""project"":""70a52d41-885a-4854-b650-392635199b54"",""environment"":""67be7a60-8b6c-4987-8690-dbef25befe73"",""service"":""0f0f8a2f-9703-4f78-a3ed-8fcc57a55f5a"",""deployment"":""7bae97c9-ccbe-49fe-a672-c3ea4a2a6d1e"",""replica"":""5a8db334-f6d0-4ba9-a018-aa1be977e5fd""}",2026-02-15T09:40:41.833604222Z
"  File ""/usr/local/lib/python3.11/site-packages/django/db/backends/base/base.py"", line 256, in connect","{""level"":""error""}","{""project"":""70a52d41-885a-4854-b650-392635199b54"",""environment"":""67be7a60-8b6c-4987-8690-dbef25befe73"",""service"":""0f0f8a2f-9703-4f78-a3ed-8fcc57a55f5a"",""deployment"":""7bae97c9-ccbe-49fe-a672-c3ea4a2a6d1e"",""replica"":""5a8db334-f6d0-4ba9-a018-aa1be977e5fd""}",2026-02-15T09:40:41.833614042Z
    self.connection = self.get_new_connection(conn_params),"{""level"":""error""}","{""project"":""70a52d41-885a-4854-b650-392635199b54"",""environment"":""67be7a60-8b6c-4987-8690-dbef25befe73"",""service"":""0f0f8a2f-9703-4f78-a3ed-8fcc57a55f5a"",""deployment"":""7bae97c9-ccbe-49fe-a672-c3ea4a2a6d1e"",""replica"":""5a8db334-f6d0-4ba9-a018-aa1be977e5fd""}",2026-02-15T09:40:41.833623172Z
                      ^^^^^^^^^^^^^^^^^^^^^^^^^^^^^^^^^^^^,"{""level"":""error""}","{""project"":""70a52d41-885a-4854-b650-392635199b54"",""environment"":""67be7a60-8b6c-4987-8690-dbef25befe73"",""service"":""0f0f8a2f-9703-4f78-a3ed-8fcc57a55f5a"",""deployment"":""7bae97c9-ccbe-49fe-a672-c3ea4a2a6d1e"",""replica"":""5a8db334-f6d0-4ba9-a018-aa1be977e5fd""}",2026-02-15T09:40:41.833633022Z
"  File ""/usr/local/lib/python3.11/site-packages/django/utils/asyncio.py"", line 26, in inner","{""level"":""error""}","{""project"":""70a52d41-885a-4854-b650-392635199b54"",""environment"":""67be7a60-8b6c-4987-8690-dbef25befe73"",""service"":""0f0f8a2f-9703-4f78-a3ed-8fcc57a55f5a"",""deployment"":""7bae97c9-ccbe-49fe-a672-c3ea4a2a6d1e"",""replica"":""5a8db334-f6d0-4ba9-a018-aa1be977e5fd""}",2026-02-15T09:40:41.833641992Z
"    return func(*args, **kwargs)","{""level"":""error""}","{""project"":""70a52d41-885a-4854-b650-392635199b54"",""environment"":""67be7a60-8b6c-4987-8690-dbef25befe73"",""service"":""0f0f8a2f-9703-4f78-a3ed-8fcc57a55f5a"",""deployment"":""7bae97c9-ccbe-49fe-a672-c3ea4a2a6d1e"",""replica"":""5a8db334-f6d0-4ba9-a018-aa1be977e5fd""}",2026-02-15T09:40:41.833830621Z
           ^^^^^^^^^^^^^^^^^^^^^,"{""level"":""error""}","{""project"":""70a52d41-885a-4854-b650-392635199b54"",""environment"":""67be7a60-8b6c-4987-8690-dbef25befe73"",""service"":""0f0f8a2f-9703-4f78-a3ed-8fcc57a55f5a"",""deployment"":""7bae97c9-ccbe-49fe-a672-c3ea4a2a6d1e"",""replica"":""5a8db334-f6d0-4ba9-a018-aa1be977e5fd""}",2026-02-15T09:40:41.833837812Z
"  File ""/usr/local/lib/python3.11/site-packages/django/db/backends/postgresql/base.py"", line 332, in get_new_connection","{""level"":""error""}","{""project"":""70a52d41-885a-4854-b650-392635199b54"",""environment"":""67be7a60-8b6c-4987-8690-dbef25befe73"",""service"":""0f0f8a2f-9703-4f78-a3ed-8fcc57a55f5a"",""deployment"":""7bae97c9-ccbe-49fe-a672-c3ea4a2a6d1e"",""replica"":""5a8db334-f6d0-4ba9-a018-aa1be977e5fd""}",2026-02-15T09:40:41.833844761Z
    connection = self.Database.connect(**conn_params),"{""level"":""error""}","{""project"":""70a52d41-885a-4854-b650-392635199b54"",""environment"":""67be7a60-8b6c-4987-8690-dbef25befe73"",""service"":""0f0f8a2f-9703-4f78-a3ed-8fcc57a55f5a"",""deployment"":""7bae97c9-ccbe-49fe-a672-c3ea4a2a6d1e"",""replica"":""5a8db334-f6d0-4ba9-a018-aa1be977e5fd""}",2026-02-15T09:40:41.833852621Z
                 ^^^^^^^^^^^^^^^^^^^^^^^^^^^^^^^^^^^^,"{""level"":""error""}","{""project"":""70a52d41-885a-4854-b650-392635199b54"",""environment"":""67be7a60-8b6c-4987-8690-dbef25befe73"",""service"":""0f0f8a2f-9703-4f78-a3ed-8fcc57a55f5a"",""deployment"":""7bae97c9-ccbe-49fe-a672-c3ea4a2a6d1e"",""replica"":""5a8db334-f6d0-4ba9-a018-aa1be977e5fd""}",2026-02-15T09:40:41.833861812Z
"  File ""/usr/local/lib/python3.11/site-packages/psycopg2/__init__.py"", line 122, in connect","{""level"":""error""}","{""project"":""70a52d41-885a-4854-b650-392635199b54"",""environment"":""67be7a60-8b6c-4987-8690-dbef25befe73"",""service"":""0f0f8a2f-9703-4f78-a3ed-8fcc57a55f5a"",""deployment"":""7bae97c9-ccbe-49fe-a672-c3ea4a2a6d1e"",""replica"":""5a8db334-f6d0-4ba9-a018-aa1be977e5fd""}",2026-02-15T09:40:41.833868941Z
"    conn = _connect(dsn, connection_factory=connection_factory, **kwasync)","{""level"":""error""}","{""project"":""70a52d41-885a-4854-b650-392635199b54"",""environment"":""67be7a60-8b6c-4987-8690-dbef25befe73"",""service"":""0f0f8a2f-9703-4f78-a3ed-8fcc57a55f5a"",""deployment"":""7bae97c9-ccbe-49fe-a672-c3ea4a2a6d1e"",""replica"":""5a8db334-f6d0-4ba9-a018-aa1be977e5fd""}",2026-02-15T09:40:41.833876472Z
           ^^^^^^^^^^^^^^^^^^^^^^^^^^^^^^^^^^^^^^^^^^^^^^^^^^^^^^^^^^^^^^^,"{""level"":""error""}","{""project"":""70a52d41-885a-4854-b650-392635199b54"",""environment"":""67be7a60-8b6c-4987-8690-dbef25befe73"",""service"":""0f0f8a2f-9703-4f78-a3ed-8fcc57a55f5a"",""deployment"":""7bae97c9-ccbe-49fe-a672-c3ea4a2a6d1e"",""replica"":""5a8db334-f6d0-4ba9-a018-aa1be977e5fd""}",2026-02-15T09:40:41.833882941Z
"psycopg2.OperationalError: connection to server at ""15.164.188.235"", port 5432 failed: FATAL:  MaxClientsInSessionMode: max clients reached - in Session mode max clients are limited to pool_size","{""level"":""error""}","{""project"":""70a52d41-885a-4854-b650-392635199b54"",""environment"":""67be7a60-8b6c-4987-8690-dbef25befe73"",""service"":""0f0f8a2f-9703-4f78-a3ed-8fcc57a55f5a"",""deployment"":""7bae97c9-ccbe-49fe-a672-c3ea4a2a6d1e"",""replica"":""5a8db334-f6d0-4ba9-a018-aa1be977e5fd""}",2026-02-15T09:40:41.833890272Z
,"{""level"":""error""}","{""project"":""70a52d41-885a-4854-b650-392635199b54"",""environment"":""67be7a60-8b6c-4987-8690-dbef25befe73"",""service"":""0f0f8a2f-9703-4f78-a3ed-8fcc57a55f5a"",""deployment"":""7bae97c9-ccbe-49fe-a672-c3ea4a2a6d1e"",""replica"":""5a8db334-f6d0-4ba9-a018-aa1be977e5fd""}",2026-02-15T09:40:41.833896961Z
,"{""level"":""error""}","{""project"":""70a52d41-885a-4854-b650-392635199b54"",""environment"":""67be7a60-8b6c-4987-8690-dbef25befe73"",""service"":""0f0f8a2f-9703-4f78-a3ed-8fcc57a55f5a"",""deployment"":""7bae97c9-ccbe-49fe-a672-c3ea4a2a6d1e"",""replica"":""5a8db334-f6d0-4ba9-a018-aa1be977e5fd""}",2026-02-15T09:40:41.833902612Z
The above exception was the direct cause of the following exception:,"{""level"":""error""}","{""project"":""70a52d41-885a-4854-b650-392635199b54"",""environment"":""67be7a60-8b6c-4987-8690-dbef25befe73"",""service"":""0f0f8a2f-9703-4f78-a3ed-8fcc57a55f5a"",""deployment"":""7bae97c9-ccbe-49fe-a672-c3ea4a2a6d1e"",""replica"":""5a8db334-f6d0-4ba9-a018-aa1be977e5fd""}",2026-02-15T09:40:41.833911201Z
,"{""level"":""error""}","{""project"":""70a52d41-885a-4854-b650-392635199b54"",""environment"":""67be7a60-8b6c-4987-8690-dbef25befe73"",""service"":""0f0f8a2f-9703-4f78-a3ed-8fcc57a55f5a"",""deployment"":""7bae97c9-ccbe-49fe-a672-c3ea4a2a6d1e"",""replica"":""5a8db334-f6d0-4ba9-a018-aa1be977e5fd""}",2026-02-15T09:40:41.833917441Z
Traceback (most recent call last):,"{""level"":""error""}","{""project"":""70a52d41-885a-4854-b650-392635199b54"",""environment"":""67be7a60-8b6c-4987-8690-dbef25befe73"",""service"":""0f0f8a2f-9703-4f78-a3ed-8fcc57a55f5a"",""deployment"":""7bae97c9-ccbe-49fe-a672-c3ea4a2a6d1e"",""replica"":""5a8db334-f6d0-4ba9-a018-aa1be977e5fd""}",2026-02-15T09:40:41.833923241Z
"  File ""/usr/local/lib/python3.11/site-packages/asgiref/sync.py"", line 557, in thread_handler","{""level"":""error""}","{""project"":""70a52d41-885a-4854-b650-392635199b54"",""environment"":""67be7a60-8b6c-4987-8690-dbef25befe73"",""service"":""0f0f8a2f-9703-4f78-a3ed-8fcc57a55f5a"",""deployment"":""7bae97c9-ccbe-49fe-a672-c3ea4a2a6d1e"",""replica"":""5a8db334-f6d0-4ba9-a018-aa1be977e5fd""}",2026-02-15T09:40:41.833929401Z
    raise exc_info[1],"{""level"":""error""}","{""project"":""70a52d41-885a-4854-b650-392635199b54"",""environment"":""67be7a60-8b6c-4987-8690-dbef25befe73"",""service"":""0f0f8a2f-9703-4f78-a3ed-8fcc57a55f5a"",""deployment"":""7bae97c9-ccbe-49fe-a672-c3ea4a2a6d1e"",""replica"":""5a8db334-f6d0-4ba9-a018-aa1be977e5fd""}",2026-02-15T09:40:41.833936112Z
"  File ""/usr/local/lib/python3.11/site-packages/django/core/handlers/exception.py"", line 42, in inner","{""level"":""error""}","{""project"":""70a52d41-885a-4854-b650-392635199b54"",""environment"":""67be7a60-8b6c-4987-8690-dbef25befe73"",""service"":""0f0f8a2f-9703-4f78-a3ed-8fcc57a55f5a"",""deployment"":""7bae97c9-ccbe-49fe-a672-c3ea4a2a6d1e"",""replica"":""5a8db334-f6d0-4ba9-a018-aa1be977e5fd""}",2026-02-15T09:40:41.833941581Z
    response = await get_response(request),"{""level"":""error""}","{""project"":""70a52d41-885a-4854-b650-392635199b54"",""environment"":""67be7a60-8b6c-4987-8690-dbef25befe73"",""service"":""0f0f8a2f-9703-4f78-a3ed-8fcc57a55f5a"",""deployment"":""7bae97c9-ccbe-49fe-a672-c3ea4a2a6d1e"",""replica"":""5a8db334-f6d0-4ba9-a018-aa1be977e5fd""}",2026-02-15T09:40:41.833949072Z
               ^^^^^^^^^^^^^^^^^^^^^^^^^^^,"{""level"":""error""}","{""project"":""70a52d41-885a-4854-b650-392635199b54"",""environment"":""67be7a60-8b6c-4987-8690-dbef25befe73"",""service"":""0f0f8a2f-9703-4f78-a3ed-8fcc57a55f5a"",""deployment"":""7bae97c9-ccbe-49fe-a672-c3ea4a2a6d1e"",""replica"":""5a8db334-f6d0-4ba9-a018-aa1be977e5fd""}",2026-02-15T09:40:41.833958081Z
"  File ""/usr/local/lib/python3.11/site-packages/asgiref/sync.py"", line 557, in thread_handler","{""level"":""error""}","{""project"":""70a52d41-885a-4854-b650-392635199b54"",""environment"":""67be7a60-8b6c-4987-8690-dbef25befe73"",""service"":""0f0f8a2f-9703-4f78-a3ed-8fcc57a55f5a"",""deployment"":""7bae97c9-ccbe-49fe-a672-c3ea4a2a6d1e"",""replica"":""5a8db334-f6d0-4ba9-a018-aa1be977e5fd""}",2026-02-15T09:40:41.833964292Z
    raise exc_info[1],"{""level"":""error""}","{""project"":""70a52d41-885a-4854-b650-392635199b54"",""environment"":""67be7a60-8b6c-4987-8690-dbef25befe73"",""service"":""0f0f8a2f-9703-4f78-a3ed-8fcc57a55f5a"",""deployment"":""7bae97c9-ccbe-49fe-a672-c3ea4a2a6d1e"",""replica"":""5a8db334-f6d0-4ba9-a018-aa1be977e5fd""}",2026-02-15T09:40:41.834126952Z
"  File ""/usr/local/lib/python3.11/site-packages/django/core/handlers/base.py"", line 253, in _get_response_async","{""level"":""error""}","{""project"":""70a52d41-885a-4854-b650-392635199b54"",""environment"":""67be7a60-8b6c-4987-8690-dbef25befe73"",""service"":""0f0f8a2f-9703-4f78-a3ed-8fcc57a55f5a"",""deployment"":""7bae97c9-ccbe-49fe-a672-c3ea4a2a6d1e"",""replica"":""5a8db334-f6d0-4ba9-a018-aa1be977e5fd""}",2026-02-15T09:40:41.834138761Z
    response = await wrapped_callback(,"{""level"":""error""}","{""project"":""70a52d41-885a-4854-b650-392635199b54"",""environment"":""67be7a60-8b6c-4987-8690-dbef25befe73"",""service"":""0f0f8a2f-9703-4f78-a3ed-8fcc57a55f5a"",""deployment"":""7bae97c9-ccbe-49fe-a672-c3ea4a2a6d1e"",""replica"":""5a8db334-f6d0-4ba9-a018-aa1be977e5fd""}",2026-02-15T09:40:41.834148292Z
               ^^^^^^^^^^^^^^^^^^^^^^^,"{""level"":""error""}","{""project"":""70a52d41-885a-4854-b650-392635199b54"",""environment"":""67be7a60-8b6c-4987-8690-dbef25befe73"",""service"":""0f0f8a2f-9703-4f78-a3ed-8fcc57a55f5a"",""deployment"":""7bae97c9-ccbe-49fe-a672-c3ea4a2a6d1e"",""replica"":""5a8db334-f6d0-4ba9-a018-aa1be977e5fd""}",2026-02-15T09:40:41.834157701Z
"  File ""/usr/local/lib/python3.11/site-packages/asgiref/sync.py"", line 506, in __call__","{""level"":""error""}","{""project"":""70a52d41-885a-4854-b650-392635199b54"",""environment"":""67be7a60-8b6c-4987-8690-dbef25befe73"",""service"":""0f0f8a2f-9703-4f78-a3ed-8fcc57a55f5a"",""deployment"":""7bae97c9-ccbe-49fe-a672-c3ea4a2a6d1e"",""replica"":""5a8db334-f6d0-4ba9-a018-aa1be977e5fd""}",2026-02-15T09:40:41.834167721Z
    ret = await asyncio.shield(exec_coro),"{""level"":""error""}","{""project"":""70a52d41-885a-4854-b650-392635199b54"",""environment"":""67be7a60-8b6c-4987-8690-dbef25befe73"",""service"":""0f0f8a2f-9703-4f78-a3ed-8fcc57a55f5a"",""deployment"":""7bae97c9-ccbe-49fe-a672-c3ea4a2a6d1e"",""replica"":""5a8db334-f6d0-4ba9-a018-aa1be977e5fd""}",2026-02-15T09:40:41.834177141Z
          ^^^^^^^^^^^^^^^^^^^^^^^^^^^^^^^,"{""level"":""error""}","{""project"":""70a52d41-885a-4854-b650-392635199b54"",""environment"":""67be7a60-8b6c-4987-8690-dbef25befe73"",""service"":""0f0f8a2f-9703-4f78-a3ed-8fcc57a55f5a"",""deployment"":""7bae97c9-ccbe-49fe-a672-c3ea4a2a6d1e"",""replica"":""5a8db334-f6d0-4ba9-a018-aa1be977e5fd""}",2026-02-15T09:40:41.834187792Z
"  File ""/usr/local/lib/python3.11/site-packages/asgiref/current_thread_executor.py"", line 40, in run","{""level"":""error""}","{""project"":""70a52d41-885a-4854-b650-392635199b54"",""environment"":""67be7a60-8b6c-4987-8690-dbef25befe73"",""service"":""0f0f8a2f-9703-4f78-a3ed-8fcc57a55f5a"",""deployment"":""7bae97c9-ccbe-49fe-a672-c3ea4a2a6d1e"",""replica"":""5a8db334-f6d0-4ba9-a018-aa1be977e5fd""}",2026-02-15T09:40:41.834197921Z
"    result = self.fn(*self.args, **self.kwargs)","{""level"":""error""}","{""project"":""70a52d41-885a-4854-b650-392635199b54"",""environment"":""67be7a60-8b6c-4987-8690-dbef25befe73"",""service"":""0f0f8a2f-9703-4f78-a3ed-8fcc57a55f5a"",""deployment"":""7bae97c9-ccbe-49fe-a672-c3ea4a2a6d1e"",""replica"":""5a8db334-f6d0-4ba9-a018-aa1be977e5fd""}",2026-02-15T09:40:41.834206481Z
             ^^^^^^^^^^^^^^^^^^^^^^^^^^^^^^^^^^,"{""level"":""error""}","{""project"":""70a52d41-885a-4854-b650-392635199b54"",""environment"":""67be7a60-8b6c-4987-8690-dbef25befe73"",""service"":""0f0f8a2f-9703-4f78-a3ed-8fcc57a55f5a"",""deployment"":""7bae97c9-ccbe-49fe-a672-c3ea4a2a6d1e"",""replica"":""5a8db334-f6d0-4ba9-a018-aa1be977e5fd""}",2026-02-15T09:40:41.834213012Z
"  File ""/usr/local/lib/python3.11/site-packages/asgiref/sync.py"", line 561, in thread_handler","{""level"":""error""}","{""project"":""70a52d41-885a-4854-b650-392635199b54"",""environment"":""67be7a60-8b6c-4987-8690-dbef25befe73"",""service"":""0f0f8a2f-9703-4f78-a3ed-8fcc57a55f5a"",""deployment"":""7bae97c9-ccbe-49fe-a672-c3ea4a2a6d1e"",""replica"":""5a8db334-f6d0-4ba9-a018-aa1be977e5fd""}",2026-02-15T09:40:41.834219692Z
"    return func(*args, **kwargs)","{""level"":""error""}","{""project"":""70a52d41-885a-4854-b650-392635199b54"",""environment"":""67be7a60-8b6c-4987-8690-dbef25befe73"",""service"":""0f0f8a2f-9703-4f78-a3ed-8fcc57a55f5a"",""deployment"":""7bae97c9-ccbe-49fe-a672-c3ea4a2a6d1e"",""replica"":""5a8db334-f6d0-4ba9-a018-aa1be977e5fd""}",2026-02-15T09:40:41.834225921Z
           ^^^^^^^^^^^^^^^^^^^^^,"{""level"":""error""}","{""project"":""70a52d41-885a-4854-b650-392635199b54"",""environment"":""67be7a60-8b6c-4987-8690-dbef25befe73"",""service"":""0f0f8a2f-9703-4f78-a3ed-8fcc57a55f5a"",""deployment"":""7bae97c9-ccbe-49fe-a672-c3ea4a2a6d1e"",""replica"":""5a8db334-f6d0-4ba9-a018-aa1be977e5fd""}",2026-02-15T09:40:41.834231892Z
"  File ""/usr/local/lib/python3.11/site-packages/django/views/decorators/csrf.py"", line 65, in _view_wrapper","{""level"":""error""}","{""project"":""70a52d41-885a-4854-b650-392635199b54"",""environment"":""67be7a60-8b6c-4987-8690-dbef25befe73"",""service"":""0f0f8a2f-9703-4f78-a3ed-8fcc57a55f5a"",""deployment"":""7bae97c9-ccbe-49fe-a672-c3ea4a2a6d1e"",""replica"":""5a8db334-f6d0-4ba9-a018-aa1be977e5fd""}",2026-02-15T09:40:41.834238112Z
"    return view_func(request, *args, **kwargs)","{""level"":""error""}","{""project"":""70a52d41-885a-4854-b650-392635199b54"",""environment"":""67be7a60-8b6c-4987-8690-dbef25befe73"",""service"":""0f0f8a2f-9703-4f78-a3ed-8fcc57a55f5a"",""deployment"":""7bae97c9-ccbe-49fe-a672-c3ea4a2a6d1e"",""replica"":""5a8db334-f6d0-4ba9-a018-aa1be977e5fd""}",2026-02-15T09:40:41.834243761Z
           ^^^^^^^^^^^^^^^^^^^^^^^^^^^^^^^^^^^,"{""level"":""error""}","{""project"":""70a52d41-885a-4854-b650-392635199b54"",""environment"":""67be7a60-8b6c-4987-8690-dbef25befe73"",""service"":""0f0f8a2f-9703-4f78-a3ed-8fcc57a55f5a"",""deployment"":""7bae97c9-ccbe-49fe-a672-c3ea4a2a6d1e"",""replica"":""5a8db334-f6d0-4ba9-a018-aa1be977e5fd""}",2026-02-15T09:40:41.834250192Z
"  File ""/usr/local/lib/python3.11/site-packages/rest_framework/viewsets.py"", line 125, in view","{""level"":""error""}","{""project"":""70a52d41-885a-4854-b650-392635199b54"",""environment"":""67be7a60-8b6c-4987-8690-dbef25befe73"",""service"":""0f0f8a2f-9703-4f78-a3ed-8fcc57a55f5a"",""deployment"":""7bae97c9-ccbe-49fe-a672-c3ea4a2a6d1e"",""replica"":""5a8db334-f6d0-4ba9-a018-aa1be977e5fd""}",2026-02-15T09:40:41.834257712Z
"    return self.dispatch(request, *args, **kwargs)","{""level"":""error""}","{""project"":""70a52d41-885a-4854-b650-392635199b54"",""environment"":""67be7a60-8b6c-4987-8690-dbef25befe73"",""service"":""0f0f8a2f-9703-4f78-a3ed-8fcc57a55f5a"",""deployment"":""7bae97c9-ccbe-49fe-a672-c3ea4a2a6d1e"",""replica"":""5a8db334-f6d0-4ba9-a018-aa1be977e5fd""}",2026-02-15T09:40:41.834263152Z
           ^^^^^^^^^^^^^^^^^^^^^^^^^^^^^^^^^^^^^^^,"{""level"":""error""}","{""project"":""70a52d41-885a-4854-b650-392635199b54"",""environment"":""67be7a60-8b6c-4987-8690-dbef25befe73"",""service"":""0f0f8a2f-9703-4f78-a3ed-8fcc57a55f5a"",""deployment"":""7bae97c9-ccbe-49fe-a672-c3ea4a2a6d1e"",""replica"":""5a8db334-f6d0-4ba9-a018-aa1be977e5fd""}",2026-02-15T09:40:41.834269952Z
"  File ""/usr/local/lib/python3.11/site-packages/rest_framework/views.py"", line 515, in dispatch","{""level"":""error""}","{""project"":""70a52d41-885a-4854-b650-392635199b54"",""environment"":""67be7a60-8b6c-4987-8690-dbef25befe73"",""service"":""0f0f8a2f-9703-4f78-a3ed-8fcc57a55f5a"",""deployment"":""7bae97c9-ccbe-49fe-a672-c3ea4a2a6d1e"",""replica"":""5a8db334-f6d0-4ba9-a018-aa1be977e5fd""}",2026-02-15T09:40:41.834275261Z
"  File ""/usr/local/lib/python3.11/site-packages/rest_framework_simplejwt/authentication.py"", line 51, in authenticate","{""level"":""error""}","{""project"":""70a52d41-885a-4854-b650-392635199b54"",""environment"":""67be7a60-8b6c-4987-8690-dbef25befe73"",""service"":""0f0f8a2f-9703-4f78-a3ed-8fcc57a55f5a"",""deployment"":""7bae97c9-ccbe-49fe-a672-c3ea4a2a6d1e"",""replica"":""5a8db334-f6d0-4ba9-a018-aa1be977e5fd""}",2026-02-15T09:40:41.834698821Z
"    return self.get_user(validated_token), validated_token","{""level"":""error""}","{""project"":""70a52d41-885a-4854-b650-392635199b54"",""environment"":""67be7a60-8b6c-4987-8690-dbef25befe73"",""service"":""0f0f8a2f-9703-4f78-a3ed-8fcc57a55f5a"",""deployment"":""7bae97c9-ccbe-49fe-a672-c3ea4a2a6d1e"",""replica"":""5a8db334-f6d0-4ba9-a018-aa1be977e5fd""}",2026-02-15T09:40:41.834707721Z
    response = self.handle_exception(exc),"{""level"":""error""}","{""project"":""70a52d41-885a-4854-b650-392635199b54"",""environment"":""67be7a60-8b6c-4987-8690-dbef25befe73"",""service"":""0f0f8a2f-9703-4f78-a3ed-8fcc57a55f5a"",""deployment"":""7bae97c9-ccbe-49fe-a672-c3ea4a2a6d1e"",""replica"":""5a8db334-f6d0-4ba9-a018-aa1be977e5fd""}",2026-02-15T09:40:41.834718721Z
               ^^^^^^^^^^^^^^^^^^^^^^^^^^,"{""level"":""error""}","{""project"":""70a52d41-885a-4854-b650-392635199b54"",""environment"":""67be7a60-8b6c-4987-8690-dbef25befe73"",""service"":""0f0f8a2f-9703-4f78-a3ed-8fcc57a55f5a"",""deployment"":""7bae97c9-ccbe-49fe-a672-c3ea4a2a6d1e"",""replica"":""5a8db334-f6d0-4ba9-a018-aa1be977e5fd""}",2026-02-15T09:40:41.834732612Z
"  File ""/usr/local/lib/python3.11/site-packages/rest_framework/views.py"", line 475, in handle_exception","{""level"":""error""}","{""project"":""70a52d41-885a-4854-b650-392635199b54"",""environment"":""67be7a60-8b6c-4987-8690-dbef25befe73"",""service"":""0f0f8a2f-9703-4f78-a3ed-8fcc57a55f5a"",""deployment"":""7bae97c9-ccbe-49fe-a672-c3ea4a2a6d1e"",""replica"":""5a8db334-f6d0-4ba9-a018-aa1be977e5fd""}",2026-02-15T09:40:41.834741712Z
    self.raise_uncaught_exception(exc),"{""level"":""error""}","{""project"":""70a52d41-885a-4854-b650-392635199b54"",""environment"":""67be7a60-8b6c-4987-8690-dbef25befe73"",""service"":""0f0f8a2f-9703-4f78-a3ed-8fcc57a55f5a"",""deployment"":""7bae97c9-ccbe-49fe-a672-c3ea4a2a6d1e"",""replica"":""5a8db334-f6d0-4ba9-a018-aa1be977e5fd""}",2026-02-15T09:40:41.834749612Z
"  File ""/usr/local/lib/python3.11/site-packages/rest_framework/views.py"", line 486, in raise_uncaught_exception","{""level"":""error""}","{""project"":""70a52d41-885a-4854-b650-392635199b54"",""environment"":""67be7a60-8b6c-4987-8690-dbef25befe73"",""service"":""0f0f8a2f-9703-4f78-a3ed-8fcc57a55f5a"",""deployment"":""7bae97c9-ccbe-49fe-a672-c3ea4a2a6d1e"",""replica"":""5a8db334-f6d0-4ba9-a018-aa1be977e5fd""}",2026-02-15T09:40:41.834758572Z
    raise exc,"{""level"":""error""}","{""project"":""70a52d41-885a-4854-b650-392635199b54"",""environment"":""67be7a60-8b6c-4987-8690-dbef25befe73"",""service"":""0f0f8a2f-9703-4f78-a3ed-8fcc57a55f5a"",""deployment"":""7bae97c9-ccbe-49fe-a672-c3ea4a2a6d1e"",""replica"":""5a8db334-f6d0-4ba9-a018-aa1be977e5fd""}",2026-02-15T09:40:41.834768032Z
"  File ""/usr/local/lib/python3.11/site-packages/rest_framework/views.py"", line 503, in dispatch","{""level"":""error""}","{""project"":""70a52d41-885a-4854-b650-392635199b54"",""environment"":""67be7a60-8b6c-4987-8690-dbef25befe73"",""service"":""0f0f8a2f-9703-4f78-a3ed-8fcc57a55f5a"",""deployment"":""7bae97c9-ccbe-49fe-a672-c3ea4a2a6d1e"",""replica"":""5a8db334-f6d0-4ba9-a018-aa1be977e5fd""}",2026-02-15T09:40:41.834775932Z
"    self.initial(request, *args, **kwargs)","{""level"":""error""}","{""project"":""70a52d41-885a-4854-b650-392635199b54"",""environment"":""67be7a60-8b6c-4987-8690-dbef25befe73"",""service"":""0f0f8a2f-9703-4f78-a3ed-8fcc57a55f5a"",""deployment"":""7bae97c9-ccbe-49fe-a672-c3ea4a2a6d1e"",""replica"":""5a8db334-f6d0-4ba9-a018-aa1be977e5fd""}",2026-02-15T09:40:41.834784461Z
"  File ""/usr/local/lib/python3.11/site-packages/rest_framework/views.py"", line 420, in initial","{""level"":""error""}","{""project"":""70a52d41-885a-4854-b650-392635199b54"",""environment"":""67be7a60-8b6c-4987-8690-dbef25befe73"",""service"":""0f0f8a2f-9703-4f78-a3ed-8fcc57a55f5a"",""deployment"":""7bae97c9-ccbe-49fe-a672-c3ea4a2a6d1e"",""replica"":""5a8db334-f6d0-4ba9-a018-aa1be977e5fd""}",2026-02-15T09:40:41.834791941Z
    self.perform_authentication(request),"{""level"":""error""}","{""project"":""70a52d41-885a-4854-b650-392635199b54"",""environment"":""67be7a60-8b6c-4987-8690-dbef25befe73"",""service"":""0f0f8a2f-9703-4f78-a3ed-8fcc57a55f5a"",""deployment"":""7bae97c9-ccbe-49fe-a672-c3ea4a2a6d1e"",""replica"":""5a8db334-f6d0-4ba9-a018-aa1be977e5fd""}",2026-02-15T09:40:41.834799352Z
"  File ""/usr/local/lib/python3.11/site-packages/rest_framework/views.py"", line 330, in perform_authentication","{""level"":""error""}","{""project"":""70a52d41-885a-4854-b650-392635199b54"",""environment"":""67be7a60-8b6c-4987-8690-dbef25befe73"",""service"":""0f0f8a2f-9703-4f78-a3ed-8fcc57a55f5a"",""deployment"":""7bae97c9-ccbe-49fe-a672-c3ea4a2a6d1e"",""replica"":""5a8db334-f6d0-4ba9-a018-aa1be977e5fd""}",2026-02-15T09:40:41.834806421Z
    request.user,"{""level"":""error""}","{""project"":""70a52d41-885a-4854-b650-392635199b54"",""environment"":""67be7a60-8b6c-4987-8690-dbef25befe73"",""service"":""0f0f8a2f-9703-4f78-a3ed-8fcc57a55f5a"",""deployment"":""7bae97c9-ccbe-49fe-a672-c3ea4a2a6d1e"",""replica"":""5a8db334-f6d0-4ba9-a018-aa1be977e5fd""}",2026-02-15T09:40:41.834812561Z
"  File ""/usr/local/lib/python3.11/site-packages/rest_framework/request.py"", line 232, in user","{""level"":""error""}","{""project"":""70a52d41-885a-4854-b650-392635199b54"",""environment"":""67be7a60-8b6c-4987-8690-dbef25befe73"",""service"":""0f0f8a2f-9703-4f78-a3ed-8fcc57a55f5a"",""deployment"":""7bae97c9-ccbe-49fe-a672-c3ea4a2a6d1e"",""replica"":""5a8db334-f6d0-4ba9-a018-aa1be977e5fd""}",2026-02-15T09:40:41.834819261Z
    self._authenticate(),"{""level"":""error""}","{""project"":""70a52d41-885a-4854-b650-392635199b54"",""environment"":""67be7a60-8b6c-4987-8690-dbef25befe73"",""service"":""0f0f8a2f-9703-4f78-a3ed-8fcc57a55f5a"",""deployment"":""7bae97c9-ccbe-49fe-a672-c3ea4a2a6d1e"",""replica"":""5a8db334-f6d0-4ba9-a018-aa1be977e5fd""}",2026-02-15T09:40:41.834825752Z
"  File ""/usr/local/lib/python3.11/site-packages/rest_framework/request.py"", line 385, in _authenticate","{""level"":""error""}","{""project"":""70a52d41-885a-4854-b650-392635199b54"",""environment"":""67be7a60-8b6c-4987-8690-dbef25befe73"",""service"":""0f0f8a2f-9703-4f78-a3ed-8fcc57a55f5a"",""deployment"":""7bae97c9-ccbe-49fe-a672-c3ea4a2a6d1e"",""replica"":""5a8db334-f6d0-4ba9-a018-aa1be977e5fd""}",2026-02-15T09:40:41.834833472Z
    user_auth_tuple = authenticator.authenticate(self),"{""level"":""error""}","{""project"":""70a52d41-885a-4854-b650-392635199b54"",""environment"":""67be7a60-8b6c-4987-8690-dbef25befe73"",""service"":""0f0f8a2f-9703-4f78-a3ed-8fcc57a55f5a"",""deployment"":""7bae97c9-ccbe-49fe-a672-c3ea4a2a6d1e"",""replica"":""5a8db334-f6d0-4ba9-a018-aa1be977e5fd""}",2026-02-15T09:40:41.834843881Z
                      ^^^^^^^^^^^^^^^^^^^^^^^^^^^^^^^^,"{""level"":""error""}","{""project"":""70a52d41-885a-4854-b650-392635199b54"",""environment"":""67be7a60-8b6c-4987-8690-dbef25befe73"",""service"":""0f0f8a2f-9703-4f78-a3ed-8fcc57a55f5a"",""deployment"":""7bae97c9-ccbe-49fe-a672-c3ea4a2a6d1e"",""replica"":""5a8db334-f6d0-4ba9-a018-aa1be977e5fd""}",2026-02-15T09:40:41.834855021Z
           ^^^^^^^^^^^^^^^^^^^^^^^^^^^^^^,"{""level"":""error""}","{""project"":""70a52d41-885a-4854-b650-392635199b54"",""environment"":""67be7a60-8b6c-4987-8690-dbef25befe73"",""service"":""0f0f8a2f-9703-4f78-a3ed-8fcc57a55f5a"",""deployment"":""7bae97c9-ccbe-49fe-a672-c3ea4a2a6d1e"",""replica"":""5a8db334-f6d0-4ba9-a018-aa1be977e5fd""}",2026-02-15T09:40:41.835130401Z
"  File ""/usr/local/lib/python3.11/site-packages/rest_framework_simplejwt/authentication.py"", line 132, in get_user","{""level"":""error""}","{""project"":""70a52d41-885a-4854-b650-392635199b54"",""environment"":""67be7a60-8b6c-4987-8690-dbef25befe73"",""service"":""0f0f8a2f-9703-4f78-a3ed-8fcc57a55f5a"",""deployment"":""7bae97c9-ccbe-49fe-a672-c3ea4a2a6d1e"",""replica"":""5a8db334-f6d0-4ba9-a018-aa1be977e5fd""}",2026-02-15T09:40:41.835139151Z
    user = self.user_model.objects.get(**{api_settings.USER_ID_FIELD: user_id}),"{""level"":""error""}","{""project"":""70a52d41-885a-4854-b650-392635199b54"",""environment"":""67be7a60-8b6c-4987-8690-dbef25befe73"",""service"":""0f0f8a2f-9703-4f78-a3ed-8fcc57a55f5a"",""deployment"":""7bae97c9-ccbe-49fe-a672-c3ea4a2a6d1e"",""replica"":""5a8db334-f6d0-4ba9-a018-aa1be977e5fd""}",2026-02-15T09:40:41.835145091Z
           ^^^^^^^^^^^^^^^^^^^^^^^^^^^^^^^^^^^^^^^^^^^^^^^^^^^^^^^^^^^^^^^^^^^^,"{""level"":""error""}","{""project"":""70a52d41-885a-4854-b650-392635199b54"",""environment"":""67be7a60-8b6c-4987-8690-dbef25befe73"",""service"":""0f0f8a2f-9703-4f78-a3ed-8fcc57a55f5a"",""deployment"":""7bae97c9-ccbe-49fe-a672-c3ea4a2a6d1e"",""replica"":""5a8db334-f6d0-4ba9-a018-aa1be977e5fd""}",2026-02-15T09:40:41.835150871Z
"  File ""/usr/local/lib/python3.11/site-packages/django/db/models/manager.py"", line 87, in manager_method","{""level"":""error""}","{""project"":""70a52d41-885a-4854-b650-392635199b54"",""environment"":""67be7a60-8b6c-4987-8690-dbef25befe73"",""service"":""0f0f8a2f-9703-4f78-a3ed-8fcc57a55f5a"",""deployment"":""7bae97c9-ccbe-49fe-a672-c3ea4a2a6d1e"",""replica"":""5a8db334-f6d0-4ba9-a018-aa1be977e5fd""}",2026-02-15T09:40:41.835157381Z
"    return getattr(self.get_queryset(), name)(*args, **kwargs)","{""level"":""error""}","{""project"":""70a52d41-885a-4854-b650-392635199b54"",""environment"":""67be7a60-8b6c-4987-8690-dbef25befe73"",""service"":""0f0f8a2f-9703-4f78-a3ed-8fcc57a55f5a"",""deployment"":""7bae97c9-ccbe-49fe-a672-c3ea4a2a6d1e"",""replica"":""5a8db334-f6d0-4ba9-a018-aa1be977e5fd""}",2026-02-15T09:40:41.835163301Z
           ^^^^^^^^^^^^^^^^^^^^^^^^^^^^^^^^^^^^^^^^^^^^^^^^^^^,"{""level"":""error""}","{""project"":""70a52d41-885a-4854-b650-392635199b54"",""environment"":""67be7a60-8b6c-4987-8690-dbef25befe73"",""service"":""0f0f8a2f-9703-4f78-a3ed-8fcc57a55f5a"",""deployment"":""7bae97c9-ccbe-49fe-a672-c3ea4a2a6d1e"",""replica"":""5a8db334-f6d0-4ba9-a018-aa1be977e5fd""}",2026-02-15T09:40:41.835169451Z
"  File ""/usr/local/lib/python3.11/site-packages/django/db/models/query.py"", line 631, in get","{""level"":""error""}","{""project"":""70a52d41-885a-4854-b650-392635199b54"",""environment"":""67be7a60-8b6c-4987-8690-dbef25befe73"",""service"":""0f0f8a2f-9703-4f78-a3ed-8fcc57a55f5a"",""deployment"":""7bae97c9-ccbe-49fe-a672-c3ea4a2a6d1e"",""replica"":""5a8db334-f6d0-4ba9-a018-aa1be977e5fd""}",2026-02-15T09:40:41.835175511Z
    num = len(clone),"{""level"":""error""}","{""project"":""70a52d41-885a-4854-b650-392635199b54"",""environment"":""67be7a60-8b6c-4987-8690-dbef25befe73"",""service"":""0f0f8a2f-9703-4f78-a3ed-8fcc57a55f5a"",""deployment"":""7bae97c9-ccbe-49fe-a672-c3ea4a2a6d1e"",""replica"":""5a8db334-f6d0-4ba9-a018-aa1be977e5fd""}",2026-02-15T09:40:41.835184401Z
          ^^^^^^^^^^,"{""level"":""error""}","{""project"":""70a52d41-885a-4854-b650-392635199b54"",""environment"":""67be7a60-8b6c-4987-8690-dbef25befe73"",""service"":""0f0f8a2f-9703-4f78-a3ed-8fcc57a55f5a"",""deployment"":""7bae97c9-ccbe-49fe-a672-c3ea4a2a6d1e"",""replica"":""5a8db334-f6d0-4ba9-a018-aa1be977e5fd""}",2026-02-15T09:40:41.835192651Z
"  File ""/usr/local/lib/python3.11/site-packages/django/db/models/query.py"", line 368, in __len__","{""level"":""error""}","{""project"":""70a52d41-885a-4854-b650-392635199b54"",""environment"":""67be7a60-8b6c-4987-8690-dbef25befe73"",""service"":""0f0f8a2f-9703-4f78-a3ed-8fcc57a55f5a"",""deployment"":""7bae97c9-ccbe-49fe-a672-c3ea4a2a6d1e"",""replica"":""5a8db334-f6d0-4ba9-a018-aa1be977e5fd""}",2026-02-15T09:40:41.835215491Z
    self._fetch_all(),"{""level"":""error""}","{""project"":""70a52d41-885a-4854-b650-392635199b54"",""environment"":""67be7a60-8b6c-4987-8690-dbef25befe73"",""service"":""0f0f8a2f-9703-4f78-a3ed-8fcc57a55f5a"",""deployment"":""7bae97c9-ccbe-49fe-a672-c3ea4a2a6d1e"",""replica"":""5a8db334-f6d0-4ba9-a018-aa1be977e5fd""}",2026-02-15T09:40:41.835225091Z
"  File ""/usr/local/lib/python3.11/site-packages/django/db/models/query.py"", line 1954, in _fetch_all","{""level"":""error""}","{""project"":""70a52d41-885a-4854-b650-392635199b54"",""environment"":""67be7a60-8b6c-4987-8690-dbef25befe73"",""service"":""0f0f8a2f-9703-4f78-a3ed-8fcc57a55f5a"",""deployment"":""7bae97c9-ccbe-49fe-a672-c3ea4a2a6d1e"",""replica"":""5a8db334-f6d0-4ba9-a018-aa1be977e5fd""}",2026-02-15T09:40:41.835234571Z
    self._result_cache = list(self._iterable_class(self)),"{""level"":""error""}","{""project"":""70a52d41-885a-4854-b650-392635199b54"",""environment"":""67be7a60-8b6c-4987-8690-dbef25befe73"",""service"":""0f0f8a2f-9703-4f78-a3ed-8fcc57a55f5a"",""deployment"":""7bae97c9-ccbe-49fe-a672-c3ea4a2a6d1e"",""replica"":""5a8db334-f6d0-4ba9-a018-aa1be977e5fd""}",2026-02-15T09:40:41.835243251Z
                         ^^^^^^^^^^^^^^^^^^^^^^^^^^^^^^^^,"{""level"":""error""}","{""project"":""70a52d41-885a-4854-b650-392635199b54"",""environment"":""67be7a60-8b6c-4987-8690-dbef25befe73"",""service"":""0f0f8a2f-9703-4f78-a3ed-8fcc57a55f5a"",""deployment"":""7bae97c9-ccbe-49fe-a672-c3ea4a2a6d1e"",""replica"":""5a8db334-f6d0-4ba9-a018-aa1be977e5fd""}",2026-02-15T09:40:41.835251411Z
"  File ""/usr/local/lib/python3.11/site-packages/django/db/models/query.py"", line 93, in __iter__","{""level"":""error""}","{""project"":""70a52d41-885a-4854-b650-392635199b54"",""environment"":""67be7a60-8b6c-4987-8690-dbef25befe73"",""service"":""0f0f8a2f-9703-4f78-a3ed-8fcc57a55f5a"",""deployment"":""7bae97c9-ccbe-49fe-a672-c3ea4a2a6d1e"",""replica"":""5a8db334-f6d0-4ba9-a018-aa1be977e5fd""}",2026-02-15T09:40:41.835259931Z
    results = compiler.execute_sql(,"{""level"":""error""}","{""project"":""70a52d41-885a-4854-b650-392635199b54"",""environment"":""67be7a60-8b6c-4987-8690-dbef25befe73"",""service"":""0f0f8a2f-9703-4f78-a3ed-8fcc57a55f5a"",""deployment"":""7bae97c9-ccbe-49fe-a672-c3ea4a2a6d1e"",""replica"":""5a8db334-f6d0-4ba9-a018-aa1be977e5fd""}",2026-02-15T09:40:41.835267771Z
              ^^^^^^^^^^^^^^^^^^^^^,"{""level"":""error""}","{""project"":""70a52d41-885a-4854-b650-392635199b54"",""environment"":""67be7a60-8b6c-4987-8690-dbef25befe73"",""service"":""0f0f8a2f-9703-4f78-a3ed-8fcc57a55f5a"",""deployment"":""7bae97c9-ccbe-49fe-a672-c3ea4a2a6d1e"",""replica"":""5a8db334-f6d0-4ba9-a018-aa1be977e5fd""}",2026-02-15T09:40:41.835276531Z
"  File ""/usr/local/lib/python3.11/site-packages/django/db/models/sql/compiler.py"", line 1621, in execute_sql","{""level"":""error""}","{""project"":""70a52d41-885a-4854-b650-392635199b54"",""environment"":""67be7a60-8b6c-4987-8690-dbef25befe73"",""service"":""0f0f8a2f-9703-4f78-a3ed-8fcc57a55f5a"",""deployment"":""7bae97c9-ccbe-49fe-a672-c3ea4a2a6d1e"",""replica"":""5a8db334-f6d0-4ba9-a018-aa1be977e5fd""}",2026-02-15T09:40:41.835287951Z
    cursor = self.connection.cursor(),"{""level"":""error""}","{""project"":""70a52d41-885a-4854-b650-392635199b54"",""environment"":""67be7a60-8b6c-4987-8690-dbef25befe73"",""service"":""0f0f8a2f-9703-4f78-a3ed-8fcc57a55f5a"",""deployment"":""7bae97c9-ccbe-49fe-a672-c3ea4a2a6d1e"",""replica"":""5a8db334-f6d0-4ba9-a018-aa1be977e5fd""}",2026-02-15T09:40:41.835296441Z
"HTTP b'POST' request for ['100.64.0.4', 57174]","{""level"":""error""}","{""project"":""70a52d41-885a-4854-b650-392635199b54"",""environment"":""67be7a60-8b6c-4987-8690-dbef25befe73"",""service"":""0f0f8a2f-9703-4f78-a3ed-8fcc57a55f5a"",""deployment"":""7bae97c9-ccbe-49fe-a672-c3ea4a2a6d1e"",""replica"":""5a8db334-f6d0-4ba9-a018-aa1be977e5fd""}",2026-02-15T09:40:42.639912417Z
Internal Server Error: /api/community/rooms/,"{""level"":""error""}","{""project"":""70a52d41-885a-4854-b650-392635199b54"",""environment"":""67be7a60-8b6c-4987-8690-dbef25befe73"",""service"":""0f0f8a2f-9703-4f78-a3ed-8fcc57a55f5a"",""deployment"":""7bae97c9-ccbe-49fe-a672-c3ea4a2a6d1e"",""replica"":""5a8db334-f6d0-4ba9-a018-aa1be977e5fd""}",2026-02-15T09:40:43.113525007Z
Traceback (most recent call last):,"{""level"":""error""}","{""project"":""70a52d41-885a-4854-b650-392635199b54"",""environment"":""67be7a60-8b6c-4987-8690-dbef25befe73"",""service"":""0f0f8a2f-9703-4f78-a3ed-8fcc57a55f5a"",""deployment"":""7bae97c9-ccbe-49fe-a672-c3ea4a2a6d1e"",""replica"":""5a8db334-f6d0-4ba9-a018-aa1be977e5fd""}",2026-02-15T09:40:43.113538197Z
"  File ""/usr/local/lib/python3.11/site-packages/django/db/backends/base/base.py"", line 279, in ensure_connection","{""level"":""error""}","{""project"":""70a52d41-885a-4854-b650-392635199b54"",""environment"":""67be7a60-8b6c-4987-8690-dbef25befe73"",""service"":""0f0f8a2f-9703-4f78-a3ed-8fcc57a55f5a"",""deployment"":""7bae97c9-ccbe-49fe-a672-c3ea4a2a6d1e"",""replica"":""5a8db334-f6d0-4ba9-a018-aa1be977e5fd""}",2026-02-15T09:40:43.113543187Z
    self.connect(),"{""level"":""error""}","{""project"":""70a52d41-885a-4854-b650-392635199b54"",""environment"":""67be7a60-8b6c-4987-8690-dbef25befe73"",""service"":""0f0f8a2f-9703-4f78-a3ed-8fcc57a55f5a"",""deployment"":""7bae97c9-ccbe-49fe-a672-c3ea4a2a6d1e"",""replica"":""5a8db334-f6d0-4ba9-a018-aa1be977e5fd""}",2026-02-15T09:40:43.113547957Z
"  File ""/usr/local/lib/python3.11/site-packages/django/utils/asyncio.py"", line 26, in inner","{""level"":""error""}","{""project"":""70a52d41-885a-4854-b650-392635199b54"",""environment"":""67be7a60-8b6c-4987-8690-dbef25befe73"",""service"":""0f0f8a2f-9703-4f78-a3ed-8fcc57a55f5a"",""deployment"":""7bae97c9-ccbe-49fe-a672-c3ea4a2a6d1e"",""replica"":""5a8db334-f6d0-4ba9-a018-aa1be977e5fd""}",2026-02-15T09:40:43.113552737Z
"    return func(*args, **kwargs)","{""level"":""error""}","{""project"":""70a52d41-885a-4854-b650-392635199b54"",""environment"":""67be7a60-8b6c-4987-8690-dbef25befe73"",""service"":""0f0f8a2f-9703-4f78-a3ed-8fcc57a55f5a"",""deployment"":""7bae97c9-ccbe-49fe-a672-c3ea4a2a6d1e"",""replica"":""5a8db334-f6d0-4ba9-a018-aa1be977e5fd""}",2026-02-15T09:40:43.113557187Z
           ^^^^^^^^^^^^^^^^^^^^^,"{""level"":""error""}","{""project"":""70a52d41-885a-4854-b650-392635199b54"",""environment"":""67be7a60-8b6c-4987-8690-dbef25befe73"",""service"":""0f0f8a2f-9703-4f78-a3ed-8fcc57a55f5a"",""deployment"":""7bae97c9-ccbe-49fe-a672-c3ea4a2a6d1e"",""replica"":""5a8db334-f6d0-4ba9-a018-aa1be977e5fd""}",2026-02-15T09:40:43.113561787Z
"  File ""/usr/local/lib/python3.11/site-packages/django/db/backends/base/base.py"", line 256, in connect","{""level"":""error""}","{""project"":""70a52d41-885a-4854-b650-392635199b54"",""environment"":""67be7a60-8b6c-4987-8690-dbef25befe73"",""service"":""0f0f8a2f-9703-4f78-a3ed-8fcc57a55f5a"",""deployment"":""7bae97c9-ccbe-49fe-a672-c3ea4a2a6d1e"",""replica"":""5a8db334-f6d0-4ba9-a018-aa1be977e5fd""}",2026-02-15T09:40:43.113566427Z
    self.connection = self.get_new_connection(conn_params),"{""level"":""error""}","{""project"":""70a52d41-885a-4854-b650-392635199b54"",""environment"":""67be7a60-8b6c-4987-8690-dbef25befe73"",""service"":""0f0f8a2f-9703-4f78-a3ed-8fcc57a55f5a"",""deployment"":""7bae97c9-ccbe-49fe-a672-c3ea4a2a6d1e"",""replica"":""5a8db334-f6d0-4ba9-a018-aa1be977e5fd""}",2026-02-15T09:40:43.113573327Z
                      ^^^^^^^^^^^^^^^^^^^^^^^^^^^^^^^^^^^^,"{""level"":""error""}","{""project"":""70a52d41-885a-4854-b650-392635199b54"",""environment"":""67be7a60-8b6c-4987-8690-dbef25befe73"",""service"":""0f0f8a2f-9703-4f78-a3ed-8fcc57a55f5a"",""deployment"":""7bae97c9-ccbe-49fe-a672-c3ea4a2a6d1e"",""replica"":""5a8db334-f6d0-4ba9-a018-aa1be977e5fd""}",2026-02-15T09:40:43.113578197Z
"  File ""/usr/local/lib/python3.11/site-packages/django/utils/asyncio.py"", line 26, in inner","{""level"":""error""}","{""project"":""70a52d41-885a-4854-b650-392635199b54"",""environment"":""67be7a60-8b6c-4987-8690-dbef25befe73"",""service"":""0f0f8a2f-9703-4f78-a3ed-8fcc57a55f5a"",""deployment"":""7bae97c9-ccbe-49fe-a672-c3ea4a2a6d1e"",""replica"":""5a8db334-f6d0-4ba9-a018-aa1be977e5fd""}",2026-02-15T09:40:43.113582947Z
"    return func(*args, **kwargs)","{""level"":""error""}","{""project"":""70a52d41-885a-4854-b650-392635199b54"",""environment"":""67be7a60-8b6c-4987-8690-dbef25befe73"",""service"":""0f0f8a2f-9703-4f78-a3ed-8fcc57a55f5a"",""deployment"":""7bae97c9-ccbe-49fe-a672-c3ea4a2a6d1e"",""replica"":""5a8db334-f6d0-4ba9-a018-aa1be977e5fd""}",2026-02-15T09:40:43.113587517Z
           ^^^^^^^^^^^^^^^^^^^^^,"{""level"":""error""}","{""project"":""70a52d41-885a-4854-b650-392635199b54"",""environment"":""67be7a60-8b6c-4987-8690-dbef25befe73"",""service"":""0f0f8a2f-9703-4f78-a3ed-8fcc57a55f5a"",""deployment"":""7bae97c9-ccbe-49fe-a672-c3ea4a2a6d1e"",""replica"":""5a8db334-f6d0-4ba9-a018-aa1be977e5fd""}",2026-02-15T09:40:43.113592407Z
"  File ""/usr/local/lib/python3.11/site-packages/django/db/backends/postgresql/base.py"", line 332, in get_new_connection","{""level"":""error""}","{""project"":""70a52d41-885a-4854-b650-392635199b54"",""environment"":""67be7a60-8b6c-4987-8690-dbef25befe73"",""service"":""0f0f8a2f-9703-4f78-a3ed-8fcc57a55f5a"",""deployment"":""7bae97c9-ccbe-49fe-a672-c3ea4a2a6d1e"",""replica"":""5a8db334-f6d0-4ba9-a018-aa1be977e5fd""}",2026-02-15T09:40:43.113597007Z
    connection = self.Database.connect(**conn_params),"{""level"":""error""}","{""project"":""70a52d41-885a-4854-b650-392635199b54"",""environment"":""67be7a60-8b6c-4987-8690-dbef25befe73"",""service"":""0f0f8a2f-9703-4f78-a3ed-8fcc57a55f5a"",""deployment"":""7bae97c9-ccbe-49fe-a672-c3ea4a2a6d1e"",""replica"":""5a8db334-f6d0-4ba9-a018-aa1be977e5fd""}",2026-02-15T09:40:43.113601157Z
                 ^^^^^^^^^^^^^^^^^^^^^^^^^^^^^^^^^^^^,"{""level"":""error""}","{""project"":""70a52d41-885a-4854-b650-392635199b54"",""environment"":""67be7a60-8b6c-4987-8690-dbef25befe73"",""service"":""0f0f8a2f-9703-4f78-a3ed-8fcc57a55f5a"",""deployment"":""7bae97c9-ccbe-49fe-a672-c3ea4a2a6d1e"",""replica"":""5a8db334-f6d0-4ba9-a018-aa1be977e5fd""}",2026-02-15T09:40:43.113605417Z
"  File ""/usr/local/lib/python3.11/site-packages/psycopg2/__init__.py"", line 122, in connect","{""level"":""error""}","{""project"":""70a52d41-885a-4854-b650-392635199b54"",""environment"":""67be7a60-8b6c-4987-8690-dbef25befe73"",""service"":""0f0f8a2f-9703-4f78-a3ed-8fcc57a55f5a"",""deployment"":""7bae97c9-ccbe-49fe-a672-c3ea4a2a6d1e"",""replica"":""5a8db334-f6d0-4ba9-a018-aa1be977e5fd""}",2026-02-15T09:40:43.113610317Z
"    conn = _connect(dsn, connection_factory=connection_factory, **kwasync)","{""level"":""error""}","{""project"":""70a52d41-885a-4854-b650-392635199b54"",""environment"":""67be7a60-8b6c-4987-8690-dbef25befe73"",""service"":""0f0f8a2f-9703-4f78-a3ed-8fcc57a55f5a"",""deployment"":""7bae97c9-ccbe-49fe-a672-c3ea4a2a6d1e"",""replica"":""5a8db334-f6d0-4ba9-a018-aa1be977e5fd""}",2026-02-15T09:40:43.113616487Z
           ^^^^^^^^^^^^^^^^^^^^^^^^^^^^^^^^^^^^^^^^^^^^^^^^^^^^^^^^^^^^^^^,"{""level"":""error""}","{""project"":""70a52d41-885a-4854-b650-392635199b54"",""environment"":""67be7a60-8b6c-4987-8690-dbef25befe73"",""service"":""0f0f8a2f-9703-4f78-a3ed-8fcc57a55f5a"",""deployment"":""7bae97c9-ccbe-49fe-a672-c3ea4a2a6d1e"",""replica"":""5a8db334-f6d0-4ba9-a018-aa1be977e5fd""}",2026-02-15T09:40:43.113620747Z
"psycopg2.OperationalError: connection to server at ""15.164.188.235"", port 5432 failed: FATAL:  MaxClientsInSessionMode: max clients reached - in Session mode max clients are limited to pool_size","{""level"":""error""}","{""project"":""70a52d41-885a-4854-b650-392635199b54"",""environment"":""67be7a60-8b6c-4987-8690-dbef25befe73"",""service"":""0f0f8a2f-9703-4f78-a3ed-8fcc57a55f5a"",""deployment"":""7bae97c9-ccbe-49fe-a672-c3ea4a2a6d1e"",""replica"":""5a8db334-f6d0-4ba9-a018-aa1be977e5fd""}",2026-02-15T09:40:43.113975367Z
,"{""level"":""error""}","{""project"":""70a52d41-885a-4854-b650-392635199b54"",""environment"":""67be7a60-8b6c-4987-8690-dbef25befe73"",""service"":""0f0f8a2f-9703-4f78-a3ed-8fcc57a55f5a"",""deployment"":""7bae97c9-ccbe-49fe-a672-c3ea4a2a6d1e"",""replica"":""5a8db334-f6d0-4ba9-a018-aa1be977e5fd""}",2026-02-15T09:40:43.113981737Z
,"{""level"":""error""}","{""project"":""70a52d41-885a-4854-b650-392635199b54"",""environment"":""67be7a60-8b6c-4987-8690-dbef25befe73"",""service"":""0f0f8a2f-9703-4f78-a3ed-8fcc57a55f5a"",""deployment"":""7bae97c9-ccbe-49fe-a672-c3ea4a2a6d1e"",""replica"":""5a8db334-f6d0-4ba9-a018-aa1be977e5fd""}",2026-02-15T09:40:43.113986747Z
The above exception was the direct cause of the following exception:,"{""level"":""error""}","{""project"":""70a52d41-885a-4854-b650-392635199b54"",""environment"":""67be7a60-8b6c-4987-8690-dbef25befe73"",""service"":""0f0f8a2f-9703-4f78-a3ed-8fcc57a55f5a"",""deployment"":""7bae97c9-ccbe-49fe-a672-c3ea4a2a6d1e"",""replica"":""5a8db334-f6d0-4ba9-a018-aa1be977e5fd""}",2026-02-15T09:40:43.113992357Z
,"{""level"":""error""}","{""project"":""70a52d41-885a-4854-b650-392635199b54"",""environment"":""67be7a60-8b6c-4987-8690-dbef25befe73"",""service"":""0f0f8a2f-9703-4f78-a3ed-8fcc57a55f5a"",""deployment"":""7bae97c9-ccbe-49fe-a672-c3ea4a2a6d1e"",""replica"":""5a8db334-f6d0-4ba9-a018-aa1be977e5fd""}",2026-02-15T09:40:43.113996697Z
Traceback (most recent call last):,"{""level"":""error""}","{""project"":""70a52d41-885a-4854-b650-392635199b54"",""environment"":""67be7a60-8b6c-4987-8690-dbef25befe73"",""service"":""0f0f8a2f-9703-4f78-a3ed-8fcc57a55f5a"",""deployment"":""7bae97c9-ccbe-49fe-a672-c3ea4a2a6d1e"",""replica"":""5a8db334-f6d0-4ba9-a018-aa1be977e5fd""}",2026-02-15T09:40:43.114001287Z
"  File ""/usr/local/lib/python3.11/site-packages/asgiref/sync.py"", line 557, in thread_handler","{""level"":""error""}","{""project"":""70a52d41-885a-4854-b650-392635199b54"",""environment"":""67be7a60-8b6c-4987-8690-dbef25befe73"",""service"":""0f0f8a2f-9703-4f78-a3ed-8fcc57a55f5a"",""deployment"":""7bae97c9-ccbe-49fe-a672-c3ea4a2a6d1e"",""replica"":""5a8db334-f6d0-4ba9-a018-aa1be977e5fd""}",2026-02-15T09:40:43.114006457Z
    raise exc_info[1],"{""level"":""error""}","{""project"":""70a52d41-885a-4854-b650-392635199b54"",""environment"":""67be7a60-8b6c-4987-8690-dbef25befe73"",""service"":""0f0f8a2f-9703-4f78-a3ed-8fcc57a55f5a"",""deployment"":""7bae97c9-ccbe-49fe-a672-c3ea4a2a6d1e"",""replica"":""5a8db334-f6d0-4ba9-a018-aa1be977e5fd""}",2026-02-15T09:40:43.114010647Z
"  File ""/usr/local/lib/python3.11/site-packages/django/core/handlers/exception.py"", line 42, in inner","{""level"":""error""}","{""project"":""70a52d41-885a-4854-b650-392635199b54"",""environment"":""67be7a60-8b6c-4987-8690-dbef25befe73"",""service"":""0f0f8a2f-9703-4f78-a3ed-8fcc57a55f5a"",""deployment"":""7bae97c9-ccbe-49fe-a672-c3ea4a2a6d1e"",""replica"":""5a8db334-f6d0-4ba9-a018-aa1be977e5fd""}",2026-02-15T09:40:43.114014767Z
    response = await get_response(request),"{""level"":""error""}","{""project"":""70a52d41-885a-4854-b650-392635199b54"",""environment"":""67be7a60-8b6c-4987-8690-dbef25befe73"",""service"":""0f0f8a2f-9703-4f78-a3ed-8fcc57a55f5a"",""deployment"":""7bae97c9-ccbe-49fe-a672-c3ea4a2a6d1e"",""replica"":""5a8db334-f6d0-4ba9-a018-aa1be977e5fd""}",2026-02-15T09:40:43.114018927Z
               ^^^^^^^^^^^^^^^^^^^^^^^^^^^,"{""level"":""error""}","{""project"":""70a52d41-885a-4854-b650-392635199b54"",""environment"":""67be7a60-8b6c-4987-8690-dbef25befe73"",""service"":""0f0f8a2f-9703-4f78-a3ed-8fcc57a55f5a"",""deployment"":""7bae97c9-ccbe-49fe-a672-c3ea4a2a6d1e"",""replica"":""5a8db334-f6d0-4ba9-a018-aa1be977e5fd""}",2026-02-15T09:40:43.114023077Z
"  File ""/usr/local/lib/python3.11/site-packages/asgiref/sync.py"", line 557, in thread_handler","{""level"":""error""}","{""project"":""70a52d41-885a-4854-b650-392635199b54"",""environment"":""67be7a60-8b6c-4987-8690-dbef25befe73"",""service"":""0f0f8a2f-9703-4f78-a3ed-8fcc57a55f5a"",""deployment"":""7bae97c9-ccbe-49fe-a672-c3ea4a2a6d1e"",""replica"":""5a8db334-f6d0-4ba9-a018-aa1be977e5fd""}",2026-02-15T09:40:43.114027387Z
    raise exc_info[1],"{""level"":""error""}","{""project"":""70a52d41-885a-4854-b650-392635199b54"",""environment"":""67be7a60-8b6c-4987-8690-dbef25befe73"",""service"":""0f0f8a2f-9703-4f78-a3ed-8fcc57a55f5a"",""deployment"":""7bae97c9-ccbe-49fe-a672-c3ea4a2a6d1e"",""replica"":""5a8db334-f6d0-4ba9-a018-aa1be977e5fd""}",2026-02-15T09:40:43.114031457Z
"  File ""/usr/local/lib/python3.11/site-packages/django/core/handlers/base.py"", line 253, in _get_response_async","{""level"":""error""}","{""project"":""70a52d41-885a-4854-b650-392635199b54"",""environment"":""67be7a60-8b6c-4987-8690-dbef25befe73"",""service"":""0f0f8a2f-9703-4f78-a3ed-8fcc57a55f5a"",""deployment"":""7bae97c9-ccbe-49fe-a672-c3ea4a2a6d1e"",""replica"":""5a8db334-f6d0-4ba9-a018-aa1be977e5fd""}",2026-02-15T09:40:43.114036547Z
    response = await wrapped_callback(,"{""level"":""error""}","{""project"":""70a52d41-885a-4854-b650-392635199b54"",""environment"":""67be7a60-8b6c-4987-8690-dbef25befe73"",""service"":""0f0f8a2f-9703-4f78-a3ed-8fcc57a55f5a"",""deployment"":""7bae97c9-ccbe-49fe-a672-c3ea4a2a6d1e"",""replica"":""5a8db334-f6d0-4ba9-a018-aa1be977e5fd""}",2026-02-15T09:40:43.114041057Z
               ^^^^^^^^^^^^^^^^^^^^^^^,"{""level"":""error""}","{""project"":""70a52d41-885a-4854-b650-392635199b54"",""environment"":""67be7a60-8b6c-4987-8690-dbef25befe73"",""service"":""0f0f8a2f-9703-4f78-a3ed-8fcc57a55f5a"",""deployment"":""7bae97c9-ccbe-49fe-a672-c3ea4a2a6d1e"",""replica"":""5a8db334-f6d0-4ba9-a018-aa1be977e5fd""}",2026-02-15T09:40:43.114046597Z
"  File ""/usr/local/lib/python3.11/site-packages/asgiref/sync.py"", line 506, in __call__","{""level"":""error""}","{""project"":""70a52d41-885a-4854-b650-392635199b54"",""environment"":""67be7a60-8b6c-4987-8690-dbef25befe73"",""service"":""0f0f8a2f-9703-4f78-a3ed-8fcc57a55f5a"",""deployment"":""7bae97c9-ccbe-49fe-a672-c3ea4a2a6d1e"",""replica"":""5a8db334-f6d0-4ba9-a018-aa1be977e5fd""}",2026-02-15T09:40:43.114051137Z
    ret = await asyncio.shield(exec_coro),"{""level"":""error""}","{""project"":""70a52d41-885a-4854-b650-392635199b54"",""environment"":""67be7a60-8b6c-4987-8690-dbef25befe73"",""service"":""0f0f8a2f-9703-4f78-a3ed-8fcc57a55f5a"",""deployment"":""7bae97c9-ccbe-49fe-a672-c3ea4a2a6d1e"",""replica"":""5a8db334-f6d0-4ba9-a018-aa1be977e5fd""}",2026-02-15T09:40:43.114055277Z
          ^^^^^^^^^^^^^^^^^^^^^^^^^^^^^^^,"{""level"":""error""}","{""project"":""70a52d41-885a-4854-b650-392635199b54"",""environment"":""67be7a60-8b6c-4987-8690-dbef25befe73"",""service"":""0f0f8a2f-9703-4f78-a3ed-8fcc57a55f5a"",""deployment"":""7bae97c9-ccbe-49fe-a672-c3ea4a2a6d1e"",""replica"":""5a8db334-f6d0-4ba9-a018-aa1be977e5fd""}",2026-02-15T09:40:43.114059727Z
"  File ""/usr/local/lib/python3.11/site-packages/asgiref/current_thread_executor.py"", line 40, in run","{""level"":""error""}","{""project"":""70a52d41-885a-4854-b650-392635199b54"",""environment"":""67be7a60-8b6c-4987-8690-dbef25befe73"",""service"":""0f0f8a2f-9703-4f78-a3ed-8fcc57a55f5a"",""deployment"":""7bae97c9-ccbe-49fe-a672-c3ea4a2a6d1e"",""replica"":""5a8db334-f6d0-4ba9-a018-aa1be977e5fd""}",2026-02-15T09:40:43.114064077Z
"  File ""/usr/local/lib/python3.11/site-packages/rest_framework/views.py"", line 503, in dispatch","{""level"":""error""}","{""project"":""70a52d41-885a-4854-b650-392635199b54"",""environment"":""67be7a60-8b6c-4987-8690-dbef25befe73"",""service"":""0f0f8a2f-9703-4f78-a3ed-8fcc57a55f5a"",""deployment"":""7bae97c9-ccbe-49fe-a672-c3ea4a2a6d1e"",""replica"":""5a8db334-f6d0-4ba9-a018-aa1be977e5fd""}",2026-02-15T09:40:43.114602637Z
"    self.initial(request, *args, **kwargs)","{""level"":""error""}","{""project"":""70a52d41-885a-4854-b650-392635199b54"",""environment"":""67be7a60-8b6c-4987-8690-dbef25befe73"",""service"":""0f0f8a2f-9703-4f78-a3ed-8fcc57a55f5a"",""deployment"":""7bae97c9-ccbe-49fe-a672-c3ea4a2a6d1e"",""replica"":""5a8db334-f6d0-4ba9-a018-aa1be977e5fd""}",2026-02-15T09:40:43.114612217Z
               ^^^^^^^^^^^^^^^^^^^^^^^^^^,"{""level"":""error""}","{""project"":""70a52d41-885a-4854-b650-392635199b54"",""environment"":""67be7a60-8b6c-4987-8690-dbef25befe73"",""service"":""0f0f8a2f-9703-4f78-a3ed-8fcc57a55f5a"",""deployment"":""7bae97c9-ccbe-49fe-a672-c3ea4a2a6d1e"",""replica"":""5a8db334-f6d0-4ba9-a018-aa1be977e5fd""}",2026-02-15T09:40:43.114623737Z
"  File ""/usr/local/lib/python3.11/site-packages/rest_framework/views.py"", line 475, in handle_exception","{""level"":""error""}","{""project"":""70a52d41-885a-4854-b650-392635199b54"",""environment"":""67be7a60-8b6c-4987-8690-dbef25befe73"",""service"":""0f0f8a2f-9703-4f78-a3ed-8fcc57a55f5a"",""deployment"":""7bae97c9-ccbe-49fe-a672-c3ea4a2a6d1e"",""replica"":""5a8db334-f6d0-4ba9-a018-aa1be977e5fd""}",2026-02-15T09:40:43.114640397Z
"    result = self.fn(*self.args, **self.kwargs)","{""level"":""error""}","{""project"":""70a52d41-885a-4854-b650-392635199b54"",""environment"":""67be7a60-8b6c-4987-8690-dbef25befe73"",""service"":""0f0f8a2f-9703-4f78-a3ed-8fcc57a55f5a"",""deployment"":""7bae97c9-ccbe-49fe-a672-c3ea4a2a6d1e"",""replica"":""5a8db334-f6d0-4ba9-a018-aa1be977e5fd""}",2026-02-15T09:40:43.114645997Z
    self.raise_uncaught_exception(exc),"{""level"":""error""}","{""project"":""70a52d41-885a-4854-b650-392635199b54"",""environment"":""67be7a60-8b6c-4987-8690-dbef25befe73"",""service"":""0f0f8a2f-9703-4f78-a3ed-8fcc57a55f5a"",""deployment"":""7bae97c9-ccbe-49fe-a672-c3ea4a2a6d1e"",""replica"":""5a8db334-f6d0-4ba9-a018-aa1be977e5fd""}",2026-02-15T09:40:43.114648737Z
"  File ""/usr/local/lib/python3.11/site-packages/rest_framework/views.py"", line 486, in raise_uncaught_exception","{""level"":""error""}","{""project"":""70a52d41-885a-4854-b650-392635199b54"",""environment"":""67be7a60-8b6c-4987-8690-dbef25befe73"",""service"":""0f0f8a2f-9703-4f78-a3ed-8fcc57a55f5a"",""deployment"":""7bae97c9-ccbe-49fe-a672-c3ea4a2a6d1e"",""replica"":""5a8db334-f6d0-4ba9-a018-aa1be977e5fd""}",2026-02-15T09:40:43.114657187Z
             ^^^^^^^^^^^^^^^^^^^^^^^^^^^^^^^^^^,"{""level"":""error""}","{""project"":""70a52d41-885a-4854-b650-392635199b54"",""environment"":""67be7a60-8b6c-4987-8690-dbef25befe73"",""service"":""0f0f8a2f-9703-4f78-a3ed-8fcc57a55f5a"",""deployment"":""7bae97c9-ccbe-49fe-a672-c3ea4a2a6d1e"",""replica"":""5a8db334-f6d0-4ba9-a018-aa1be977e5fd""}",2026-02-15T09:40:43.114664497Z
    raise exc,"{""level"":""error""}","{""project"":""70a52d41-885a-4854-b650-392635199b54"",""environment"":""67be7a60-8b6c-4987-8690-dbef25befe73"",""service"":""0f0f8a2f-9703-4f78-a3ed-8fcc57a55f5a"",""deployment"":""7bae97c9-ccbe-49fe-a672-c3ea4a2a6d1e"",""replica"":""5a8db334-f6d0-4ba9-a018-aa1be977e5fd""}",2026-02-15T09:40:43.114670107Z
"  File ""/usr/local/lib/python3.11/site-packages/asgiref/sync.py"", line 561, in thread_handler","{""level"":""error""}","{""project"":""70a52d41-885a-4854-b650-392635199b54"",""environment"":""67be7a60-8b6c-4987-8690-dbef25befe73"",""service"":""0f0f8a2f-9703-4f78-a3ed-8fcc57a55f5a"",""deployment"":""7bae97c9-ccbe-49fe-a672-c3ea4a2a6d1e"",""replica"":""5a8db334-f6d0-4ba9-a018-aa1be977e5fd""}",2026-02-15T09:40:43.114680137Z
"    return func(*args, **kwargs)","{""level"":""error""}","{""project"":""70a52d41-885a-4854-b650-392635199b54"",""environment"":""67be7a60-8b6c-4987-8690-dbef25befe73"",""service"":""0f0f8a2f-9703-4f78-a3ed-8fcc57a55f5a"",""deployment"":""7bae97c9-ccbe-49fe-a672-c3ea4a2a6d1e"",""replica"":""5a8db334-f6d0-4ba9-a018-aa1be977e5fd""}",2026-02-15T09:40:43.114688167Z
           ^^^^^^^^^^^^^^^^^^^^^,"{""level"":""error""}","{""project"":""70a52d41-885a-4854-b650-392635199b54"",""environment"":""67be7a60-8b6c-4987-8690-dbef25befe73"",""service"":""0f0f8a2f-9703-4f78-a3ed-8fcc57a55f5a"",""deployment"":""7bae97c9-ccbe-49fe-a672-c3ea4a2a6d1e"",""replica"":""5a8db334-f6d0-4ba9-a018-aa1be977e5fd""}",2026-02-15T09:40:43.114696007Z
"  File ""/usr/local/lib/python3.11/site-packages/django/views/decorators/csrf.py"", line 65, in _view_wrapper","{""level"":""error""}","{""project"":""70a52d41-885a-4854-b650-392635199b54"",""environment"":""67be7a60-8b6c-4987-8690-dbef25befe73"",""service"":""0f0f8a2f-9703-4f78-a3ed-8fcc57a55f5a"",""deployment"":""7bae97c9-ccbe-49fe-a672-c3ea4a2a6d1e"",""replica"":""5a8db334-f6d0-4ba9-a018-aa1be977e5fd""}",2026-02-15T09:40:43.114703507Z
"    return view_func(request, *args, **kwargs)","{""level"":""error""}","{""project"":""70a52d41-885a-4854-b650-392635199b54"",""environment"":""67be7a60-8b6c-4987-8690-dbef25befe73"",""service"":""0f0f8a2f-9703-4f78-a3ed-8fcc57a55f5a"",""deployment"":""7bae97c9-ccbe-49fe-a672-c3ea4a2a6d1e"",""replica"":""5a8db334-f6d0-4ba9-a018-aa1be977e5fd""}",2026-02-15T09:40:43.114710167Z
           ^^^^^^^^^^^^^^^^^^^^^^^^^^^^^^^^^^^,"{""level"":""error""}","{""project"":""70a52d41-885a-4854-b650-392635199b54"",""environment"":""67be7a60-8b6c-4987-8690-dbef25befe73"",""service"":""0f0f8a2f-9703-4f78-a3ed-8fcc57a55f5a"",""deployment"":""7bae97c9-ccbe-49fe-a672-c3ea4a2a6d1e"",""replica"":""5a8db334-f6d0-4ba9-a018-aa1be977e5fd""}",2026-02-15T09:40:43.114717497Z
"  File ""/usr/local/lib/python3.11/site-packages/rest_framework/viewsets.py"", line 125, in view","{""level"":""error""}","{""project"":""70a52d41-885a-4854-b650-392635199b54"",""environment"":""67be7a60-8b6c-4987-8690-dbef25befe73"",""service"":""0f0f8a2f-9703-4f78-a3ed-8fcc57a55f5a"",""deployment"":""7bae97c9-ccbe-49fe-a672-c3ea4a2a6d1e"",""replica"":""5a8db334-f6d0-4ba9-a018-aa1be977e5fd""}",2026-02-15T09:40:43.114725217Z
"    return self.dispatch(request, *args, **kwargs)","{""level"":""error""}","{""project"":""70a52d41-885a-4854-b650-392635199b54"",""environment"":""67be7a60-8b6c-4987-8690-dbef25befe73"",""service"":""0f0f8a2f-9703-4f78-a3ed-8fcc57a55f5a"",""deployment"":""7bae97c9-ccbe-49fe-a672-c3ea4a2a6d1e"",""replica"":""5a8db334-f6d0-4ba9-a018-aa1be977e5fd""}",2026-02-15T09:40:43.114733937Z
           ^^^^^^^^^^^^^^^^^^^^^^^^^^^^^^^^^^^^^^^,"{""level"":""error""}","{""project"":""70a52d41-885a-4854-b650-392635199b54"",""environment"":""67be7a60-8b6c-4987-8690-dbef25befe73"",""service"":""0f0f8a2f-9703-4f78-a3ed-8fcc57a55f5a"",""deployment"":""7bae97c9-ccbe-49fe-a672-c3ea4a2a6d1e"",""replica"":""5a8db334-f6d0-4ba9-a018-aa1be977e5fd""}",2026-02-15T09:40:43.114741887Z
"  File ""/usr/local/lib/python3.11/site-packages/rest_framework/views.py"", line 515, in dispatch","{""level"":""error""}","{""project"":""70a52d41-885a-4854-b650-392635199b54"",""environment"":""67be7a60-8b6c-4987-8690-dbef25befe73"",""service"":""0f0f8a2f-9703-4f78-a3ed-8fcc57a55f5a"",""deployment"":""7bae97c9-ccbe-49fe-a672-c3ea4a2a6d1e"",""replica"":""5a8db334-f6d0-4ba9-a018-aa1be977e5fd""}",2026-02-15T09:40:43.114751757Z
    response = self.handle_exception(exc),"{""level"":""error""}","{""project"":""70a52d41-885a-4854-b650-392635199b54"",""environment"":""67be7a60-8b6c-4987-8690-dbef25befe73"",""service"":""0f0f8a2f-9703-4f78-a3ed-8fcc57a55f5a"",""deployment"":""7bae97c9-ccbe-49fe-a672-c3ea4a2a6d1e"",""replica"":""5a8db334-f6d0-4ba9-a018-aa1be977e5fd""}",2026-02-15T09:40:43.114760287Z
"  File ""/usr/local/lib/python3.11/site-packages/rest_framework/views.py"", line 420, in initial","{""level"":""error""}","{""project"":""70a52d41-885a-4854-b650-392635199b54"",""environment"":""67be7a60-8b6c-4987-8690-dbef25befe73"",""service"":""0f0f8a2f-9703-4f78-a3ed-8fcc57a55f5a"",""deployment"":""7bae97c9-ccbe-49fe-a672-c3ea4a2a6d1e"",""replica"":""5a8db334-f6d0-4ba9-a018-aa1be977e5fd""}",2026-02-15T09:40:43.115056747Z
    self.perform_authentication(request),"{""level"":""error""}","{""project"":""70a52d41-885a-4854-b650-392635199b54"",""environment"":""67be7a60-8b6c-4987-8690-dbef25befe73"",""service"":""0f0f8a2f-9703-4f78-a3ed-8fcc57a55f5a"",""deployment"":""7bae97c9-ccbe-49fe-a672-c3ea4a2a6d1e"",""replica"":""5a8db334-f6d0-4ba9-a018-aa1be977e5fd""}",2026-02-15T09:40:43.115065217Z
"  File ""/usr/local/lib/python3.11/site-packages/rest_framework/views.py"", line 330, in perform_authentication","{""level"":""error""}","{""project"":""70a52d41-885a-4854-b650-392635199b54"",""environment"":""67be7a60-8b6c-4987-8690-dbef25befe73"",""service"":""0f0f8a2f-9703-4f78-a3ed-8fcc57a55f5a"",""deployment"":""7bae97c9-ccbe-49fe-a672-c3ea4a2a6d1e"",""replica"":""5a8db334-f6d0-4ba9-a018-aa1be977e5fd""}",2026-02-15T09:40:43.115073717Z
    request.user,"{""level"":""error""}","{""project"":""70a52d41-885a-4854-b650-392635199b54"",""environment"":""67be7a60-8b6c-4987-8690-dbef25befe73"",""service"":""0f0f8a2f-9703-4f78-a3ed-8fcc57a55f5a"",""deployment"":""7bae97c9-ccbe-49fe-a672-c3ea4a2a6d1e"",""replica"":""5a8db334-f6d0-4ba9-a018-aa1be977e5fd""}",2026-02-15T09:40:43.115080337Z
"  File ""/usr/local/lib/python3.11/site-packages/rest_framework/request.py"", line 232, in user","{""level"":""error""}","{""project"":""70a52d41-885a-4854-b650-392635199b54"",""environment"":""67be7a60-8b6c-4987-8690-dbef25befe73"",""service"":""0f0f8a2f-9703-4f78-a3ed-8fcc57a55f5a"",""deployment"":""7bae97c9-ccbe-49fe-a672-c3ea4a2a6d1e"",""replica"":""5a8db334-f6d0-4ba9-a018-aa1be977e5fd""}",2026-02-15T09:40:43.115087647Z
    self._authenticate(),"{""level"":""error""}","{""project"":""70a52d41-885a-4854-b650-392635199b54"",""environment"":""67be7a60-8b6c-4987-8690-dbef25befe73"",""service"":""0f0f8a2f-9703-4f78-a3ed-8fcc57a55f5a"",""deployment"":""7bae97c9-ccbe-49fe-a672-c3ea4a2a6d1e"",""replica"":""5a8db334-f6d0-4ba9-a018-aa1be977e5fd""}",2026-02-15T09:40:43.115094097Z
"  File ""/usr/local/lib/python3.11/site-packages/rest_framework/request.py"", line 385, in _authenticate","{""level"":""error""}","{""project"":""70a52d41-885a-4854-b650-392635199b54"",""environment"":""67be7a60-8b6c-4987-8690-dbef25befe73"",""service"":""0f0f8a2f-9703-4f78-a3ed-8fcc57a55f5a"",""deployment"":""7bae97c9-ccbe-49fe-a672-c3ea4a2a6d1e"",""replica"":""5a8db334-f6d0-4ba9-a018-aa1be977e5fd""}",2026-02-15T09:40:43.115100627Z
    user_auth_tuple = authenticator.authenticate(self),"{""level"":""error""}","{""project"":""70a52d41-885a-4854-b650-392635199b54"",""environment"":""67be7a60-8b6c-4987-8690-dbef25befe73"",""service"":""0f0f8a2f-9703-4f78-a3ed-8fcc57a55f5a"",""deployment"":""7bae97c9-ccbe-49fe-a672-c3ea4a2a6d1e"",""replica"":""5a8db334-f6d0-4ba9-a018-aa1be977e5fd""}",2026-02-15T09:40:43.115106167Z
                      ^^^^^^^^^^^^^^^^^^^^^^^^^^^^^^^^,"{""level"":""error""}","{""project"":""70a52d41-885a-4854-b650-392635199b54"",""environment"":""67be7a60-8b6c-4987-8690-dbef25befe73"",""service"":""0f0f8a2f-9703-4f78-a3ed-8fcc57a55f5a"",""deployment"":""7bae97c9-ccbe-49fe-a672-c3ea4a2a6d1e"",""replica"":""5a8db334-f6d0-4ba9-a018-aa1be977e5fd""}",2026-02-15T09:40:43.115112817Z
"  File ""/usr/local/lib/python3.11/site-packages/rest_framework_simplejwt/authentication.py"", line 51, in authenticate","{""level"":""error""}","{""project"":""70a52d41-885a-4854-b650-392635199b54"",""environment"":""67be7a60-8b6c-4987-8690-dbef25befe73"",""service"":""0f0f8a2f-9703-4f78-a3ed-8fcc57a55f5a"",""deployment"":""7bae97c9-ccbe-49fe-a672-c3ea4a2a6d1e"",""replica"":""5a8db334-f6d0-4ba9-a018-aa1be977e5fd""}",2026-02-15T09:40:43.115120157Z
"    return self.get_user(validated_token), validated_token","{""level"":""error""}","{""project"":""70a52d41-885a-4854-b650-392635199b54"",""environment"":""67be7a60-8b6c-4987-8690-dbef25befe73"",""service"":""0f0f8a2f-9703-4f78-a3ed-8fcc57a55f5a"",""deployment"":""7bae97c9-ccbe-49fe-a672-c3ea4a2a6d1e"",""replica"":""5a8db334-f6d0-4ba9-a018-aa1be977e5fd""}",2026-02-15T09:40:43.115126997Z
           ^^^^^^^^^^^^^^^^^^^^^^^^^^^^^^,"{""level"":""error""}","{""project"":""70a52d41-885a-4854-b650-392635199b54"",""environment"":""67be7a60-8b6c-4987-8690-dbef25befe73"",""service"":""0f0f8a2f-9703-4f78-a3ed-8fcc57a55f5a"",""deployment"":""7bae97c9-ccbe-49fe-a672-c3ea4a2a6d1e"",""replica"":""5a8db334-f6d0-4ba9-a018-aa1be977e5fd""}",2026-02-15T09:40:43.115132827Z
"  File ""/usr/local/lib/python3.11/site-packages/rest_framework_simplejwt/authentication.py"", line 132, in get_user","{""level"":""error""}","{""project"":""70a52d41-885a-4854-b650-392635199b54"",""environment"":""67be7a60-8b6c-4987-8690-dbef25befe73"",""service"":""0f0f8a2f-9703-4f78-a3ed-8fcc57a55f5a"",""deployment"":""7bae97c9-ccbe-49fe-a672-c3ea4a2a6d1e"",""replica"":""5a8db334-f6d0-4ba9-a018-aa1be977e5fd""}",2026-02-15T09:40:43.115140927Z
    user = self.user_model.objects.get(**{api_settings.USER_ID_FIELD: user_id}),"{""level"":""error""}","{""project"":""70a52d41-885a-4854-b650-392635199b54"",""environment"":""67be7a60-8b6c-4987-8690-dbef25befe73"",""service"":""0f0f8a2f-9703-4f78-a3ed-8fcc57a55f5a"",""deployment"":""7bae97c9-ccbe-49fe-a672-c3ea4a2a6d1e"",""replica"":""5a8db334-f6d0-4ba9-a018-aa1be977e5fd""}",2026-02-15T09:40:43.115147527Z
           ^^^^^^^^^^^^^^^^^^^^^^^^^^^^^^^^^^^^^^^^^^^^^^^^^^^^^^^^^^^^^^^^^^^^,"{""level"":""error""}","{""project"":""70a52d41-885a-4854-b650-392635199b54"",""environment"":""67be7a60-8b6c-4987-8690-dbef25befe73"",""service"":""0f0f8a2f-9703-4f78-a3ed-8fcc57a55f5a"",""deployment"":""7bae97c9-ccbe-49fe-a672-c3ea4a2a6d1e"",""replica"":""5a8db334-f6d0-4ba9-a018-aa1be977e5fd""}",2026-02-15T09:40:43.115153497Z
"  File ""/usr/local/lib/python3.11/site-packages/django/db/models/manager.py"", line 87, in manager_method","{""level"":""error""}","{""project"":""70a52d41-885a-4854-b650-392635199b54"",""environment"":""67be7a60-8b6c-4987-8690-dbef25befe73"",""service"":""0f0f8a2f-9703-4f78-a3ed-8fcc57a55f5a"",""deployment"":""7bae97c9-ccbe-49fe-a672-c3ea4a2a6d1e"",""replica"":""5a8db334-f6d0-4ba9-a018-aa1be977e5fd""}",2026-02-15T09:40:43.115159237Z
"    return getattr(self.get_queryset(), name)(*args, **kwargs)","{""level"":""error""}","{""project"":""70a52d41-885a-4854-b650-392635199b54"",""environment"":""67be7a60-8b6c-4987-8690-dbef25befe73"",""service"":""0f0f8a2f-9703-4f78-a3ed-8fcc57a55f5a"",""deployment"":""7bae97c9-ccbe-49fe-a672-c3ea4a2a6d1e"",""replica"":""5a8db334-f6d0-4ba9-a018-aa1be977e5fd""}",2026-02-15T09:40:43.115165227Z
           ^^^^^^^^^^^^^^^^^^^^^^^^^^^^^^^^^^^^^^^^^^^^^^^^^^^,"{""level"":""error""}","{""project"":""70a52d41-885a-4854-b650-392635199b54"",""environment"":""67be7a60-8b6c-4987-8690-dbef25befe73"",""service"":""0f0f8a2f-9703-4f78-a3ed-8fcc57a55f5a"",""deployment"":""7bae97c9-ccbe-49fe-a672-c3ea4a2a6d1e"",""replica"":""5a8db334-f6d0-4ba9-a018-aa1be977e5fd""}",2026-02-15T09:40:43.115171717Z
"  File ""/usr/local/lib/python3.11/site-packages/django/db/models/query.py"", line 631, in get","{""level"":""error""}","{""project"":""70a52d41-885a-4854-b650-392635199b54"",""environment"":""67be7a60-8b6c-4987-8690-dbef25befe73"",""service"":""0f0f8a2f-9703-4f78-a3ed-8fcc57a55f5a"",""deployment"":""7bae97c9-ccbe-49fe-a672-c3ea4a2a6d1e"",""replica"":""5a8db334-f6d0-4ba9-a018-aa1be977e5fd""}",2026-02-15T09:40:43.115369997Z
    num = len(clone),"{""level"":""error""}","{""project"":""70a52d41-885a-4854-b650-392635199b54"",""environment"":""67be7a60-8b6c-4987-8690-dbef25befe73"",""service"":""0f0f8a2f-9703-4f78-a3ed-8fcc57a55f5a"",""deployment"":""7bae97c9-ccbe-49fe-a672-c3ea4a2a6d1e"",""replica"":""5a8db334-f6d0-4ba9-a018-aa1be977e5fd""}",2026-02-15T09:40:43.115377107Z
          ^^^^^^^^^^,"{""level"":""error""}","{""project"":""70a52d41-885a-4854-b650-392635199b54"",""environment"":""67be7a60-8b6c-4987-8690-dbef25befe73"",""service"":""0f0f8a2f-9703-4f78-a3ed-8fcc57a55f5a"",""deployment"":""7bae97c9-ccbe-49fe-a672-c3ea4a2a6d1e"",""replica"":""5a8db334-f6d0-4ba9-a018-aa1be977e5fd""}",2026-02-15T09:40:43.115382857Z
"  File ""/usr/local/lib/python3.11/site-packages/django/db/models/query.py"", line 368, in __len__","{""level"":""error""}","{""project"":""70a52d41-885a-4854-b650-392635199b54"",""environment"":""67be7a60-8b6c-4987-8690-dbef25befe73"",""service"":""0f0f8a2f-9703-4f78-a3ed-8fcc57a55f5a"",""deployment"":""7bae97c9-ccbe-49fe-a672-c3ea4a2a6d1e"",""replica"":""5a8db334-f6d0-4ba9-a018-aa1be977e5fd""}",2026-02-15T09:40:43.115389287Z
    self._fetch_all(),"{""level"":""error""}","{""project"":""70a52d41-885a-4854-b650-392635199b54"",""environment"":""67be7a60-8b6c-4987-8690-dbef25befe73"",""service"":""0f0f8a2f-9703-4f78-a3ed-8fcc57a55f5a"",""deployment"":""7bae97c9-ccbe-49fe-a672-c3ea4a2a6d1e"",""replica"":""5a8db334-f6d0-4ba9-a018-aa1be977e5fd""}",2026-02-15T09:40:43.115395337Z
"  File ""/usr/local/lib/python3.11/site-packages/django/db/models/query.py"", line 1954, in _fetch_all","{""level"":""error""}","{""project"":""70a52d41-885a-4854-b650-392635199b54"",""environment"":""67be7a60-8b6c-4987-8690-dbef25befe73"",""service"":""0f0f8a2f-9703-4f78-a3ed-8fcc57a55f5a"",""deployment"":""7bae97c9-ccbe-49fe-a672-c3ea4a2a6d1e"",""replica"":""5a8db334-f6d0-4ba9-a018-aa1be977e5fd""}",2026-02-15T09:40:43.115401877Z
"HTTP b'POST' request for ['100.64.0.5', 45214]","{""level"":""error""}","{""project"":""70a52d41-885a-4854-b650-392635199b54"",""environment"":""67be7a60-8b6c-4987-8690-dbef25befe73"",""service"":""0f0f8a2f-9703-4f78-a3ed-8fcc57a55f5a"",""deployment"":""7bae97c9-ccbe-49fe-a672-c3ea4a2a6d1e"",""replica"":""5a8db334-f6d0-4ba9-a018-aa1be977e5fd""}",2026-02-15T09:40:44.136697734Z
Bad Request: /api/community/rooms/,"{""level"":""error""}","{""project"":""70a52d41-885a-4854-b650-392635199b54"",""environment"":""67be7a60-8b6c-4987-8690-dbef25befe73"",""service"":""0f0f8a2f-9703-4f78-a3ed-8fcc57a55f5a"",""deployment"":""7bae97c9-ccbe-49fe-a672-c3ea4a2a6d1e"",""replica"":""5a8db334-f6d0-4ba9-a018-aa1be977e5fd""}",2026-02-15T09:40:44.708496225Z
Bad Request: /api/community/rooms/,"{""level"":""error""}","{""project"":""70a52d41-885a-4854-b650-392635199b54"",""environment"":""67be7a60-8b6c-4987-8690-dbef25befe73"",""service"":""0f0f8a2f-9703-4f78-a3ed-8fcc57a55f5a"",""deployment"":""7bae97c9-ccbe-49fe-a672-c3ea4a2a6d1e"",""replica"":""5a8db334-f6d0-4ba9-a018-aa1be977e5fd""}",2026-02-15T09:40:44.708504165Z
"HTTP 400 response started for ['100.64.0.5', 45214]","{""level"":""error""}","{""project"":""70a52d41-885a-4854-b650-392635199b54"",""environment"":""67be7a60-8b6c-4987-8690-dbef25befe73"",""service"":""0f0f8a2f-9703-4f78-a3ed-8fcc57a55f5a"",""deployment"":""7bae97c9-ccbe-49fe-a672-c3ea4a2a6d1e"",""replica"":""5a8db334-f6d0-4ba9-a018-aa1be977e5fd""}",2026-02-15T09:40:44.708511075Z
"HTTP close for ['100.64.0.5', 45214]","{""level"":""error""}","{""project"":""70a52d41-885a-4854-b650-392635199b54"",""environment"":""67be7a60-8b6c-4987-8690-dbef25befe73"",""service"":""0f0f8a2f-9703-4f78-a3ed-8fcc57a55f5a"",""deployment"":""7bae97c9-ccbe-49fe-a672-c3ea4a2a6d1e"",""replica"":""5a8db334-f6d0-4ba9-a018-aa1be977e5fd""}",2026-02-15T09:40:44.708518135Z
"""100.64.0.5"" - - [15/Feb/2026:09:40:44 +0000] ""POST /api/community/rooms/ HTTP/1.1"" 400 53 ""-"" ""python-requests/2.32.5""","{""level"":""error""}","{""project"":""70a52d41-885a-4854-b650-392635199b54"",""environment"":""67be7a60-8b6c-4987-8690-dbef25befe73"",""service"":""0f0f8a2f-9703-4f78-a3ed-8fcc57a55f5a"",""deployment"":""7bae97c9-ccbe-49fe-a672-c3ea4a2a6d1e"",""replica"":""5a8db334-f6d0-4ba9-a018-aa1be977e5fd""}",2026-02-15T09:40:44.708525465Z
"HTTP response complete for ['100.64.0.5', 45214]","{""level"":""error""}","{""project"":""70a52d41-885a-4854-b650-392635199b54"",""environment"":""67be7a60-8b6c-4987-8690-dbef25befe73"",""service"":""0f0f8a2f-9703-4f78-a3ed-8fcc57a55f5a"",""deployment"":""7bae97c9-ccbe-49fe-a672-c3ea4a2a6d1e"",""replica"":""5a8db334-f6d0-4ba9-a018-aa1be977e5fd""}",2026-02-15T09:40:44.708532425Z
"100.64.0.5:45214 - - [15/Feb/2026:09:40:44] ""POST /api/community/rooms/"" 400 53","{""level"":""info""}","{""project"":""70a52d41-885a-4854-b650-392635199b54"",""environment"":""67be7a60-8b6c-4987-8690-dbef25befe73"",""service"":""0f0f8a2f-9703-4f78-a3ed-8fcc57a55f5a"",""deployment"":""7bae97c9-ccbe-49fe-a672-c3ea4a2a6d1e"",""replica"":""5a8db334-f6d0-4ba9-a018-aa1be977e5fd""}",2026-02-15T09:40:44.708539635Z
"HTTP b'POST' request for ['100.64.0.5', 45214]","{""level"":""error""}","{""project"":""70a52d41-885a-4854-b650-392635199b54"",""environment"":""67be7a60-8b6c-4987-8690-dbef25befe73"",""service"":""0f0f8a2f-9703-4f78-a3ed-8fcc57a55f5a"",""deployment"":""7bae97c9-ccbe-49fe-a672-c3ea4a2a6d1e"",""replica"":""5a8db334-f6d0-4ba9-a018-aa1be977e5fd""}",2026-02-15T09:40:45.740349512Z
Sent 0 notifications (0 FCM) for room 0fa7f15b-f5c9-45b9-a16b-d510b8e1c0be,"{""level"":""error""}","{""project"":""70a52d41-885a-4854-b650-392635199b54"",""environment"":""67be7a60-8b6c-4987-8690-dbef25befe73"",""service"":""0f0f8a2f-9703-4f78-a3ed-8fcc57a55f5a"",""deployment"":""7bae97c9-ccbe-49fe-a672-c3ea4a2a6d1e"",""replica"":""5a8db334-f6d0-4ba9-a018-aa1be977e5fd""}",2026-02-15T09:40:46.702134348Z
"HTTP 201 response started for ['100.64.0.5', 45214]","{""level"":""error""}","{""project"":""70a52d41-885a-4854-b650-392635199b54"",""environment"":""67be7a60-8b6c-4987-8690-dbef25befe73"",""service"":""0f0f8a2f-9703-4f78-a3ed-8fcc57a55f5a"",""deployment"":""7bae97c9-ccbe-49fe-a672-c3ea4a2a6d1e"",""replica"":""5a8db334-f6d0-4ba9-a018-aa1be977e5fd""}",2026-02-15T09:40:46.768771669Z
"HTTP close for ['100.64.0.5', 45214]","{""level"":""error""}","{""project"":""70a52d41-885a-4854-b650-392635199b54"",""environment"":""67be7a60-8b6c-4987-8690-dbef25befe73"",""service"":""0f0f8a2f-9703-4f78-a3ed-8fcc57a55f5a"",""deployment"":""7bae97c9-ccbe-49fe-a672-c3ea4a2a6d1e"",""replica"":""5a8db334-f6d0-4ba9-a018-aa1be977e5fd""}",2026-02-15T09:40:46.768781739Z
"""100.64.0.5"" - - [15/Feb/2026:09:40:46 +0000] ""POST /api/community/rooms/ HTTP/1.1"" 201 601 ""-"" ""python-requests/2.32.5""","{""level"":""error""}","{""project"":""70a52d41-885a-4854-b650-392635199b54"",""environment"":""67be7a60-8b6c-4987-8690-dbef25befe73"",""service"":""0f0f8a2f-9703-4f78-a3ed-8fcc57a55f5a"",""deployment"":""7bae97c9-ccbe-49fe-a672-c3ea4a2a6d1e"",""replica"":""5a8db334-f6d0-4ba9-a018-aa1be977e5fd""}",2026-02-15T09:40:46.768790839Z
"HTTP response complete for ['100.64.0.5', 45214]","{""level"":""error""}","{""project"":""70a52d41-885a-4854-b650-392635199b54"",""environment"":""67be7a60-8b6c-4987-8690-dbef25befe73"",""service"":""0f0f8a2f-9703-4f78-a3ed-8fcc57a55f5a"",""deployment"":""7bae97c9-ccbe-49fe-a672-c3ea4a2a6d1e"",""replica"":""5a8db334-f6d0-4ba9-a018-aa1be977e5fd""}",2026-02-15T09:40:46.769245339Z
"100.64.0.5:45214 - - [15/Feb/2026:09:40:46] ""POST /api/community/rooms/"" 201 601","{""level"":""info""}","{""project"":""70a52d41-885a-4854-b650-392635199b54"",""environment"":""67be7a60-8b6c-4987-8690-dbef25befe73"",""service"":""0f0f8a2f-9703-4f78-a3ed-8fcc57a55f5a"",""deployment"":""7bae97c9-ccbe-49fe-a672-c3ea4a2a6d1e"",""replica"":""5a8db334-f6d0-4ba9-a018-aa1be977e5fd""}",2026-02-15T09:40:46.769249679Z
"Railway rate limit of 500 logs/sec reached for replica, update your application to reduce the logging rate. Messages dropped: 1","{""level"":""error""}","{""project"":""70a52d41-885a-4854-b650-392635199b54"",""environment"":""67be7a60-8b6c-4987-8690-dbef25befe73"",""service"":""0f0f8a2f-9703-4f78-a3ed-8fcc57a55f5a"",""deployment"":""7bae97c9-ccbe-49fe-a672-c3ea4a2a6d1e"",""replica"":""5a8db334-f6d0-4ba9-a018-aa1be977e5fd""}",2026-02-15T09:40:47.561901889Z
"HTTP b'POST' request for ['100.64.0.7', 13610]","{""level"":""error""}","{""project"":""70a52d41-885a-4854-b650-392635199b54"",""environment"":""67be7a60-8b6c-4987-8690-dbef25befe73"",""service"":""0f0f8a2f-9703-4f78-a3ed-8fcc57a55f5a"",""deployment"":""7bae97c9-ccbe-49fe-a672-c3ea4a2a6d1e"",""replica"":""5a8db334-f6d0-4ba9-a018-aa1be977e5fd""}",2026-02-15T09:40:47.813096445Z
Sent 0 notifications (0 FCM) for room 315dba35-ed4c-41a5-b3fe-15e7c56a995d,"{""level"":""error""}","{""project"":""70a52d41-885a-4854-b650-392635199b54"",""environment"":""67be7a60-8b6c-4987-8690-dbef25befe73"",""service"":""0f0f8a2f-9703-4f78-a3ed-8fcc57a55f5a"",""deployment"":""7bae97c9-ccbe-49fe-a672-c3ea4a2a6d1e"",""replica"":""5a8db334-f6d0-4ba9-a018-aa1be977e5fd""}",2026-02-15T09:40:48.808777587Z
"HTTP 201 response started for ['100.64.0.7', 13610]","{""level"":""error""}","{""project"":""70a52d41-885a-4854-b650-392635199b54"",""environment"":""67be7a60-8b6c-4987-8690-dbef25befe73"",""service"":""0f0f8a2f-9703-4f78-a3ed-8fcc57a55f5a"",""deployment"":""7bae97c9-ccbe-49fe-a672-c3ea4a2a6d1e"",""replica"":""5a8db334-f6d0-4ba9-a018-aa1be977e5fd""}",2026-02-15T09:40:48.895970124Z
"HTTP close for ['100.64.0.7', 13610]","{""level"":""error""}","{""project"":""70a52d41-885a-4854-b650-392635199b54"",""environment"":""67be7a60-8b6c-4987-8690-dbef25befe73"",""service"":""0f0f8a2f-9703-4f78-a3ed-8fcc57a55f5a"",""deployment"":""7bae97c9-ccbe-49fe-a672-c3ea4a2a6d1e"",""replica"":""5a8db334-f6d0-4ba9-a018-aa1be977e5fd""}",2026-02-15T09:40:48.895984174Z
"""100.64.0.7"" - - [15/Feb/2026:09:40:48 +0000] ""POST /api/community/rooms/ HTTP/1.1"" 201 616 ""-"" ""python-requests/2.32.5""","{""level"":""error""}","{""project"":""70a52d41-885a-4854-b650-392635199b54"",""environment"":""67be7a60-8b6c-4987-8690-dbef25befe73"",""service"":""0f0f8a2f-9703-4f78-a3ed-8fcc57a55f5a"",""deployment"":""7bae97c9-ccbe-49fe-a672-c3ea4a2a6d1e"",""replica"":""5a8db334-f6d0-4ba9-a018-aa1be977e5fd""}",2026-02-15T09:40:48.895991524Z
"HTTP response complete for ['100.64.0.7', 13610]","{""level"":""error""}","{""project"":""70a52d41-885a-4854-b650-392635199b54"",""environment"":""67be7a60-8b6c-4987-8690-dbef25befe73"",""service"":""0f0f8a2f-9703-4f78-a3ed-8fcc57a55f5a"",""deployment"":""7bae97c9-ccbe-49fe-a672-c3ea4a2a6d1e"",""replica"":""5a8db334-f6d0-4ba9-a018-aa1be977e5fd""}",2026-02-15T09:40:48.895997474Z
"100.64.0.7:13610 - - [15/Feb/2026:09:40:48] ""POST /api/community/rooms/"" 201 616","{""level"":""info""}","{""project"":""70a52d41-885a-4854-b650-392635199b54"",""environment"":""67be7a60-8b6c-4987-8690-dbef25befe73"",""service"":""0f0f8a2f-9703-4f78-a3ed-8fcc57a55f5a"",""deployment"":""7bae97c9-ccbe-49fe-a672-c3ea4a2a6d1e"",""replica"":""5a8db334-f6d0-4ba9-a018-aa1be977e5fd""}",2026-02-15T09:40:48.896005404Z
"HTTP b'POST' request for ['100.64.0.6', 19418]","{""level"":""error""}","{""project"":""70a52d41-885a-4854-b650-392635199b54"",""environment"":""67be7a60-8b6c-4987-8690-dbef25befe73"",""service"":""0f0f8a2f-9703-4f78-a3ed-8fcc57a55f5a"",""deployment"":""7bae97c9-ccbe-49fe-a672-c3ea4a2a6d1e"",""replica"":""5a8db334-f6d0-4ba9-a018-aa1be977e5fd""}",2026-02-15T09:40:50.017872449Z
Sent 0 notifications (0 FCM) for room 64bb909d-ea3e-4bff-8f00-10cceee64d76,"{""level"":""error""}","{""project"":""70a52d41-885a-4854-b650-392635199b54"",""environment"":""67be7a60-8b6c-4987-8690-dbef25befe73"",""service"":""0f0f8a2f-9703-4f78-a3ed-8fcc57a55f5a"",""deployment"":""7bae97c9-ccbe-49fe-a672-c3ea4a2a6d1e"",""replica"":""5a8db334-f6d0-4ba9-a018-aa1be977e5fd""}",2026-02-15T09:40:50.944527630Z
"HTTP 201 response started for ['100.64.0.6', 19418]","{""level"":""error""}","{""project"":""70a52d41-885a-4854-b650-392635199b54"",""environment"":""67be7a60-8b6c-4987-8690-dbef25befe73"",""service"":""0f0f8a2f-9703-4f78-a3ed-8fcc57a55f5a"",""deployment"":""7bae97c9-ccbe-49fe-a672-c3ea4a2a6d1e"",""replica"":""5a8db334-f6d0-4ba9-a018-aa1be977e5fd""}",2026-02-15T09:40:51.024413310Z
"HTTP close for ['100.64.0.6', 19418]","{""level"":""error""}","{""project"":""70a52d41-885a-4854-b650-392635199b54"",""environment"":""67be7a60-8b6c-4987-8690-dbef25befe73"",""service"":""0f0f8a2f-9703-4f78-a3ed-8fcc57a55f5a"",""deployment"":""7bae97c9-ccbe-49fe-a672-c3ea4a2a6d1e"",""replica"":""5a8db334-f6d0-4ba9-a018-aa1be977e5fd""}",2026-02-15T09:40:51.024420650Z
"""100.64.0.6"" - - [15/Feb/2026:09:40:50 +0000] ""POST /api/community/rooms/ HTTP/1.1"" 201 604 ""-"" ""python-requests/2.32.5""","{""level"":""error""}","{""project"":""70a52d41-885a-4854-b650-392635199b54"",""environment"":""67be7a60-8b6c-4987-8690-dbef25befe73"",""service"":""0f0f8a2f-9703-4f78-a3ed-8fcc57a55f5a"",""deployment"":""7bae97c9-ccbe-49fe-a672-c3ea4a2a6d1e"",""replica"":""5a8db334-f6d0-4ba9-a018-aa1be977e5fd""}",2026-02-15T09:40:51.024428070Z
"HTTP response complete for ['100.64.0.6', 19418]","{""level"":""error""}","{""project"":""70a52d41-885a-4854-b650-392635199b54"",""environment"":""67be7a60-8b6c-4987-8690-dbef25befe73"",""service"":""0f0f8a2f-9703-4f78-a3ed-8fcc57a55f5a"",""deployment"":""7bae97c9-ccbe-49fe-a672-c3ea4a2a6d1e"",""replica"":""5a8db334-f6d0-4ba9-a018-aa1be977e5fd""}",2026-02-15T09:40:51.024434870Z
"100.64.0.6:19418 - - [15/Feb/2026:09:40:51] ""POST /api/community/rooms/"" 201 604","{""level"":""info""}","{""project"":""70a52d41-885a-4854-b650-392635199b54"",""environment"":""67be7a60-8b6c-4987-8690-dbef25befe73"",""service"":""0f0f8a2f-9703-4f78-a3ed-8fcc57a55f5a"",""deployment"":""7bae97c9-ccbe-49fe-a672-c3ea4a2a6d1e"",""replica"":""5a8db334-f6d0-4ba9-a018-aa1be977e5fd""}",2026-02-15T09:40:51.024441250Z
"HTTP b'POST' request for ['100.64.0.7', 13610]","{""level"":""error""}","{""project"":""70a52d41-885a-4854-b650-392635199b54"",""environment"":""67be7a60-8b6c-4987-8690-dbef25befe73"",""service"":""0f0f8a2f-9703-4f78-a3ed-8fcc57a55f5a"",""deployment"":""7bae97c9-ccbe-49fe-a672-c3ea4a2a6d1e"",""replica"":""5a8db334-f6d0-4ba9-a018-aa1be977e5fd""}",2026-02-15T09:40:51.791475173Z
"100.64.0.7:13610 - - [15/Feb/2026:09:40:52] ""POST /api/community/rooms/"" 400 53","{""level"":""info""}","{""project"":""70a52d41-885a-4854-b650-392635199b54"",""environment"":""67be7a60-8b6c-4987-8690-dbef25befe73"",""service"":""0f0f8a2f-9703-4f78-a3ed-8fcc57a55f5a"",""deployment"":""7bae97c9-ccbe-49fe-a672-c3ea4a2a6d1e"",""replica"":""5a8db334-f6d0-4ba9-a018-aa1be977e5fd""}",2026-02-15T09:40:52.413494037Z
Bad Request: /api/community/rooms/,"{""level"":""error""}","{""project"":""70a52d41-885a-4854-b650-392635199b54"",""environment"":""67be7a60-8b6c-4987-8690-dbef25befe73"",""service"":""0f0f8a2f-9703-4f78-a3ed-8fcc57a55f5a"",""deployment"":""7bae97c9-ccbe-49fe-a672-c3ea4a2a6d1e"",""replica"":""5a8db334-f6d0-4ba9-a018-aa1be977e5fd""}",2026-02-15T09:40:52.413537977Z
Bad Request: /api/community/rooms/,"{""level"":""error""}","{""project"":""70a52d41-885a-4854-b650-392635199b54"",""environment"":""67be7a60-8b6c-4987-8690-dbef25befe73"",""service"":""0f0f8a2f-9703-4f78-a3ed-8fcc57a55f5a"",""deployment"":""7bae97c9-ccbe-49fe-a672-c3ea4a2a6d1e"",""replica"":""5a8db334-f6d0-4ba9-a018-aa1be977e5fd""}",2026-02-15T09:40:52.413544087Z
"HTTP 400 response started for ['100.64.0.7', 13610]","{""level"":""error""}","{""project"":""70a52d41-885a-4854-b650-392635199b54"",""environment"":""67be7a60-8b6c-4987-8690-dbef25befe73"",""service"":""0f0f8a2f-9703-4f78-a3ed-8fcc57a55f5a"",""deployment"":""7bae97c9-ccbe-49fe-a672-c3ea4a2a6d1e"",""replica"":""5a8db334-f6d0-4ba9-a018-aa1be977e5fd""}",2026-02-15T09:40:52.413548867Z
"HTTP close for ['100.64.0.7', 13610]","{""level"":""error""}","{""project"":""70a52d41-885a-4854-b650-392635199b54"",""environment"":""67be7a60-8b6c-4987-8690-dbef25befe73"",""service"":""0f0f8a2f-9703-4f78-a3ed-8fcc57a55f5a"",""deployment"":""7bae97c9-ccbe-49fe-a672-c3ea4a2a6d1e"",""replica"":""5a8db334-f6d0-4ba9-a018-aa1be977e5fd""}",2026-02-15T09:40:52.413553407Z
"""100.64.0.7"" - - [15/Feb/2026:09:40:52 +0000] ""POST /api/community/rooms/ HTTP/1.1"" 400 53 ""-"" ""python-requests/2.32.5""","{""level"":""error""}","{""project"":""70a52d41-885a-4854-b650-392635199b54"",""environment"":""67be7a60-8b6c-4987-8690-dbef25befe73"",""service"":""0f0f8a2f-9703-4f78-a3ed-8fcc57a55f5a"",""deployment"":""7bae97c9-ccbe-49fe-a672-c3ea4a2a6d1e"",""replica"":""5a8db334-f6d0-4ba9-a018-aa1be977e5fd""}",2026-02-15T09:40:52.413557937Z
"HTTP response complete for ['100.64.0.7', 13610]","{""level"":""error""}","{""project"":""70a52d41-885a-4854-b650-392635199b54"",""environment"":""67be7a60-8b6c-4987-8690-dbef25befe73"",""service"":""0f0f8a2f-9703-4f78-a3ed-8fcc57a55f5a"",""deployment"":""7bae97c9-ccbe-49fe-a672-c3ea4a2a6d1e"",""replica"":""5a8db334-f6d0-4ba9-a018-aa1be977e5fd""}",2026-02-15T09:40:52.413563307Z
"HTTP b'POST' request for ['100.64.0.4', 25314]","{""level"":""error""}","{""project"":""70a52d41-885a-4854-b650-392635199b54"",""environment"":""67be7a60-8b6c-4987-8690-dbef25befe73"",""service"":""0f0f8a2f-9703-4f78-a3ed-8fcc57a55f5a"",""deployment"":""7bae97c9-ccbe-49fe-a672-c3ea4a2a6d1e"",""replica"":""5a8db334-f6d0-4ba9-a018-aa1be977e5fd""}",2026-02-15T09:40:53.444868513Z
"HTTP 200 response started for ['100.64.0.4', 25314]","{""level"":""error""}","{""project"":""70a52d41-885a-4854-b650-392635199b54"",""environment"":""67be7a60-8b6c-4987-8690-dbef25befe73"",""service"":""0f0f8a2f-9703-4f78-a3ed-8fcc57a55f5a"",""deployment"":""7bae97c9-ccbe-49fe-a672-c3ea4a2a6d1e"",""replica"":""5a8db334-f6d0-4ba9-a018-aa1be977e5fd""}",2026-02-15T09:40:54.340904169Z
"HTTP close for ['100.64.0.4', 25314]","{""level"":""error""}","{""project"":""70a52d41-885a-4854-b650-392635199b54"",""environment"":""67be7a60-8b6c-4987-8690-dbef25befe73"",""service"":""0f0f8a2f-9703-4f78-a3ed-8fcc57a55f5a"",""deployment"":""7bae97c9-ccbe-49fe-a672-c3ea4a2a6d1e"",""replica"":""5a8db334-f6d0-4ba9-a018-aa1be977e5fd""}",2026-02-15T09:40:54.340909839Z
"""100.64.0.4"" - - [15/Feb/2026:09:40:53 +0000] ""POST /api/community/rooms/0fa7f15b-f5c9-45b9-a16b-d510b8e1c0be/join/ HTTP/1.1"" 200 692 ""-"" ""python-requests/2.32.5""","{""level"":""error""}","{""project"":""70a52d41-885a-4854-b650-392635199b54"",""environment"":""67be7a60-8b6c-4987-8690-dbef25befe73"",""service"":""0f0f8a2f-9703-4f78-a3ed-8fcc57a55f5a"",""deployment"":""7bae97c9-ccbe-49fe-a672-c3ea4a2a6d1e"",""replica"":""5a8db334-f6d0-4ba9-a018-aa1be977e5fd""}",2026-02-15T09:40:54.340914229Z
"HTTP response complete for ['100.64.0.4', 25314]","{""level"":""error""}","{""project"":""70a52d41-885a-4854-b650-392635199b54"",""environment"":""67be7a60-8b6c-4987-8690-dbef25befe73"",""service"":""0f0f8a2f-9703-4f78-a3ed-8fcc57a55f5a"",""deployment"":""7bae97c9-ccbe-49fe-a672-c3ea4a2a6d1e"",""replica"":""5a8db334-f6d0-4ba9-a018-aa1be977e5fd""}",2026-02-15T09:40:54.340919219Z
"100.64.0.4:25314 - - [15/Feb/2026:09:40:54] ""POST /api/community/rooms/0fa7f15b-f5c9-45b9-a16b-d510b8e1c0be/join/"" 200 692","{""level"":""info""}","{""project"":""70a52d41-885a-4854-b650-392635199b54"",""environment"":""67be7a60-8b6c-4987-8690-dbef25befe73"",""service"":""0f0f8a2f-9703-4f78-a3ed-8fcc57a55f5a"",""deployment"":""7bae97c9-ccbe-49fe-a672-c3ea4a2a6d1e"",""replica"":""5a8db334-f6d0-4ba9-a018-aa1be977e5fd""}",2026-02-15T09:40:54.340923949Z
"HTTP b'POST' request for ['100.64.0.6', 11730]","{""level"":""error""}","{""project"":""70a52d41-885a-4854-b650-392635199b54"",""environment"":""67be7a60-8b6c-4987-8690-dbef25befe73"",""service"":""0f0f8a2f-9703-4f78-a3ed-8fcc57a55f5a"",""deployment"":""7bae97c9-ccbe-49fe-a672-c3ea4a2a6d1e"",""replica"":""5a8db334-f6d0-4ba9-a018-aa1be977e5fd""}",2026-02-15T09:40:55.191624291Z
Forbidden: /api/community/rooms/0fa7f15b-f5c9-45b9-a16b-d510b8e1c0be/invite/,"{""level"":""error""}","{""project"":""70a52d41-885a-4854-b650-392635199b54"",""environment"":""67be7a60-8b6c-4987-8690-dbef25befe73"",""service"":""0f0f8a2f-9703-4f78-a3ed-8fcc57a55f5a"",""deployment"":""7bae97c9-ccbe-49fe-a672-c3ea4a2a6d1e"",""replica"":""5a8db334-f6d0-4ba9-a018-aa1be977e5fd""}",2026-02-15T09:40:56.058667481Z
Forbidden: /api/community/rooms/0fa7f15b-f5c9-45b9-a16b-d510b8e1c0be/invite/,"{""level"":""error""}","{""project"":""70a52d41-885a-4854-b650-392635199b54"",""environment"":""67be7a60-8b6c-4987-8690-dbef25befe73"",""service"":""0f0f8a2f-9703-4f78-a3ed-8fcc57a55f5a"",""deployment"":""7bae97c9-ccbe-49fe-a672-c3ea4a2a6d1e"",""replica"":""5a8db334-f6d0-4ba9-a018-aa1be977e5fd""}",2026-02-15T09:40:56.058672001Z
"HTTP 403 response started for ['100.64.0.6', 11730]","{""level"":""error""}","{""project"":""70a52d41-885a-4854-b650-392635199b54"",""environment"":""67be7a60-8b6c-4987-8690-dbef25befe73"",""service"":""0f0f8a2f-9703-4f78-a3ed-8fcc57a55f5a"",""deployment"":""7bae97c9-ccbe-49fe-a672-c3ea4a2a6d1e"",""replica"":""5a8db334-f6d0-4ba9-a018-aa1be977e5fd""}",2026-02-15T09:40:56.058676290Z
"HTTP close for ['100.64.0.6', 11730]","{""level"":""error""}","{""project"":""70a52d41-885a-4854-b650-392635199b54"",""environment"":""67be7a60-8b6c-4987-8690-dbef25befe73"",""service"":""0f0f8a2f-9703-4f78-a3ed-8fcc57a55f5a"",""deployment"":""7bae97c9-ccbe-49fe-a672-c3ea4a2a6d1e"",""replica"":""5a8db334-f6d0-4ba9-a018-aa1be977e5fd""}",2026-02-15T09:40:56.058680741Z
"""100.64.0.6"" - - [15/Feb/2026:09:40:55 +0000] ""POST /api/community/rooms/0fa7f15b-f5c9-45b9-a16b-d510b8e1c0be/invite/ HTTP/1.1"" 403 41 ""-"" ""python-requests/2.32.5""","{""level"":""error""}","{""project"":""70a52d41-885a-4854-b650-392635199b54"",""environment"":""67be7a60-8b6c-4987-8690-dbef25befe73"",""service"":""0f0f8a2f-9703-4f78-a3ed-8fcc57a55f5a"",""deployment"":""7bae97c9-ccbe-49fe-a672-c3ea4a2a6d1e"",""replica"":""5a8db334-f6d0-4ba9-a018-aa1be977e5fd""}",2026-02-15T09:40:56.058686621Z
"HTTP response complete for ['100.64.0.6', 11730]","{""level"":""error""}","{""project"":""70a52d41-885a-4854-b650-392635199b54"",""environment"":""67be7a60-8b6c-4987-8690-dbef25befe73"",""service"":""0f0f8a2f-9703-4f78-a3ed-8fcc57a55f5a"",""deployment"":""7bae97c9-ccbe-49fe-a672-c3ea4a2a6d1e"",""replica"":""5a8db334-f6d0-4ba9-a018-aa1be977e5fd""}",2026-02-15T09:40:56.058691161Z
"100.64.0.6:11730 - - [15/Feb/2026:09:40:56] ""POST /api/community/rooms/0fa7f15b-f5c9-45b9-a16b-d510b8e1c0be/invite/"" 403 41","{""level"":""info""}","{""project"":""70a52d41-885a-4854-b650-392635199b54"",""environment"":""67be7a60-8b6c-4987-8690-dbef25befe73"",""service"":""0f0f8a2f-9703-4f78-a3ed-8fcc57a55f5a"",""deployment"":""7bae97c9-ccbe-49fe-a672-c3ea4a2a6d1e"",""replica"":""5a8db334-f6d0-4ba9-a018-aa1be977e5fd""}",2026-02-15T09:40:56.058695090Z
"HTTP b'POST' request for ['100.64.0.5', 37398]","{""level"":""error""}","{""project"":""70a52d41-885a-4854-b650-392635199b54"",""environment"":""67be7a60-8b6c-4987-8690-dbef25befe73"",""service"":""0f0f8a2f-9703-4f78-a3ed-8fcc57a55f5a"",""deployment"":""7bae97c9-ccbe-49fe-a672-c3ea4a2a6d1e"",""replica"":""5a8db334-f6d0-4ba9-a018-aa1be977e5fd""}",2026-02-15T09:40:57.087102407Z
"HTTP 200 response started for ['100.64.0.5', 37398]","{""level"":""error""}","{""project"":""70a52d41-885a-4854-b650-392635199b54"",""environment"":""67be7a60-8b6c-4987-8690-dbef25befe73"",""service"":""0f0f8a2f-9703-4f78-a3ed-8fcc57a55f5a"",""deployment"":""7bae97c9-ccbe-49fe-a672-c3ea4a2a6d1e"",""replica"":""5a8db334-f6d0-4ba9-a018-aa1be977e5fd""}",2026-02-15T09:40:57.872940438Z
"HTTP close for ['100.64.0.5', 37398]","{""level"":""error""}","{""project"":""70a52d41-885a-4854-b650-392635199b54"",""environment"":""67be7a60-8b6c-4987-8690-dbef25befe73"",""service"":""0f0f8a2f-9703-4f78-a3ed-8fcc57a55f5a"",""deployment"":""7bae97c9-ccbe-49fe-a672-c3ea4a2a6d1e"",""replica"":""5a8db334-f6d0-4ba9-a018-aa1be977e5fd""}",2026-02-15T09:40:57.872954898Z
"""100.64.0.5"" - - [15/Feb/2026:09:40:57 +0000] ""POST /api/community/rooms/0fa7f15b-f5c9-45b9-a16b-d510b8e1c0be/leave/ HTTP/1.1"" 200 23 ""-"" ""python-requests/2.32.5""","{""level"":""error""}","{""project"":""70a52d41-885a-4854-b650-392635199b54"",""environment"":""67be7a60-8b6c-4987-8690-dbef25befe73"",""service"":""0f0f8a2f-9703-4f78-a3ed-8fcc57a55f5a"",""deployment"":""7bae97c9-ccbe-49fe-a672-c3ea4a2a6d1e"",""replica"":""5a8db334-f6d0-4ba9-a018-aa1be977e5fd""}",2026-02-15T09:40:57.872963309Z
"HTTP response complete for ['100.64.0.5', 37398]","{""level"":""error""}","{""project"":""70a52d41-885a-4854-b650-392635199b54"",""environment"":""67be7a60-8b6c-4987-8690-dbef25befe73"",""service"":""0f0f8a2f-9703-4f78-a3ed-8fcc57a55f5a"",""deployment"":""7bae97c9-ccbe-49fe-a672-c3ea4a2a6d1e"",""replica"":""5a8db334-f6d0-4ba9-a018-aa1be977e5fd""}",2026-02-15T09:40:57.872970378Z
"100.64.0.5:37398 - - [15/Feb/2026:09:40:57] ""POST /api/community/rooms/0fa7f15b-f5c9-45b9-a16b-d510b8e1c0be/leave/"" 200 23","{""level"":""info""}","{""project"":""70a52d41-885a-4854-b650-392635199b54"",""environment"":""67be7a60-8b6c-4987-8690-dbef25befe73"",""service"":""0f0f8a2f-9703-4f78-a3ed-8fcc57a55f5a"",""deployment"":""7bae97c9-ccbe-49fe-a672-c3ea4a2a6d1e"",""replica"":""5a8db334-f6d0-4ba9-a018-aa1be977e5fd""}",2026-02-15T09:40:57.872984278Z
"HTTP b'POST' request for ['100.64.0.6', 11730]","{""level"":""error""}","{""project"":""70a52d41-885a-4854-b650-392635199b54"",""environment"":""67be7a60-8b6c-4987-8690-dbef25befe73"",""service"":""0f0f8a2f-9703-4f78-a3ed-8fcc57a55f5a"",""deployment"":""7bae97c9-ccbe-49fe-a672-c3ea4a2a6d1e"",""replica"":""5a8db334-f6d0-4ba9-a018-aa1be977e5fd""}",2026-02-15T09:40:58.939582800Z
"HTTP 200 response started for ['100.64.0.6', 11730]","{""level"":""error""}","{""project"":""70a52d41-885a-4854-b650-392635199b54"",""environment"":""67be7a60-8b6c-4987-8690-dbef25befe73"",""service"":""0f0f8a2f-9703-4f78-a3ed-8fcc57a55f5a"",""deployment"":""7bae97c9-ccbe-49fe-a672-c3ea4a2a6d1e"",""replica"":""5a8db334-f6d0-4ba9-a018-aa1be977e5fd""}",2026-02-15T09:40:59.873160480Z
"HTTP close for ['100.64.0.6', 11730]","{""level"":""error""}","{""project"":""70a52d41-885a-4854-b650-392635199b54"",""environment"":""67be7a60-8b6c-4987-8690-dbef25befe73"",""service"":""0f0f8a2f-9703-4f78-a3ed-8fcc57a55f5a"",""deployment"":""7bae97c9-ccbe-49fe-a672-c3ea4a2a6d1e"",""replica"":""5a8db334-f6d0-4ba9-a018-aa1be977e5fd""}",2026-02-15T09:40:59.873166920Z
"""100.64.0.6"" - - [15/Feb/2026:09:40:59 +0000] ""POST /api/community/ghosts/a8eb48e1-19bd-4504-b034-630cbe3cd111/follow/ HTTP/1.1"" 200 44 ""-"" ""python-requests/2.32.5""","{""level"":""error""}","{""project"":""70a52d41-885a-4854-b650-392635199b54"",""environment"":""67be7a60-8b6c-4987-8690-dbef25befe73"",""service"":""0f0f8a2f-9703-4f78-a3ed-8fcc57a55f5a"",""deployment"":""7bae97c9-ccbe-49fe-a672-c3ea4a2a6d1e"",""replica"":""5a8db334-f6d0-4ba9-a018-aa1be977e5fd""}",2026-02-15T09:40:59.873173460Z
"HTTP response complete for ['100.64.0.6', 11730]","{""level"":""error""}","{""project"":""70a52d41-885a-4854-b650-392635199b54"",""environment"":""67be7a60-8b6c-4987-8690-dbef25befe73"",""service"":""0f0f8a2f-9703-4f78-a3ed-8fcc57a55f5a"",""deployment"":""7bae97c9-ccbe-49fe-a672-c3ea4a2a6d1e"",""replica"":""5a8db334-f6d0-4ba9-a018-aa1be977e5fd""}",2026-02-15T09:40:59.873179840Z
"100.64.0.6:11730 - - [15/Feb/2026:09:40:59] ""POST /api/community/ghosts/a8eb48e1-19bd-4504-b034-630cbe3cd111/follow/"" 200 44","{""level"":""info""}","{""project"":""70a52d41-885a-4854-b650-392635199b54"",""environment"":""67be7a60-8b6c-4987-8690-dbef25befe73"",""service"":""0f0f8a2f-9703-4f78-a3ed-8fcc57a55f5a"",""deployment"":""7bae97c9-ccbe-49fe-a672-c3ea4a2a6d1e"",""replica"":""5a8db334-f6d0-4ba9-a018-aa1be977e5fd""}",2026-02-15T09:40:59.873187160Z
"HTTP b'POST' request for ['100.64.0.5', 37398]","{""level"":""error""}","{""project"":""70a52d41-885a-4854-b650-392635199b54"",""environment"":""67be7a60-8b6c-4987-8690-dbef25befe73"",""service"":""0f0f8a2f-9703-4f78-a3ed-8fcc57a55f5a"",""deployment"":""7bae97c9-ccbe-49fe-a672-c3ea4a2a6d1e"",""replica"":""5a8db334-f6d0-4ba9-a018-aa1be977e5fd""}",2026-02-15T09:41:01.417007925Z
"HTTP 200 response started for ['100.64.0.5', 37398]","{""level"":""error""}","{""project"":""70a52d41-885a-4854-b650-392635199b54"",""environment"":""67be7a60-8b6c-4987-8690-dbef25befe73"",""service"":""0f0f8a2f-9703-4f78-a3ed-8fcc57a55f5a"",""deployment"":""7bae97c9-ccbe-49fe-a672-c3ea4a2a6d1e"",""replica"":""5a8db334-f6d0-4ba9-a018-aa1be977e5fd""}",2026-02-15T09:41:02.341173347Z
"HTTP close for ['100.64.0.5', 37398]","{""level"":""error""}","{""project"":""70a52d41-885a-4854-b650-392635199b54"",""environment"":""67be7a60-8b6c-4987-8690-dbef25befe73"",""service"":""0f0f8a2f-9703-4f78-a3ed-8fcc57a55f5a"",""deployment"":""7bae97c9-ccbe-49fe-a672-c3ea4a2a6d1e"",""replica"":""5a8db334-f6d0-4ba9-a018-aa1be977e5fd""}",2026-02-15T09:41:02.341182667Z
"""100.64.0.5"" - - [15/Feb/2026:09:41:01 +0000] ""POST /api/community/ghosts/fd66266e-5f55-4bbc-89e9-cf4a746538c9/follow/ HTTP/1.1"" 200 44 ""-"" ""python-requests/2.32.5""","{""level"":""error""}","{""project"":""70a52d41-885a-4854-b650-392635199b54"",""environment"":""67be7a60-8b6c-4987-8690-dbef25befe73"",""service"":""0f0f8a2f-9703-4f78-a3ed-8fcc57a55f5a"",""deployment"":""7bae97c9-ccbe-49fe-a672-c3ea4a2a6d1e"",""replica"":""5a8db334-f6d0-4ba9-a018-aa1be977e5fd""}",2026-02-15T09:41:02.341190357Z
"HTTP response complete for ['100.64.0.5', 37398]","{""level"":""error""}","{""project"":""70a52d41-885a-4854-b650-392635199b54"",""environment"":""67be7a60-8b6c-4987-8690-dbef25befe73"",""service"":""0f0f8a2f-9703-4f78-a3ed-8fcc57a55f5a"",""deployment"":""7bae97c9-ccbe-49fe-a672-c3ea4a2a6d1e"",""replica"":""5a8db334-f6d0-4ba9-a018-aa1be977e5fd""}",2026-02-15T09:41:02.341199337Z
"100.64.0.5:37398 - - [15/Feb/2026:09:41:02] ""POST /api/community/ghosts/fd66266e-5f55-4bbc-89e9-cf4a746538c9/follow/"" 200 44","{""level"":""info""}","{""project"":""70a52d41-885a-4854-b650-392635199b54"",""environment"":""67be7a60-8b6c-4987-8690-dbef25befe73"",""service"":""0f0f8a2f-9703-4f78-a3ed-8fcc57a55f5a"",""deployment"":""7bae97c9-ccbe-49fe-a672-c3ea4a2a6d1e"",""replica"":""5a8db334-f6d0-4ba9-a018-aa1be977e5fd""}",2026-02-15T09:41:02.341206377Z
"HTTP b'GET' request for ['100.64.0.4', 43276]","{""level"":""error""}","{""project"":""70a52d41-885a-4854-b650-392635199b54"",""environment"":""67be7a60-8b6c-4987-8690-dbef25befe73"",""service"":""0f0f8a2f-9703-4f78-a3ed-8fcc57a55f5a"",""deployment"":""7bae97c9-ccbe-49fe-a672-c3ea4a2a6d1e"",""replica"":""5a8db334-f6d0-4ba9-a018-aa1be977e5fd""}",2026-02-15T09:41:03.200437547Z
"HTTP 200 response started for ['100.64.0.4', 43276]","{""level"":""error""}","{""project"":""70a52d41-885a-4854-b650-392635199b54"",""environment"":""67be7a60-8b6c-4987-8690-dbef25befe73"",""service"":""0f0f8a2f-9703-4f78-a3ed-8fcc57a55f5a"",""deployment"":""7bae97c9-ccbe-49fe-a672-c3ea4a2a6d1e"",""replica"":""5a8db334-f6d0-4ba9-a018-aa1be977e5fd""}",2026-02-15T09:41:04.227816084Z
"HTTP close for ['100.64.0.4', 43276]","{""level"":""error""}","{""project"":""70a52d41-885a-4854-b650-392635199b54"",""environment"":""67be7a60-8b6c-4987-8690-dbef25befe73"",""service"":""0f0f8a2f-9703-4f78-a3ed-8fcc57a55f5a"",""deployment"":""7bae97c9-ccbe-49fe-a672-c3ea4a2a6d1e"",""replica"":""5a8db334-f6d0-4ba9-a018-aa1be977e5fd""}",2026-02-15T09:41:04.227825844Z
"""100.64.0.4"" - - [15/Feb/2026:09:41:03 +0000] ""GET /api/community/following/ HTTP/1.1"" 200 801 ""-"" ""python-requests/2.32.5""","{""level"":""error""}","{""project"":""70a52d41-885a-4854-b650-392635199b54"",""environment"":""67be7a60-8b6c-4987-8690-dbef25befe73"",""service"":""0f0f8a2f-9703-4f78-a3ed-8fcc57a55f5a"",""deployment"":""7bae97c9-ccbe-49fe-a672-c3ea4a2a6d1e"",""replica"":""5a8db334-f6d0-4ba9-a018-aa1be977e5fd""}",2026-02-15T09:41:04.227831234Z
"HTTP response complete for ['100.64.0.4', 43276]","{""level"":""error""}","{""project"":""70a52d41-885a-4854-b650-392635199b54"",""environment"":""67be7a60-8b6c-4987-8690-dbef25befe73"",""service"":""0f0f8a2f-9703-4f78-a3ed-8fcc57a55f5a"",""deployment"":""7bae97c9-ccbe-49fe-a672-c3ea4a2a6d1e"",""replica"":""5a8db334-f6d0-4ba9-a018-aa1be977e5fd""}",2026-02-15T09:41:04.227835664Z
"100.64.0.4:43276 - - [15/Feb/2026:09:41:04] ""GET /api/community/following/"" 200 801","{""level"":""info""}","{""project"":""70a52d41-885a-4854-b650-392635199b54"",""environment"":""67be7a60-8b6c-4987-8690-dbef25befe73"",""service"":""0f0f8a2f-9703-4f78-a3ed-8fcc57a55f5a"",""deployment"":""7bae97c9-ccbe-49fe-a672-c3ea4a2a6d1e"",""replica"":""5a8db334-f6d0-4ba9-a018-aa1be977e5fd""}",2026-02-15T09:41:04.227840164Z
"HTTP b'GET' request for ['100.64.0.3', 49968]","{""level"":""error""}","{""project"":""70a52d41-885a-4854-b650-392635199b54"",""environment"":""67be7a60-8b6c-4987-8690-dbef25befe73"",""service"":""0f0f8a2f-9703-4f78-a3ed-8fcc57a55f5a"",""deployment"":""7bae97c9-ccbe-49fe-a672-c3ea4a2a6d1e"",""replica"":""5a8db334-f6d0-4ba9-a018-aa1be977e5fd""}",2026-02-15T09:41:05.326966472Z
"HTTP 200 response started for ['100.64.0.3', 49968]","{""level"":""error""}","{""project"":""70a52d41-885a-4854-b650-392635199b54"",""environment"":""67be7a60-8b6c-4987-8690-dbef25befe73"",""service"":""0f0f8a2f-9703-4f78-a3ed-8fcc57a55f5a"",""deployment"":""7bae97c9-ccbe-49fe-a672-c3ea4a2a6d1e"",""replica"":""5a8db334-f6d0-4ba9-a018-aa1be977e5fd""}",2026-02-15T09:41:06.118850191Z
"HTTP close for ['100.64.0.3', 49968]","{""level"":""error""}","{""project"":""70a52d41-885a-4854-b650-392635199b54"",""environment"":""67be7a60-8b6c-4987-8690-dbef25befe73"",""service"":""0f0f8a2f-9703-4f78-a3ed-8fcc57a55f5a"",""deployment"":""7bae97c9-ccbe-49fe-a672-c3ea4a2a6d1e"",""replica"":""5a8db334-f6d0-4ba9-a018-aa1be977e5fd""}",2026-02-15T09:41:06.118856411Z
"""100.64.0.3"" - - [15/Feb/2026:09:41:05 +0000] ""GET /api/community/following/feed/ HTTP/1.1"" 200 626 ""-"" ""python-requests/2.32.5""","{""level"":""error""}","{""project"":""70a52d41-885a-4854-b650-392635199b54"",""environment"":""67be7a60-8b6c-4987-8690-dbef25befe73"",""service"":""0f0f8a2f-9703-4f78-a3ed-8fcc57a55f5a"",""deployment"":""7bae97c9-ccbe-49fe-a672-c3ea4a2a6d1e"",""replica"":""5a8db334-f6d0-4ba9-a018-aa1be977e5fd""}",2026-02-15T09:41:06.118860551Z
"HTTP response complete for ['100.64.0.3', 49968]","{""level"":""error""}","{""project"":""70a52d41-885a-4854-b650-392635199b54"",""environment"":""67be7a60-8b6c-4987-8690-dbef25befe73"",""service"":""0f0f8a2f-9703-4f78-a3ed-8fcc57a55f5a"",""deployment"":""7bae97c9-ccbe-49fe-a672-c3ea4a2a6d1e"",""replica"":""5a8db334-f6d0-4ba9-a018-aa1be977e5fd""}",2026-02-15T09:41:06.118864641Z
"100.64.0.3:49968 - - [15/Feb/2026:09:41:06] ""GET /api/community/following/feed/"" 200 626","{""level"":""info""}","{""project"":""70a52d41-885a-4854-b650-392635199b54"",""environment"":""67be7a60-8b6c-4987-8690-dbef25befe73"",""service"":""0f0f8a2f-9703-4f78-a3ed-8fcc57a55f5a"",""deployment"":""7bae97c9-ccbe-49fe-a672-c3ea4a2a6d1e"",""replica"":""5a8db334-f6d0-4ba9-a018-aa1be977e5fd""}",2026-02-15T09:41:06.118868601Z
"HTTP b'POST' request for ['100.64.0.5', 24994]","{""level"":""error""}","{""project"":""70a52d41-885a-4854-b650-392635199b54"",""environment"":""67be7a60-8b6c-4987-8690-dbef25befe73"",""service"":""0f0f8a2f-9703-4f78-a3ed-8fcc57a55f5a"",""deployment"":""7bae97c9-ccbe-49fe-a672-c3ea4a2a6d1e"",""replica"":""5a8db334-f6d0-4ba9-a018-aa1be977e5fd""}",2026-02-15T09:41:06.899169692Z
"HTTP 200 response started for ['100.64.0.5', 24994]","{""level"":""error""}","{""project"":""70a52d41-885a-4854-b650-392635199b54"",""environment"":""67be7a60-8b6c-4987-8690-dbef25befe73"",""service"":""0f0f8a2f-9703-4f78-a3ed-8fcc57a55f5a"",""deployment"":""7bae97c9-ccbe-49fe-a672-c3ea4a2a6d1e"",""replica"":""5a8db334-f6d0-4ba9-a018-aa1be977e5fd""}",2026-02-15T09:41:07.926566599Z
"HTTP close for ['100.64.0.5', 24994]","{""level"":""error""}","{""project"":""70a52d41-885a-4854-b650-392635199b54"",""environment"":""67be7a60-8b6c-4987-8690-dbef25befe73"",""service"":""0f0f8a2f-9703-4f78-a3ed-8fcc57a55f5a"",""deployment"":""7bae97c9-ccbe-49fe-a672-c3ea4a2a6d1e"",""replica"":""5a8db334-f6d0-4ba9-a018-aa1be977e5fd""}",2026-02-15T09:41:07.926573429Z
"""100.64.0.5"" - - [15/Feb/2026:09:41:07 +0000] ""POST /api/community/fcm-token/ HTTP/1.1"" 200 49 ""-"" ""python-requests/2.32.5""","{""level"":""error""}","{""project"":""70a52d41-885a-4854-b650-392635199b54"",""environment"":""67be7a60-8b6c-4987-8690-dbef25befe73"",""service"":""0f0f8a2f-9703-4f78-a3ed-8fcc57a55f5a"",""deployment"":""7bae97c9-ccbe-49fe-a672-c3ea4a2a6d1e"",""replica"":""5a8db334-f6d0-4ba9-a018-aa1be977e5fd""}",2026-02-15T09:41:07.926578329Z
"HTTP response complete for ['100.64.0.5', 24994]","{""level"":""error""}","{""project"":""70a52d41-885a-4854-b650-392635199b54"",""environment"":""67be7a60-8b6c-4987-8690-dbef25befe73"",""service"":""0f0f8a2f-9703-4f78-a3ed-8fcc57a55f5a"",""deployment"":""7bae97c9-ccbe-49fe-a672-c3ea4a2a6d1e"",""replica"":""5a8db334-f6d0-4ba9-a018-aa1be977e5fd""}",2026-02-15T09:41:07.926583199Z
"100.64.0.5:24994 - - [15/Feb/2026:09:41:07] ""POST /api/community/fcm-token/"" 200 49","{""level"":""info""}","{""project"":""70a52d41-885a-4854-b650-392635199b54"",""environment"":""67be7a60-8b6c-4987-8690-dbef25befe73"",""service"":""0f0f8a2f-9703-4f78-a3ed-8fcc57a55f5a"",""deployment"":""7bae97c9-ccbe-49fe-a672-c3ea4a2a6d1e"",""replica"":""5a8db334-f6d0-4ba9-a018-aa1be977e5fd""}",2026-02-15T09:41:07.926587449Z
"HTTP b'GET' request for ['100.64.0.5', 24994]","{""level"":""error""}","{""project"":""70a52d41-885a-4854-b650-392635199b54"",""environment"":""67be7a60-8b6c-4987-8690-dbef25befe73"",""service"":""0f0f8a2f-9703-4f78-a3ed-8fcc57a55f5a"",""deployment"":""7bae97c9-ccbe-49fe-a672-c3ea4a2a6d1e"",""replica"":""5a8db334-f6d0-4ba9-a018-aa1be977e5fd""}",2026-02-15T09:41:08.892619194Z
"HTTP 200 response started for ['100.64.0.5', 24994]","{""level"":""error""}","{""project"":""70a52d41-885a-4854-b650-392635199b54"",""environment"":""67be7a60-8b6c-4987-8690-dbef25befe73"",""service"":""0f0f8a2f-9703-4f78-a3ed-8fcc57a55f5a"",""deployment"":""7bae97c9-ccbe-49fe-a672-c3ea4a2a6d1e"",""replica"":""5a8db334-f6d0-4ba9-a018-aa1be977e5fd""}",2026-02-15T09:41:09.536951554Z
"HTTP close for ['100.64.0.5', 24994]","{""level"":""error""}","{""project"":""70a52d41-885a-4854-b650-392635199b54"",""environment"":""67be7a60-8b6c-4987-8690-dbef25befe73"",""service"":""0f0f8a2f-9703-4f78-a3ed-8fcc57a55f5a"",""deployment"":""7bae97c9-ccbe-49fe-a672-c3ea4a2a6d1e"",""replica"":""5a8db334-f6d0-4ba9-a018-aa1be977e5fd""}",2026-02-15T09:41:09.536961634Z
"""100.64.0.5"" - - [15/Feb/2026:09:41:09 +0000] ""GET /api/community/notifications/ HTTP/1.1"" 200 37 ""-"" ""python-requests/2.32.5""","{""level"":""error""}","{""project"":""70a52d41-885a-4854-b650-392635199b54"",""environment"":""67be7a60-8b6c-4987-8690-dbef25befe73"",""service"":""0f0f8a2f-9703-4f78-a3ed-8fcc57a55f5a"",""deployment"":""7bae97c9-ccbe-49fe-a672-c3ea4a2a6d1e"",""replica"":""5a8db334-f6d0-4ba9-a018-aa1be977e5fd""}",2026-02-15T09:41:09.536969844Z
"HTTP response complete for ['100.64.0.5', 24994]","{""level"":""error""}","{""project"":""70a52d41-885a-4854-b650-392635199b54"",""environment"":""67be7a60-8b6c-4987-8690-dbef25befe73"",""service"":""0f0f8a2f-9703-4f78-a3ed-8fcc57a55f5a"",""deployment"":""7bae97c9-ccbe-49fe-a672-c3ea4a2a6d1e"",""replica"":""5a8db334-f6d0-4ba9-a018-aa1be977e5fd""}",2026-02-15T09:41:09.536977744Z
"100.64.0.5:24994 - - [15/Feb/2026:09:41:09] ""GET /api/community/notifications/"" 200 37","{""level"":""info""}","{""project"":""70a52d41-885a-4854-b650-392635199b54"",""environment"":""67be7a60-8b6c-4987-8690-dbef25befe73"",""service"":""0f0f8a2f-9703-4f78-a3ed-8fcc57a55f5a"",""deployment"":""7bae97c9-ccbe-49fe-a672-c3ea4a2a6d1e"",""replica"":""5a8db334-f6d0-4ba9-a018-aa1be977e5fd""}",2026-02-15T09:41:09.536985394Z
"HTTP b'GET' request for ['100.64.0.7', 27948]","{""level"":""error""}","{""project"":""70a52d41-885a-4854-b650-392635199b54"",""environment"":""67be7a60-8b6c-4987-8690-dbef25befe73"",""service"":""0f0f8a2f-9703-4f78-a3ed-8fcc57a55f5a"",""deployment"":""7bae97c9-ccbe-49fe-a672-c3ea4a2a6d1e"",""replica"":""5a8db334-f6d0-4ba9-a018-aa1be977e5fd""}",2026-02-15T09:41:10.535729885Z
"HTTP 200 response started for ['100.64.0.7', 27948]","{""level"":""error""}","{""project"":""70a52d41-885a-4854-b650-392635199b54"",""environment"":""67be7a60-8b6c-4987-8690-dbef25befe73"",""service"":""0f0f8a2f-9703-4f78-a3ed-8fcc57a55f5a"",""deployment"":""7bae97c9-ccbe-49fe-a672-c3ea4a2a6d1e"",""replica"":""5a8db334-f6d0-4ba9-a018-aa1be977e5fd""}",2026-02-15T09:41:11.933632839Z
"HTTP close for ['100.64.0.7', 27948]","{""level"":""error""}","{""project"":""70a52d41-885a-4854-b650-392635199b54"",""environment"":""67be7a60-8b6c-4987-8690-dbef25befe73"",""service"":""0f0f8a2f-9703-4f78-a3ed-8fcc57a55f5a"",""deployment"":""7bae97c9-ccbe-49fe-a672-c3ea4a2a6d1e"",""replica"":""5a8db334-f6d0-4ba9-a018-aa1be977e5fd""}",2026-02-15T09:41:11.933637590Z
"""100.64.0.7"" - - [15/Feb/2026:09:41:11 +0000] ""GET /api/community/rooms/trending/?limit=20 HTTP/1.1"" 200 1868 ""-"" ""python-requests/2.32.5""","{""level"":""error""}","{""project"":""70a52d41-885a-4854-b650-392635199b54"",""environment"":""67be7a60-8b6c-4987-8690-dbef25befe73"",""service"":""0f0f8a2f-9703-4f78-a3ed-8fcc57a55f5a"",""deployment"":""7bae97c9-ccbe-49fe-a672-c3ea4a2a6d1e"",""replica"":""5a8db334-f6d0-4ba9-a018-aa1be977e5fd""}",2026-02-15T09:41:11.933641539Z
"HTTP response complete for ['100.64.0.7', 27948]","{""level"":""error""}","{""project"":""70a52d41-885a-4854-b650-392635199b54"",""environment"":""67be7a60-8b6c-4987-8690-dbef25befe73"",""service"":""0f0f8a2f-9703-4f78-a3ed-8fcc57a55f5a"",""deployment"":""7bae97c9-ccbe-49fe-a672-c3ea4a2a6d1e"",""replica"":""5a8db334-f6d0-4ba9-a018-aa1be977e5fd""}",2026-02-15T09:41:11.933646330Z
"100.64.0.7:27948 - - [15/Feb/2026:09:41:11] ""GET /api/community/rooms/trending/?limit=20"" 200 1868","{""level"":""info""}","{""project"":""70a52d41-885a-4854-b650-392635199b54"",""environment"":""67be7a60-8b6c-4987-8690-dbef25befe73"",""service"":""0f0f8a2f-9703-4f78-a3ed-8fcc57a55f5a"",""deployment"":""7bae97c9-ccbe-49fe-a672-c3ea4a2a6d1e"",""replica"":""5a8db334-f6d0-4ba9-a018-aa1be977e5fd""}",2026-02-15T09:41:11.933651339Z
"HTTP b'GET' request for ['100.64.0.4', 14960]","{""level"":""error""}","{""project"":""70a52d41-885a-4854-b650-392635199b54"",""environment"":""67be7a60-8b6c-4987-8690-dbef25befe73"",""service"":""0f0f8a2f-9703-4f78-a3ed-8fcc57a55f5a"",""deployment"":""7bae97c9-ccbe-49fe-a672-c3ea4a2a6d1e"",""replica"":""5a8db334-f6d0-4ba9-a018-aa1be977e5fd""}",2026-02-15T09:41:13.087794369Z
"HTTP 200 response started for ['100.64.0.4', 14960]","{""level"":""error""}","{""project"":""70a52d41-885a-4854-b650-392635199b54"",""environment"":""67be7a60-8b6c-4987-8690-dbef25befe73"",""service"":""0f0f8a2f-9703-4f78-a3ed-8fcc57a55f5a"",""deployment"":""7bae97c9-ccbe-49fe-a672-c3ea4a2a6d1e"",""replica"":""5a8db334-f6d0-4ba9-a018-aa1be977e5fd""}",2026-02-15T09:41:14.189326924Z
"HTTP close for ['100.64.0.4', 14960]","{""level"":""error""}","{""project"":""70a52d41-885a-4854-b650-392635199b54"",""environment"":""67be7a60-8b6c-4987-8690-dbef25befe73"",""service"":""0f0f8a2f-9703-4f78-a3ed-8fcc57a55f5a"",""deployment"":""7bae97c9-ccbe-49fe-a672-c3ea4a2a6d1e"",""replica"":""5a8db334-f6d0-4ba9-a018-aa1be977e5fd""}",2026-02-15T09:41:14.189335014Z
"""100.64.0.4"" - - [15/Feb/2026:09:41:13 +0000] ""GET /api/community/rooms/search/?q=test HTTP/1.1"" 200 1878 ""-"" ""python-requests/2.32.5""","{""level"":""error""}","{""project"":""70a52d41-885a-4854-b650-392635199b54"",""environment"":""67be7a60-8b6c-4987-8690-dbef25befe73"",""service"":""0f0f8a2f-9703-4f78-a3ed-8fcc57a55f5a"",""deployment"":""7bae97c9-ccbe-49fe-a672-c3ea4a2a6d1e"",""replica"":""5a8db334-f6d0-4ba9-a018-aa1be977e5fd""}",2026-02-15T09:41:14.189340474Z
"HTTP response complete for ['100.64.0.4', 14960]","{""level"":""error""}","{""project"":""70a52d41-885a-4854-b650-392635199b54"",""environment"":""67be7a60-8b6c-4987-8690-dbef25befe73"",""service"":""0f0f8a2f-9703-4f78-a3ed-8fcc57a55f5a"",""deployment"":""7bae97c9-ccbe-49fe-a672-c3ea4a2a6d1e"",""replica"":""5a8db334-f6d0-4ba9-a018-aa1be977e5fd""}",2026-02-15T09:41:14.189345454Z
"100.64.0.4:14960 - - [15/Feb/2026:09:41:14] ""GET /api/community/rooms/search/?q=test"" 200 1878","{""level"":""info""}","{""project"":""70a52d41-885a-4854-b650-392635199b54"",""environment"":""67be7a60-8b6c-4987-8690-dbef25befe73"",""service"":""0f0f8a2f-9703-4f78-a3ed-8fcc57a55f5a"",""deployment"":""7bae97c9-ccbe-49fe-a672-c3ea4a2a6d1e"",""replica"":""5a8db334-f6d0-4ba9-a018-aa1be977e5fd""}",2026-02-15T09:41:14.189351314Z
"HTTP b'GET' request for ['100.64.0.4', 14960]","{""level"":""error""}","{""project"":""70a52d41-885a-4854-b650-392635199b54"",""environment"":""67be7a60-8b6c-4987-8690-dbef25befe73"",""service"":""0f0f8a2f-9703-4f78-a3ed-8fcc57a55f5a"",""deployment"":""7bae97c9-ccbe-49fe-a672-c3ea4a2a6d1e"",""replica"":""5a8db334-f6d0-4ba9-a018-aa1be977e5fd""}",2026-02-15T09:41:15.187518815Z
"HTTP 200 response started for ['100.64.0.4', 14960]","{""level"":""error""}","{""project"":""70a52d41-885a-4854-b650-392635199b54"",""environment"":""67be7a60-8b6c-4987-8690-dbef25befe73"",""service"":""0f0f8a2f-9703-4f78-a3ed-8fcc57a55f5a"",""deployment"":""7bae97c9-ccbe-49fe-a672-c3ea4a2a6d1e"",""replica"":""5a8db334-f6d0-4ba9-a018-aa1be977e5fd""}",2026-02-15T09:41:15.776935453Z
"HTTP close for ['100.64.0.4', 14960]","{""level"":""error""}","{""project"":""70a52d41-885a-4854-b650-392635199b54"",""environment"":""67be7a60-8b6c-4987-8690-dbef25befe73"",""service"":""0f0f8a2f-9703-4f78-a3ed-8fcc57a55f5a"",""deployment"":""7bae97c9-ccbe-49fe-a672-c3ea4a2a6d1e"",""replica"":""5a8db334-f6d0-4ba9-a018-aa1be977e5fd""}",2026-02-15T09:41:15.776945203Z
"""100.64.0.4"" - - [15/Feb/2026:09:41:15 +0000] ""GET /api/community/rooms/search/?category=anxiety HTTP/1.1"" 200 22 ""-"" ""python-requests/2.32.5""","{""level"":""error""}","{""project"":""70a52d41-885a-4854-b650-392635199b54"",""environment"":""67be7a60-8b6c-4987-8690-dbef25befe73"",""service"":""0f0f8a2f-9703-4f78-a3ed-8fcc57a55f5a"",""deployment"":""7bae97c9-ccbe-49fe-a672-c3ea4a2a6d1e"",""replica"":""5a8db334-f6d0-4ba9-a018-aa1be977e5fd""}",2026-02-15T09:41:15.776951613Z
"HTTP response complete for ['100.64.0.4', 14960]","{""level"":""error""}","{""project"":""70a52d41-885a-4854-b650-392635199b54"",""environment"":""67be7a60-8b6c-4987-8690-dbef25befe73"",""service"":""0f0f8a2f-9703-4f78-a3ed-8fcc57a55f5a"",""deployment"":""7bae97c9-ccbe-49fe-a672-c3ea4a2a6d1e"",""replica"":""5a8db334-f6d0-4ba9-a018-aa1be977e5fd""}",2026-02-15T09:41:15.776958313Z
"100.64.0.4:14960 - - [15/Feb/2026:09:41:15] ""GET /api/community/rooms/search/?category=anxiety"" 200 22","{""level"":""info""}","{""project"":""70a52d41-885a-4854-b650-392635199b54"",""environment"":""67be7a60-8b6c-4987-8690-dbef25befe73"",""service"":""0f0f8a2f-9703-4f78-a3ed-8fcc57a55f5a"",""deployment"":""7bae97c9-ccbe-49fe-a672-c3ea4a2a6d1e"",""replica"":""5a8db334-f6d0-4ba9-a018-aa1be977e5fd""}",2026-02-15T09:41:15.776965933Z
"HTTP b'POST' request for ['100.64.0.4', 14960]","{""level"":""error""}","{""project"":""70a52d41-885a-4854-b650-392635199b54"",""environment"":""67be7a60-8b6c-4987-8690-dbef25befe73"",""service"":""0f0f8a2f-9703-4f78-a3ed-8fcc57a55f5a"",""deployment"":""7bae97c9-ccbe-49fe-a672-c3ea4a2a6d1e"",""replica"":""5a8db334-f6d0-4ba9-a018-aa1be977e5fd""}",2026-02-15T09:41:16.730511699Z
"HTTP b'POST' request for ['100.64.0.3', 29468]","{""level"":""error""}","{""project"":""70a52d41-885a-4854-b650-392635199b54"",""environment"":""67be7a60-8b6c-4987-8690-dbef25befe73"",""service"":""0f0f8a2f-9703-4f78-a3ed-8fcc57a55f5a"",""deployment"":""7bae97c9-ccbe-49fe-a672-c3ea4a2a6d1e"",""replica"":""5a8db334-f6d0-4ba9-a018-aa1be977e5fd""}",2026-02-15T09:41:16.732034559Z
"HTTP b'POST' request for ['100.64.0.6', 47546]","{""level"":""error""}","{""project"":""70a52d41-885a-4854-b650-392635199b54"",""environment"":""67be7a60-8b6c-4987-8690-dbef25befe73"",""service"":""0f0f8a2f-9703-4f78-a3ed-8fcc57a55f5a"",""deployment"":""7bae97c9-ccbe-49fe-a672-c3ea4a2a6d1e"",""replica"":""5a8db334-f6d0-4ba9-a018-aa1be977e5fd""}",2026-02-15T09:41:16.732041519Z
"HTTP b'POST' request for ['100.64.0.3', 29484]","{""level"":""error""}","{""project"":""70a52d41-885a-4854-b650-392635199b54"",""environment"":""67be7a60-8b6c-4987-8690-dbef25befe73"",""service"":""0f0f8a2f-9703-4f78-a3ed-8fcc57a55f5a"",""deployment"":""7bae97c9-ccbe-49fe-a672-c3ea4a2a6d1e"",""replica"":""5a8db334-f6d0-4ba9-a018-aa1be977e5fd""}",2026-02-15T09:41:16.732082889Z
"HTTP b'POST' request for ['100.64.0.7', 27950]","{""level"":""error""}","{""project"":""70a52d41-885a-4854-b650-392635199b54"",""environment"":""67be7a60-8b6c-4987-8690-dbef25befe73"",""service"":""0f0f8a2f-9703-4f78-a3ed-8fcc57a55f5a"",""deployment"":""7bae97c9-ccbe-49fe-a672-c3ea4a2a6d1e"",""replica"":""5a8db334-f6d0-4ba9-a018-aa1be977e5fd""}",2026-02-15T09:41:16.736852519Z
"HTTP b'POST' request for ['100.64.0.3', 29490]","{""level"":""error""}","{""project"":""70a52d41-885a-4854-b650-392635199b54"",""environment"":""67be7a60-8b6c-4987-8690-dbef25befe73"",""service"":""0f0f8a2f-9703-4f78-a3ed-8fcc57a55f5a"",""deployment"":""7bae97c9-ccbe-49fe-a672-c3ea4a2a6d1e"",""replica"":""5a8db334-f6d0-4ba9-a018-aa1be977e5fd""}",2026-02-15T09:41:16.737586088Z
"HTTP b'POST' request for ['100.64.0.3', 29498]","{""level"":""error""}","{""project"":""70a52d41-885a-4854-b650-392635199b54"",""environment"":""67be7a60-8b6c-4987-8690-dbef25befe73"",""service"":""0f0f8a2f-9703-4f78-a3ed-8fcc57a55f5a"",""deployment"":""7bae97c9-ccbe-49fe-a672-c3ea4a2a6d1e"",""replica"":""5a8db334-f6d0-4ba9-a018-aa1be977e5fd""}",2026-02-15T09:41:16.737592068Z
"HTTP b'POST' request for ['100.64.0.3', 29506]","{""level"":""error""}","{""project"":""70a52d41-885a-4854-b650-392635199b54"",""environment"":""67be7a60-8b6c-4987-8690-dbef25befe73"",""service"":""0f0f8a2f-9703-4f78-a3ed-8fcc57a55f5a"",""deployment"":""7bae97c9-ccbe-49fe-a672-c3ea4a2a6d1e"",""replica"":""5a8db334-f6d0-4ba9-a018-aa1be977e5fd""}",2026-02-15T09:41:16.738283238Z
"HTTP b'POST' request for ['100.64.0.3', 29508]","{""level"":""error""}","{""project"":""70a52d41-885a-4854-b650-392635199b54"",""environment"":""67be7a60-8b6c-4987-8690-dbef25befe73"",""service"":""0f0f8a2f-9703-4f78-a3ed-8fcc57a55f5a"",""deployment"":""7bae97c9-ccbe-49fe-a672-c3ea4a2a6d1e"",""replica"":""5a8db334-f6d0-4ba9-a018-aa1be977e5fd""}",2026-02-15T09:41:16.738288328Z
"HTTP 200 response started for ['100.64.0.6', 47546]","{""level"":""error""}","{""project"":""70a52d41-885a-4854-b650-392635199b54"",""environment"":""67be7a60-8b6c-4987-8690-dbef25befe73"",""service"":""0f0f8a2f-9703-4f78-a3ed-8fcc57a55f5a"",""deployment"":""7bae97c9-ccbe-49fe-a672-c3ea4a2a6d1e"",""replica"":""5a8db334-f6d0-4ba9-a018-aa1be977e5fd""}",2026-02-15T09:41:17.673277857Z
"HTTP close for ['100.64.0.6', 47546]","{""level"":""error""}","{""project"":""70a52d41-885a-4854-b650-392635199b54"",""environment"":""67be7a60-8b6c-4987-8690-dbef25befe73"",""service"":""0f0f8a2f-9703-4f78-a3ed-8fcc57a55f5a"",""deployment"":""7bae97c9-ccbe-49fe-a672-c3ea4a2a6d1e"",""replica"":""5a8db334-f6d0-4ba9-a018-aa1be977e5fd""}",2026-02-15T09:41:17.673284467Z
"""100.64.0.6"" - - [15/Feb/2026:09:41:17 +0000] ""POST /api/community/rooms/0fa7f15b-f5c9-45b9-a16b-d510b8e1c0be/join/ HTTP/1.1"" 200 692 ""-"" ""python-requests/2.32.5""","{""level"":""error""}","{""project"":""70a52d41-885a-4854-b650-392635199b54"",""environment"":""67be7a60-8b6c-4987-8690-dbef25befe73"",""service"":""0f0f8a2f-9703-4f78-a3ed-8fcc57a55f5a"",""deployment"":""7bae97c9-ccbe-49fe-a672-c3ea4a2a6d1e"",""replica"":""5a8db334-f6d0-4ba9-a018-aa1be977e5fd""}",2026-02-15T09:41:17.673289767Z
"HTTP response complete for ['100.64.0.6', 47546]","{""level"":""error""}","{""project"":""70a52d41-885a-4854-b650-392635199b54"",""environment"":""67be7a60-8b6c-4987-8690-dbef25befe73"",""service"":""0f0f8a2f-9703-4f78-a3ed-8fcc57a55f5a"",""deployment"":""7bae97c9-ccbe-49fe-a672-c3ea4a2a6d1e"",""replica"":""5a8db334-f6d0-4ba9-a018-aa1be977e5fd""}",2026-02-15T09:41:17.673294127Z
"100.64.0.6:47546 - - [15/Feb/2026:09:41:17] ""POST /api/community/rooms/0fa7f15b-f5c9-45b9-a16b-d510b8e1c0be/join/"" 200 692","{""level"":""info""}","{""project"":""70a52d41-885a-4854-b650-392635199b54"",""environment"":""67be7a60-8b6c-4987-8690-dbef25befe73"",""service"":""0f0f8a2f-9703-4f78-a3ed-8fcc57a55f5a"",""deployment"":""7bae97c9-ccbe-49fe-a672-c3ea4a2a6d1e"",""replica"":""5a8db334-f6d0-4ba9-a018-aa1be977e5fd""}",2026-02-15T09:41:17.673298827Z
"HTTP 200 response started for ['100.64.0.3', 29468]","{""level"":""error""}","{""project"":""70a52d41-885a-4854-b650-392635199b54"",""environment"":""67be7a60-8b6c-4987-8690-dbef25befe73"",""service"":""0f0f8a2f-9703-4f78-a3ed-8fcc57a55f5a"",""deployment"":""7bae97c9-ccbe-49fe-a672-c3ea4a2a6d1e"",""replica"":""5a8db334-f6d0-4ba9-a018-aa1be977e5fd""}",2026-02-15T09:41:17.677926117Z
"HTTP close for ['100.64.0.3', 29468]","{""level"":""error""}","{""project"":""70a52d41-885a-4854-b650-392635199b54"",""environment"":""67be7a60-8b6c-4987-8690-dbef25befe73"",""service"":""0f0f8a2f-9703-4f78-a3ed-8fcc57a55f5a"",""deployment"":""7bae97c9-ccbe-49fe-a672-c3ea4a2a6d1e"",""replica"":""5a8db334-f6d0-4ba9-a018-aa1be977e5fd""}",2026-02-15T09:41:17.677931977Z
"""100.64.0.3"" - - [15/Feb/2026:09:41:17 +0000] ""POST /api/community/rooms/0fa7f15b-f5c9-45b9-a16b-d510b8e1c0be/join/ HTTP/1.1"" 200 688 ""-"" ""python-requests/2.32.5""","{""level"":""error""}","{""project"":""70a52d41-885a-4854-b650-392635199b54"",""environment"":""67be7a60-8b6c-4987-8690-dbef25befe73"",""service"":""0f0f8a2f-9703-4f78-a3ed-8fcc57a55f5a"",""deployment"":""7bae97c9-ccbe-49fe-a672-c3ea4a2a6d1e"",""replica"":""5a8db334-f6d0-4ba9-a018-aa1be977e5fd""}",2026-02-15T09:41:17.677936277Z
"HTTP response complete for ['100.64.0.3', 29468]","{""level"":""error""}","{""project"":""70a52d41-885a-4854-b650-392635199b54"",""environment"":""67be7a60-8b6c-4987-8690-dbef25befe73"",""service"":""0f0f8a2f-9703-4f78-a3ed-8fcc57a55f5a"",""deployment"":""7bae97c9-ccbe-49fe-a672-c3ea4a2a6d1e"",""replica"":""5a8db334-f6d0-4ba9-a018-aa1be977e5fd""}",2026-02-15T09:41:17.677940297Z
"100.64.0.3:29468 - - [15/Feb/2026:09:41:17] ""POST /api/community/rooms/0fa7f15b-f5c9-45b9-a16b-d510b8e1c0be/join/"" 200 688","{""level"":""info""}","{""project"":""70a52d41-885a-4854-b650-392635199b54"",""environment"":""67be7a60-8b6c-4987-8690-dbef25befe73"",""service"":""0f0f8a2f-9703-4f78-a3ed-8fcc57a55f5a"",""deployment"":""7bae97c9-ccbe-49fe-a672-c3ea4a2a6d1e"",""replica"":""5a8db334-f6d0-4ba9-a018-aa1be977e5fd""}",2026-02-15T09:41:17.677945087Z
"HTTP 200 response started for ['100.64.0.3', 29484]","{""level"":""error""}","{""project"":""70a52d41-885a-4854-b650-392635199b54"",""environment"":""67be7a60-8b6c-4987-8690-dbef25befe73"",""service"":""0f0f8a2f-9703-4f78-a3ed-8fcc57a55f5a"",""deployment"":""7bae97c9-ccbe-49fe-a672-c3ea4a2a6d1e"",""replica"":""5a8db334-f6d0-4ba9-a018-aa1be977e5fd""}",2026-02-15T09:41:17.689046155Z
"HTTP close for ['100.64.0.3', 29484]","{""level"":""error""}","{""project"":""70a52d41-885a-4854-b650-392635199b54"",""environment"":""67be7a60-8b6c-4987-8690-dbef25befe73"",""service"":""0f0f8a2f-9703-4f78-a3ed-8fcc57a55f5a"",""deployment"":""7bae97c9-ccbe-49fe-a672-c3ea4a2a6d1e"",""replica"":""5a8db334-f6d0-4ba9-a018-aa1be977e5fd""}",2026-02-15T09:41:17.689057605Z
"""100.64.0.3"" - - [15/Feb/2026:09:41:17 +0000] ""POST /api/community/rooms/0fa7f15b-f5c9-45b9-a16b-d510b8e1c0be/join/ HTTP/1.1"" 200 692 ""-"" ""python-requests/2.32.5""","{""level"":""error""}","{""project"":""70a52d41-885a-4854-b650-392635199b54"",""environment"":""67be7a60-8b6c-4987-8690-dbef25befe73"",""service"":""0f0f8a2f-9703-4f78-a3ed-8fcc57a55f5a"",""deployment"":""7bae97c9-ccbe-49fe-a672-c3ea4a2a6d1e"",""replica"":""5a8db334-f6d0-4ba9-a018-aa1be977e5fd""}",2026-02-15T09:41:17.689066055Z
"HTTP response complete for ['100.64.0.3', 29484]","{""level"":""error""}","{""project"":""70a52d41-885a-4854-b650-392635199b54"",""environment"":""67be7a60-8b6c-4987-8690-dbef25befe73"",""service"":""0f0f8a2f-9703-4f78-a3ed-8fcc57a55f5a"",""deployment"":""7bae97c9-ccbe-49fe-a672-c3ea4a2a6d1e"",""replica"":""5a8db334-f6d0-4ba9-a018-aa1be977e5fd""}",2026-02-15T09:41:17.689074145Z
"100.64.0.3:29484 - - [15/Feb/2026:09:41:17] ""POST /api/community/rooms/0fa7f15b-f5c9-45b9-a16b-d510b8e1c0be/join/"" 200 692","{""level"":""info""}","{""project"":""70a52d41-885a-4854-b650-392635199b54"",""environment"":""67be7a60-8b6c-4987-8690-dbef25befe73"",""service"":""0f0f8a2f-9703-4f78-a3ed-8fcc57a55f5a"",""deployment"":""7bae97c9-ccbe-49fe-a672-c3ea4a2a6d1e"",""replica"":""5a8db334-f6d0-4ba9-a018-aa1be977e5fd""}",2026-02-15T09:41:17.689081935Z
"HTTP 200 response started for ['100.64.0.7', 27950]","{""level"":""error""}","{""project"":""70a52d41-885a-4854-b650-392635199b54"",""environment"":""67be7a60-8b6c-4987-8690-dbef25befe73"",""service"":""0f0f8a2f-9703-4f78-a3ed-8fcc57a55f5a"",""deployment"":""7bae97c9-ccbe-49fe-a672-c3ea4a2a6d1e"",""replica"":""5a8db334-f6d0-4ba9-a018-aa1be977e5fd""}",2026-02-15T09:41:17.704894113Z
"HTTP close for ['100.64.0.7', 27950]","{""level"":""error""}","{""project"":""70a52d41-885a-4854-b650-392635199b54"",""environment"":""67be7a60-8b6c-4987-8690-dbef25befe73"",""service"":""0f0f8a2f-9703-4f78-a3ed-8fcc57a55f5a"",""deployment"":""7bae97c9-ccbe-49fe-a672-c3ea4a2a6d1e"",""replica"":""5a8db334-f6d0-4ba9-a018-aa1be977e5fd""}",2026-02-15T09:41:17.704900963Z
"""100.64.0.7"" - - [15/Feb/2026:09:41:17 +0000] ""POST /api/community/rooms/0fa7f15b-f5c9-45b9-a16b-d510b8e1c0be/join/ HTTP/1.1"" 200 692 ""-"" ""python-requests/2.32.5""","{""level"":""error""}","{""project"":""70a52d41-885a-4854-b650-392635199b54"",""environment"":""67be7a60-8b6c-4987-8690-dbef25befe73"",""service"":""0f0f8a2f-9703-4f78-a3ed-8fcc57a55f5a"",""deployment"":""7bae97c9-ccbe-49fe-a672-c3ea4a2a6d1e"",""replica"":""5a8db334-f6d0-4ba9-a018-aa1be977e5fd""}",2026-02-15T09:41:17.704905303Z
"HTTP response complete for ['100.64.0.7', 27950]","{""level"":""error""}","{""project"":""70a52d41-885a-4854-b650-392635199b54"",""environment"":""67be7a60-8b6c-4987-8690-dbef25befe73"",""service"":""0f0f8a2f-9703-4f78-a3ed-8fcc57a55f5a"",""deployment"":""7bae97c9-ccbe-49fe-a672-c3ea4a2a6d1e"",""replica"":""5a8db334-f6d0-4ba9-a018-aa1be977e5fd""}",2026-02-15T09:41:17.704909103Z
"100.64.0.7:27950 - - [15/Feb/2026:09:41:17] ""POST /api/community/rooms/0fa7f15b-f5c9-45b9-a16b-d510b8e1c0be/join/"" 200 692","{""level"":""info""}","{""project"":""70a52d41-885a-4854-b650-392635199b54"",""environment"":""67be7a60-8b6c-4987-8690-dbef25befe73"",""service"":""0f0f8a2f-9703-4f78-a3ed-8fcc57a55f5a"",""deployment"":""7bae97c9-ccbe-49fe-a672-c3ea4a2a6d1e"",""replica"":""5a8db334-f6d0-4ba9-a018-aa1be977e5fd""}",2026-02-15T09:41:17.704913133Z
"HTTP 200 response started for ['100.64.0.4', 14960]","{""level"":""error""}","{""project"":""70a52d41-885a-4854-b650-392635199b54"",""environment"":""67be7a60-8b6c-4987-8690-dbef25befe73"",""service"":""0f0f8a2f-9703-4f78-a3ed-8fcc57a55f5a"",""deployment"":""7bae97c9-ccbe-49fe-a672-c3ea4a2a6d1e"",""replica"":""5a8db334-f6d0-4ba9-a018-aa1be977e5fd""}",2026-02-15T09:41:17.708806292Z
"HTTP close for ['100.64.0.4', 14960]","{""level"":""error""}","{""project"":""70a52d41-885a-4854-b650-392635199b54"",""environment"":""67be7a60-8b6c-4987-8690-dbef25befe73"",""service"":""0f0f8a2f-9703-4f78-a3ed-8fcc57a55f5a"",""deployment"":""7bae97c9-ccbe-49fe-a672-c3ea4a2a6d1e"",""replica"":""5a8db334-f6d0-4ba9-a018-aa1be977e5fd""}",2026-02-15T09:41:17.708811952Z
"""100.64.0.4"" - - [15/Feb/2026:09:41:17 +0000] ""POST /api/community/rooms/0fa7f15b-f5c9-45b9-a16b-d510b8e1c0be/join/ HTTP/1.1"" 200 692 ""-"" ""python-requests/2.32.5""","{""level"":""error""}","{""project"":""70a52d41-885a-4854-b650-392635199b54"",""environment"":""67be7a60-8b6c-4987-8690-dbef25befe73"",""service"":""0f0f8a2f-9703-4f78-a3ed-8fcc57a55f5a"",""deployment"":""7bae97c9-ccbe-49fe-a672-c3ea4a2a6d1e"",""replica"":""5a8db334-f6d0-4ba9-a018-aa1be977e5fd""}",2026-02-15T09:41:17.708816412Z
"HTTP response complete for ['100.64.0.4', 14960]","{""level"":""error""}","{""project"":""70a52d41-885a-4854-b650-392635199b54"",""environment"":""67be7a60-8b6c-4987-8690-dbef25befe73"",""service"":""0f0f8a2f-9703-4f78-a3ed-8fcc57a55f5a"",""deployment"":""7bae97c9-ccbe-49fe-a672-c3ea4a2a6d1e"",""replica"":""5a8db334-f6d0-4ba9-a018-aa1be977e5fd""}",2026-02-15T09:41:17.708820032Z
"100.64.0.4:14960 - - [15/Feb/2026:09:41:17] ""POST /api/community/rooms/0fa7f15b-f5c9-45b9-a16b-d510b8e1c0be/join/"" 200 692","{""level"":""info""}","{""project"":""70a52d41-885a-4854-b650-392635199b54"",""environment"":""67be7a60-8b6c-4987-8690-dbef25befe73"",""service"":""0f0f8a2f-9703-4f78-a3ed-8fcc57a55f5a"",""deployment"":""7bae97c9-ccbe-49fe-a672-c3ea4a2a6d1e"",""replica"":""5a8db334-f6d0-4ba9-a018-aa1be977e5fd""}",2026-02-15T09:41:17.708823542Z
"HTTP 200 response started for ['100.64.0.3', 29498]","{""level"":""error""}","{""project"":""70a52d41-885a-4854-b650-392635199b54"",""environment"":""67be7a60-8b6c-4987-8690-dbef25befe73"",""service"":""0f0f8a2f-9703-4f78-a3ed-8fcc57a55f5a"",""deployment"":""7bae97c9-ccbe-49fe-a672-c3ea4a2a6d1e"",""replica"":""5a8db334-f6d0-4ba9-a018-aa1be977e5fd""}",2026-02-15T09:41:17.713909372Z
"HTTP close for ['100.64.0.3', 29498]","{""level"":""error""}","{""project"":""70a52d41-885a-4854-b650-392635199b54"",""environment"":""67be7a60-8b6c-4987-8690-dbef25befe73"",""service"":""0f0f8a2f-9703-4f78-a3ed-8fcc57a55f5a"",""deployment"":""7bae97c9-ccbe-49fe-a672-c3ea4a2a6d1e"",""replica"":""5a8db334-f6d0-4ba9-a018-aa1be977e5fd""}",2026-02-15T09:41:17.713915412Z
"""100.64.0.3"" - - [15/Feb/2026:09:41:17 +0000] ""POST /api/community/rooms/0fa7f15b-f5c9-45b9-a16b-d510b8e1c0be/join/ HTTP/1.1"" 200 690 ""-"" ""python-requests/2.32.5""","{""level"":""error""}","{""project"":""70a52d41-885a-4854-b650-392635199b54"",""environment"":""67be7a60-8b6c-4987-8690-dbef25befe73"",""service"":""0f0f8a2f-9703-4f78-a3ed-8fcc57a55f5a"",""deployment"":""7bae97c9-ccbe-49fe-a672-c3ea4a2a6d1e"",""replica"":""5a8db334-f6d0-4ba9-a018-aa1be977e5fd""}",2026-02-15T09:41:17.713919852Z
"HTTP response complete for ['100.64.0.3', 29498]","{""level"":""error""}","{""project"":""70a52d41-885a-4854-b650-392635199b54"",""environment"":""67be7a60-8b6c-4987-8690-dbef25befe73"",""service"":""0f0f8a2f-9703-4f78-a3ed-8fcc57a55f5a"",""deployment"":""7bae97c9-ccbe-49fe-a672-c3ea4a2a6d1e"",""replica"":""5a8db334-f6d0-4ba9-a018-aa1be977e5fd""}",2026-02-15T09:41:17.713924412Z
"100.64.0.3:29498 - - [15/Feb/2026:09:41:17] ""POST /api/community/rooms/0fa7f15b-f5c9-45b9-a16b-d510b8e1c0be/join/"" 200 690","{""level"":""info""}","{""project"":""70a52d41-885a-4854-b650-392635199b54"",""environment"":""67be7a60-8b6c-4987-8690-dbef25befe73"",""service"":""0f0f8a2f-9703-4f78-a3ed-8fcc57a55f5a"",""deployment"":""7bae97c9-ccbe-49fe-a672-c3ea4a2a6d1e"",""replica"":""5a8db334-f6d0-4ba9-a018-aa1be977e5fd""}",2026-02-15T09:41:17.713928962Z
"HTTP 200 response started for ['100.64.0.3', 29506]","{""level"":""error""}","{""project"":""70a52d41-885a-4854-b650-392635199b54"",""environment"":""67be7a60-8b6c-4987-8690-dbef25befe73"",""service"":""0f0f8a2f-9703-4f78-a3ed-8fcc57a55f5a"",""deployment"":""7bae97c9-ccbe-49fe-a672-c3ea4a2a6d1e"",""replica"":""5a8db334-f6d0-4ba9-a018-aa1be977e5fd""}",2026-02-15T09:41:17.713933842Z
"HTTP close for ['100.64.0.3', 29506]","{""level"":""error""}","{""project"":""70a52d41-885a-4854-b650-392635199b54"",""environment"":""67be7a60-8b6c-4987-8690-dbef25befe73"",""service"":""0f0f8a2f-9703-4f78-a3ed-8fcc57a55f5a"",""deployment"":""7bae97c9-ccbe-49fe-a672-c3ea4a2a6d1e"",""replica"":""5a8db334-f6d0-4ba9-a018-aa1be977e5fd""}",2026-02-15T09:41:17.713938242Z
"""100.64.0.3"" - - [15/Feb/2026:09:41:17 +0000] ""POST /api/community/rooms/0fa7f15b-f5c9-45b9-a16b-d510b8e1c0be/join/ HTTP/1.1"" 200 692 ""-"" ""python-requests/2.32.5""","{""level"":""error""}","{""project"":""70a52d41-885a-4854-b650-392635199b54"",""environment"":""67be7a60-8b6c-4987-8690-dbef25befe73"",""service"":""0f0f8a2f-9703-4f78-a3ed-8fcc57a55f5a"",""deployment"":""7bae97c9-ccbe-49fe-a672-c3ea4a2a6d1e"",""replica"":""5a8db334-f6d0-4ba9-a018-aa1be977e5fd""}",2026-02-15T09:41:17.714701762Z
"HTTP response complete for ['100.64.0.3', 29506]","{""level"":""error""}","{""project"":""70a52d41-885a-4854-b650-392635199b54"",""environment"":""67be7a60-8b6c-4987-8690-dbef25befe73"",""service"":""0f0f8a2f-9703-4f78-a3ed-8fcc57a55f5a"",""deployment"":""7bae97c9-ccbe-49fe-a672-c3ea4a2a6d1e"",""replica"":""5a8db334-f6d0-4ba9-a018-aa1be977e5fd""}",2026-02-15T09:41:17.714709252Z
"100.64.0.3:29506 - - [15/Feb/2026:09:41:17] ""POST /api/community/rooms/0fa7f15b-f5c9-45b9-a16b-d510b8e1c0be/join/"" 200 692","{""level"":""info""}","{""project"":""70a52d41-885a-4854-b650-392635199b54"",""environment"":""67be7a60-8b6c-4987-8690-dbef25befe73"",""service"":""0f0f8a2f-9703-4f78-a3ed-8fcc57a55f5a"",""deployment"":""7bae97c9-ccbe-49fe-a672-c3ea4a2a6d1e"",""replica"":""5a8db334-f6d0-4ba9-a018-aa1be977e5fd""}",2026-02-15T09:41:17.714716362Z
"HTTP 200 response started for ['100.64.0.3', 29508]","{""level"":""error""}","{""project"":""70a52d41-885a-4854-b650-392635199b54"",""environment"":""67be7a60-8b6c-4987-8690-dbef25befe73"",""service"":""0f0f8a2f-9703-4f78-a3ed-8fcc57a55f5a"",""deployment"":""7bae97c9-ccbe-49fe-a672-c3ea4a2a6d1e"",""replica"":""5a8db334-f6d0-4ba9-a018-aa1be977e5fd""}",2026-02-15T09:41:17.750704106Z
"HTTP close for ['100.64.0.3', 29508]","{""level"":""error""}","{""project"":""70a52d41-885a-4854-b650-392635199b54"",""environment"":""67be7a60-8b6c-4987-8690-dbef25befe73"",""service"":""0f0f8a2f-9703-4f78-a3ed-8fcc57a55f5a"",""deployment"":""7bae97c9-ccbe-49fe-a672-c3ea4a2a6d1e"",""replica"":""5a8db334-f6d0-4ba9-a018-aa1be977e5fd""}",2026-02-15T09:41:17.750710066Z
"""100.64.0.3"" - - [15/Feb/2026:09:41:17 +0000] ""POST /api/community/rooms/0fa7f15b-f5c9-45b9-a16b-d510b8e1c0be/join/ HTTP/1.1"" 200 692 ""-"" ""python-requests/2.32.5""","{""level"":""error""}","{""project"":""70a52d41-885a-4854-b650-392635199b54"",""environment"":""67be7a60-8b6c-4987-8690-dbef25befe73"",""service"":""0f0f8a2f-9703-4f78-a3ed-8fcc57a55f5a"",""deployment"":""7bae97c9-ccbe-49fe-a672-c3ea4a2a6d1e"",""replica"":""5a8db334-f6d0-4ba9-a018-aa1be977e5fd""}",2026-02-15T09:41:17.750714646Z
"HTTP response complete for ['100.64.0.3', 29508]","{""level"":""error""}","{""project"":""70a52d41-885a-4854-b650-392635199b54"",""environment"":""67be7a60-8b6c-4987-8690-dbef25befe73"",""service"":""0f0f8a2f-9703-4f78-a3ed-8fcc57a55f5a"",""deployment"":""7bae97c9-ccbe-49fe-a672-c3ea4a2a6d1e"",""replica"":""5a8db334-f6d0-4ba9-a018-aa1be977e5fd""}",2026-02-15T09:41:17.750718277Z
"100.64.0.3:29508 - - [15/Feb/2026:09:41:17] ""POST /api/community/rooms/0fa7f15b-f5c9-45b9-a16b-d510b8e1c0be/join/"" 200 692","{""level"":""info""}","{""project"":""70a52d41-885a-4854-b650-392635199b54"",""environment"":""67be7a60-8b6c-4987-8690-dbef25befe73"",""service"":""0f0f8a2f-9703-4f78-a3ed-8fcc57a55f5a"",""deployment"":""7bae97c9-ccbe-49fe-a672-c3ea4a2a6d1e"",""replica"":""5a8db334-f6d0-4ba9-a018-aa1be977e5fd""}",2026-02-15T09:41:17.750721846Z
"HTTP 200 response started for ['100.64.0.3', 29490]","{""level"":""error""}","{""project"":""70a52d41-885a-4854-b650-392635199b54"",""environment"":""67be7a60-8b6c-4987-8690-dbef25befe73"",""service"":""0f0f8a2f-9703-4f78-a3ed-8fcc57a55f5a"",""deployment"":""7bae97c9-ccbe-49fe-a672-c3ea4a2a6d1e"",""replica"":""5a8db334-f6d0-4ba9-a018-aa1be977e5fd""}",2026-02-15T09:41:17.776900983Z
"HTTP close for ['100.64.0.3', 29490]","{""level"":""error""}","{""project"":""70a52d41-885a-4854-b650-392635199b54"",""environment"":""67be7a60-8b6c-4987-8690-dbef25befe73"",""service"":""0f0f8a2f-9703-4f78-a3ed-8fcc57a55f5a"",""deployment"":""7bae97c9-ccbe-49fe-a672-c3ea4a2a6d1e"",""replica"":""5a8db334-f6d0-4ba9-a018-aa1be977e5fd""}",2026-02-15T09:41:17.776907783Z
"""100.64.0.3"" - - [15/Feb/2026:09:41:17 +0000] ""POST /api/community/rooms/0fa7f15b-f5c9-45b9-a16b-d510b8e1c0be/join/ HTTP/1.1"" 200 697 ""-"" ""python-requests/2.32.5""","{""level"":""error""}","{""project"":""70a52d41-885a-4854-b650-392635199b54"",""environment"":""67be7a60-8b6c-4987-8690-dbef25befe73"",""service"":""0f0f8a2f-9703-4f78-a3ed-8fcc57a55f5a"",""deployment"":""7bae97c9-ccbe-49fe-a672-c3ea4a2a6d1e"",""replica"":""5a8db334-f6d0-4ba9-a018-aa1be977e5fd""}",2026-02-15T09:41:17.776912403Z
"HTTP response complete for ['100.64.0.3', 29490]","{""level"":""error""}","{""project"":""70a52d41-885a-4854-b650-392635199b54"",""environment"":""67be7a60-8b6c-4987-8690-dbef25befe73"",""service"":""0f0f8a2f-9703-4f78-a3ed-8fcc57a55f5a"",""deployment"":""7bae97c9-ccbe-49fe-a672-c3ea4a2a6d1e"",""replica"":""5a8db334-f6d0-4ba9-a018-aa1be977e5fd""}",2026-02-15T09:41:17.776916833Z
"100.64.0.3:29490 - - [15/Feb/2026:09:41:17] ""POST /api/community/rooms/0fa7f15b-f5c9-45b9-a16b-d510b8e1c0be/join/"" 200 697","{""level"":""info""}","{""project"":""70a52d41-885a-4854-b650-392635199b54"",""environment"":""67be7a60-8b6c-4987-8690-dbef25befe73"",""service"":""0f0f8a2f-9703-4f78-a3ed-8fcc57a55f5a"",""deployment"":""7bae97c9-ccbe-49fe-a672-c3ea4a2a6d1e"",""replica"":""5a8db334-f6d0-4ba9-a018-aa1be977e5fd""}",2026-02-15T09:41:17.776921463Z
"HTTP b'GET' request for ['100.64.0.5', 56102]","{""level"":""error""}","{""project"":""70a52d41-885a-4854-b650-392635199b54"",""environment"":""67be7a60-8b6c-4987-8690-dbef25befe73"",""service"":""0f0f8a2f-9703-4f78-a3ed-8fcc57a55f5a"",""deployment"":""7bae97c9-ccbe-49fe-a672-c3ea4a2a6d1e"",""replica"":""5a8db334-f6d0-4ba9-a018-aa1be977e5fd""}",2026-02-15T09:41:18.739173048Z
"HTTP 200 response started for ['100.64.0.5', 56102]","{""level"":""error""}","{""project"":""70a52d41-885a-4854-b650-392635199b54"",""environment"":""67be7a60-8b6c-4987-8690-dbef25befe73"",""service"":""0f0f8a2f-9703-4f78-a3ed-8fcc57a55f5a"",""deployment"":""7bae97c9-ccbe-49fe-a672-c3ea4a2a6d1e"",""replica"":""5a8db334-f6d0-4ba9-a018-aa1be977e5fd""}",2026-02-15T09:41:19.605717247Z
"HTTP close for ['100.64.0.5', 56102]","{""level"":""error""}","{""project"":""70a52d41-885a-4854-b650-392635199b54"",""environment"":""67be7a60-8b6c-4987-8690-dbef25befe73"",""service"":""0f0f8a2f-9703-4f78-a3ed-8fcc57a55f5a"",""deployment"":""7bae97c9-ccbe-49fe-a672-c3ea4a2a6d1e"",""replica"":""5a8db334-f6d0-4ba9-a018-aa1be977e5fd""}",2026-02-15T09:41:19.605726977Z
"""100.64.0.5"" - - [15/Feb/2026:09:41:19 +0000] ""GET /api/community/rooms/0fa7f15b-f5c9-45b9-a16b-d510b8e1c0be/ HTTP/1.1"" 200 614 ""-"" ""python-requests/2.32.5""","{""level"":""error""}","{""project"":""70a52d41-885a-4854-b650-392635199b54"",""environment"":""67be7a60-8b6c-4987-8690-dbef25befe73"",""service"":""0f0f8a2f-9703-4f78-a3ed-8fcc57a55f5a"",""deployment"":""7bae97c9-ccbe-49fe-a672-c3ea4a2a6d1e"",""replica"":""5a8db334-f6d0-4ba9-a018-aa1be977e5fd""}",2026-02-15T09:41:19.605735677Z
"HTTP response complete for ['100.64.0.5', 56102]","{""level"":""error""}","{""project"":""70a52d41-885a-4854-b650-392635199b54"",""environment"":""67be7a60-8b6c-4987-8690-dbef25befe73"",""service"":""0f0f8a2f-9703-4f78-a3ed-8fcc57a55f5a"",""deployment"":""7bae97c9-ccbe-49fe-a672-c3ea4a2a6d1e"",""replica"":""5a8db334-f6d0-4ba9-a018-aa1be977e5fd""}",2026-02-15T09:41:19.605743947Z
"100.64.0.5:56102 - - [15/Feb/2026:09:41:19] ""GET /api/community/rooms/0fa7f15b-f5c9-45b9-a16b-d510b8e1c0be/"" 200 614","{""level"":""info""}","{""project"":""70a52d41-885a-4854-b650-392635199b54"",""environment"":""67be7a60-8b6c-4987-8690-dbef25befe73"",""service"":""0f0f8a2f-9703-4f78-a3ed-8fcc57a55f5a"",""deployment"":""7bae97c9-ccbe-49fe-a672-c3ea4a2a6d1e"",""replica"":""5a8db334-f6d0-4ba9-a018-aa1be977e5fd""}",2026-02-15T09:41:19.605751837Z
"HTTP b'GET' request for ['100.64.0.7', 27950]","{""level"":""error""}","{""project"":""70a52d41-885a-4854-b650-392635199b54"",""environment"":""67be7a60-8b6c-4987-8690-dbef25befe73"",""service"":""0f0f8a2f-9703-4f78-a3ed-8fcc57a55f5a"",""deployment"":""7bae97c9-ccbe-49fe-a672-c3ea4a2a6d1e"",""replica"":""5a8db334-f6d0-4ba9-a018-aa1be977e5fd""}",2026-02-15T09:41:20.446100809Z
Internal Server Error: /api/community/rooms/,"{""level"":""error""}","{""project"":""70a52d41-885a-4854-b650-392635199b54"",""environment"":""67be7a60-8b6c-4987-8690-dbef25befe73"",""service"":""0f0f8a2f-9703-4f78-a3ed-8fcc57a55f5a"",""deployment"":""7bae97c9-ccbe-49fe-a672-c3ea4a2a6d1e"",""replica"":""5a8db334-f6d0-4ba9-a018-aa1be977e5fd""}",2026-02-15T09:41:20.882200108Z
Traceback (most recent call last):,"{""level"":""error""}","{""project"":""70a52d41-885a-4854-b650-392635199b54"",""environment"":""67be7a60-8b6c-4987-8690-dbef25befe73"",""service"":""0f0f8a2f-9703-4f78-a3ed-8fcc57a55f5a"",""deployment"":""7bae97c9-ccbe-49fe-a672-c3ea4a2a6d1e"",""replica"":""5a8db334-f6d0-4ba9-a018-aa1be977e5fd""}",2026-02-15T09:41:20.882207468Z
"  File ""/usr/local/lib/python3.11/site-packages/django/db/backends/base/base.py"", line 279, in ensure_connection","{""level"":""error""}","{""project"":""70a52d41-885a-4854-b650-392635199b54"",""environment"":""67be7a60-8b6c-4987-8690-dbef25befe73"",""service"":""0f0f8a2f-9703-4f78-a3ed-8fcc57a55f5a"",""deployment"":""7bae97c9-ccbe-49fe-a672-c3ea4a2a6d1e"",""replica"":""5a8db334-f6d0-4ba9-a018-aa1be977e5fd""}",2026-02-15T09:41:20.882212328Z
    self.connect(),"{""level"":""error""}","{""project"":""70a52d41-885a-4854-b650-392635199b54"",""environment"":""67be7a60-8b6c-4987-8690-dbef25befe73"",""service"":""0f0f8a2f-9703-4f78-a3ed-8fcc57a55f5a"",""deployment"":""7bae97c9-ccbe-49fe-a672-c3ea4a2a6d1e"",""replica"":""5a8db334-f6d0-4ba9-a018-aa1be977e5fd""}",2026-02-15T09:41:20.882216338Z
"  File ""/usr/local/lib/python3.11/site-packages/django/utils/asyncio.py"", line 26, in inner","{""level"":""error""}","{""project"":""70a52d41-885a-4854-b650-392635199b54"",""environment"":""67be7a60-8b6c-4987-8690-dbef25befe73"",""service"":""0f0f8a2f-9703-4f78-a3ed-8fcc57a55f5a"",""deployment"":""7bae97c9-ccbe-49fe-a672-c3ea4a2a6d1e"",""replica"":""5a8db334-f6d0-4ba9-a018-aa1be977e5fd""}",2026-02-15T09:41:20.882220188Z
"    return func(*args, **kwargs)","{""level"":""error""}","{""project"":""70a52d41-885a-4854-b650-392635199b54"",""environment"":""67be7a60-8b6c-4987-8690-dbef25befe73"",""service"":""0f0f8a2f-9703-4f78-a3ed-8fcc57a55f5a"",""deployment"":""7bae97c9-ccbe-49fe-a672-c3ea4a2a6d1e"",""replica"":""5a8db334-f6d0-4ba9-a018-aa1be977e5fd""}",2026-02-15T09:41:20.882224298Z
           ^^^^^^^^^^^^^^^^^^^^^,"{""level"":""error""}","{""project"":""70a52d41-885a-4854-b650-392635199b54"",""environment"":""67be7a60-8b6c-4987-8690-dbef25befe73"",""service"":""0f0f8a2f-9703-4f78-a3ed-8fcc57a55f5a"",""deployment"":""7bae97c9-ccbe-49fe-a672-c3ea4a2a6d1e"",""replica"":""5a8db334-f6d0-4ba9-a018-aa1be977e5fd""}",2026-02-15T09:41:20.882228358Z
"  File ""/usr/local/lib/python3.11/site-packages/django/db/backends/base/base.py"", line 256, in connect","{""level"":""error""}","{""project"":""70a52d41-885a-4854-b650-392635199b54"",""environment"":""67be7a60-8b6c-4987-8690-dbef25befe73"",""service"":""0f0f8a2f-9703-4f78-a3ed-8fcc57a55f5a"",""deployment"":""7bae97c9-ccbe-49fe-a672-c3ea4a2a6d1e"",""replica"":""5a8db334-f6d0-4ba9-a018-aa1be977e5fd""}",2026-02-15T09:41:20.882232168Z
    self.connection = self.get_new_connection(conn_params),"{""level"":""error""}","{""project"":""70a52d41-885a-4854-b650-392635199b54"",""environment"":""67be7a60-8b6c-4987-8690-dbef25befe73"",""service"":""0f0f8a2f-9703-4f78-a3ed-8fcc57a55f5a"",""deployment"":""7bae97c9-ccbe-49fe-a672-c3ea4a2a6d1e"",""replica"":""5a8db334-f6d0-4ba9-a018-aa1be977e5fd""}",2026-02-15T09:41:20.882236208Z
                      ^^^^^^^^^^^^^^^^^^^^^^^^^^^^^^^^^^^^,"{""level"":""error""}","{""project"":""70a52d41-885a-4854-b650-392635199b54"",""environment"":""67be7a60-8b6c-4987-8690-dbef25befe73"",""service"":""0f0f8a2f-9703-4f78-a3ed-8fcc57a55f5a"",""deployment"":""7bae97c9-ccbe-49fe-a672-c3ea4a2a6d1e"",""replica"":""5a8db334-f6d0-4ba9-a018-aa1be977e5fd""}",2026-02-15T09:41:20.882240648Z
"  File ""/usr/local/lib/python3.11/site-packages/django/utils/asyncio.py"", line 26, in inner","{""level"":""error""}","{""project"":""70a52d41-885a-4854-b650-392635199b54"",""environment"":""67be7a60-8b6c-4987-8690-dbef25befe73"",""service"":""0f0f8a2f-9703-4f78-a3ed-8fcc57a55f5a"",""deployment"":""7bae97c9-ccbe-49fe-a672-c3ea4a2a6d1e"",""replica"":""5a8db334-f6d0-4ba9-a018-aa1be977e5fd""}",2026-02-15T09:41:20.882244598Z
"    return func(*args, **kwargs)","{""level"":""error""}","{""project"":""70a52d41-885a-4854-b650-392635199b54"",""environment"":""67be7a60-8b6c-4987-8690-dbef25befe73"",""service"":""0f0f8a2f-9703-4f78-a3ed-8fcc57a55f5a"",""deployment"":""7bae97c9-ccbe-49fe-a672-c3ea4a2a6d1e"",""replica"":""5a8db334-f6d0-4ba9-a018-aa1be977e5fd""}",2026-02-15T09:41:20.882248868Z
           ^^^^^^^^^^^^^^^^^^^^^,"{""level"":""error""}","{""project"":""70a52d41-885a-4854-b650-392635199b54"",""environment"":""67be7a60-8b6c-4987-8690-dbef25befe73"",""service"":""0f0f8a2f-9703-4f78-a3ed-8fcc57a55f5a"",""deployment"":""7bae97c9-ccbe-49fe-a672-c3ea4a2a6d1e"",""replica"":""5a8db334-f6d0-4ba9-a018-aa1be977e5fd""}",2026-02-15T09:41:20.882255368Z
"  File ""/usr/local/lib/python3.11/site-packages/django/db/backends/postgresql/base.py"", line 332, in get_new_connection","{""level"":""error""}","{""project"":""70a52d41-885a-4854-b650-392635199b54"",""environment"":""67be7a60-8b6c-4987-8690-dbef25befe73"",""service"":""0f0f8a2f-9703-4f78-a3ed-8fcc57a55f5a"",""deployment"":""7bae97c9-ccbe-49fe-a672-c3ea4a2a6d1e"",""replica"":""5a8db334-f6d0-4ba9-a018-aa1be977e5fd""}",2026-02-15T09:41:20.882259608Z
    connection = self.Database.connect(**conn_params),"{""level"":""error""}","{""project"":""70a52d41-885a-4854-b650-392635199b54"",""environment"":""67be7a60-8b6c-4987-8690-dbef25befe73"",""service"":""0f0f8a2f-9703-4f78-a3ed-8fcc57a55f5a"",""deployment"":""7bae97c9-ccbe-49fe-a672-c3ea4a2a6d1e"",""replica"":""5a8db334-f6d0-4ba9-a018-aa1be977e5fd""}",2026-02-15T09:41:20.882263498Z
                 ^^^^^^^^^^^^^^^^^^^^^^^^^^^^^^^^^^^^,"{""level"":""error""}","{""project"":""70a52d41-885a-4854-b650-392635199b54"",""environment"":""67be7a60-8b6c-4987-8690-dbef25befe73"",""service"":""0f0f8a2f-9703-4f78-a3ed-8fcc57a55f5a"",""deployment"":""7bae97c9-ccbe-49fe-a672-c3ea4a2a6d1e"",""replica"":""5a8db334-f6d0-4ba9-a018-aa1be977e5fd""}",2026-02-15T09:41:20.882268728Z
"  File ""/usr/local/lib/python3.11/site-packages/psycopg2/__init__.py"", line 122, in connect","{""level"":""error""}","{""project"":""70a52d41-885a-4854-b650-392635199b54"",""environment"":""67be7a60-8b6c-4987-8690-dbef25befe73"",""service"":""0f0f8a2f-9703-4f78-a3ed-8fcc57a55f5a"",""deployment"":""7bae97c9-ccbe-49fe-a672-c3ea4a2a6d1e"",""replica"":""5a8db334-f6d0-4ba9-a018-aa1be977e5fd""}",2026-02-15T09:41:20.882272548Z
"    conn = _connect(dsn, connection_factory=connection_factory, **kwasync)","{""level"":""error""}","{""project"":""70a52d41-885a-4854-b650-392635199b54"",""environment"":""67be7a60-8b6c-4987-8690-dbef25befe73"",""service"":""0f0f8a2f-9703-4f78-a3ed-8fcc57a55f5a"",""deployment"":""7bae97c9-ccbe-49fe-a672-c3ea4a2a6d1e"",""replica"":""5a8db334-f6d0-4ba9-a018-aa1be977e5fd""}",2026-02-15T09:41:20.882276248Z
           ^^^^^^^^^^^^^^^^^^^^^^^^^^^^^^^^^^^^^^^^^^^^^^^^^^^^^^^^^^^^^^^,"{""level"":""error""}","{""project"":""70a52d41-885a-4854-b650-392635199b54"",""environment"":""67be7a60-8b6c-4987-8690-dbef25befe73"",""service"":""0f0f8a2f-9703-4f78-a3ed-8fcc57a55f5a"",""deployment"":""7bae97c9-ccbe-49fe-a672-c3ea4a2a6d1e"",""replica"":""5a8db334-f6d0-4ba9-a018-aa1be977e5fd""}",2026-02-15T09:41:20.882281188Z
"psycopg2.OperationalError: connection to server at ""15.164.188.235"", port 5432 failed: FATAL:  MaxClientsInSessionMode: max clients reached - in Session mode max clients are limited to pool_size","{""level"":""error""}","{""project"":""70a52d41-885a-4854-b650-392635199b54"",""environment"":""67be7a60-8b6c-4987-8690-dbef25befe73"",""service"":""0f0f8a2f-9703-4f78-a3ed-8fcc57a55f5a"",""deployment"":""7bae97c9-ccbe-49fe-a672-c3ea4a2a6d1e"",""replica"":""5a8db334-f6d0-4ba9-a018-aa1be977e5fd""}",2026-02-15T09:41:20.882784888Z
,"{""level"":""error""}","{""project"":""70a52d41-885a-4854-b650-392635199b54"",""environment"":""67be7a60-8b6c-4987-8690-dbef25befe73"",""service"":""0f0f8a2f-9703-4f78-a3ed-8fcc57a55f5a"",""deployment"":""7bae97c9-ccbe-49fe-a672-c3ea4a2a6d1e"",""replica"":""5a8db334-f6d0-4ba9-a018-aa1be977e5fd""}",2026-02-15T09:41:20.882790998Z
,"{""level"":""error""}","{""project"":""70a52d41-885a-4854-b650-392635199b54"",""environment"":""67be7a60-8b6c-4987-8690-dbef25befe73"",""service"":""0f0f8a2f-9703-4f78-a3ed-8fcc57a55f5a"",""deployment"":""7bae97c9-ccbe-49fe-a672-c3ea4a2a6d1e"",""replica"":""5a8db334-f6d0-4ba9-a018-aa1be977e5fd""}",2026-02-15T09:41:20.882795828Z
               ^^^^^^^^^^^^^^^^^^^^^^^,"{""level"":""error""}","{""project"":""70a52d41-885a-4854-b650-392635199b54"",""environment"":""67be7a60-8b6c-4987-8690-dbef25befe73"",""service"":""0f0f8a2f-9703-4f78-a3ed-8fcc57a55f5a"",""deployment"":""7bae97c9-ccbe-49fe-a672-c3ea4a2a6d1e"",""replica"":""5a8db334-f6d0-4ba9-a018-aa1be977e5fd""}",2026-02-15T09:41:20.882796128Z
    raise exc_info[1],"{""level"":""error""}","{""project"":""70a52d41-885a-4854-b650-392635199b54"",""environment"":""67be7a60-8b6c-4987-8690-dbef25befe73"",""service"":""0f0f8a2f-9703-4f78-a3ed-8fcc57a55f5a"",""deployment"":""7bae97c9-ccbe-49fe-a672-c3ea4a2a6d1e"",""replica"":""5a8db334-f6d0-4ba9-a018-aa1be977e5fd""}",2026-02-15T09:41:20.882797078Z
The above exception was the direct cause of the following exception:,"{""level"":""error""}","{""project"":""70a52d41-885a-4854-b650-392635199b54"",""environment"":""67be7a60-8b6c-4987-8690-dbef25befe73"",""service"":""0f0f8a2f-9703-4f78-a3ed-8fcc57a55f5a"",""deployment"":""7bae97c9-ccbe-49fe-a672-c3ea4a2a6d1e"",""replica"":""5a8db334-f6d0-4ba9-a018-aa1be977e5fd""}",2026-02-15T09:41:20.882800658Z
"  File ""/usr/local/lib/python3.11/site-packages/asgiref/sync.py"", line 506, in __call__","{""level"":""error""}","{""project"":""70a52d41-885a-4854-b650-392635199b54"",""environment"":""67be7a60-8b6c-4987-8690-dbef25befe73"",""service"":""0f0f8a2f-9703-4f78-a3ed-8fcc57a55f5a"",""deployment"":""7bae97c9-ccbe-49fe-a672-c3ea4a2a6d1e"",""replica"":""5a8db334-f6d0-4ba9-a018-aa1be977e5fd""}",2026-02-15T09:41:20.882803988Z
"  File ""/usr/local/lib/python3.11/site-packages/django/core/handlers/exception.py"", line 42, in inner","{""level"":""error""}","{""project"":""70a52d41-885a-4854-b650-392635199b54"",""environment"":""67be7a60-8b6c-4987-8690-dbef25befe73"",""service"":""0f0f8a2f-9703-4f78-a3ed-8fcc57a55f5a"",""deployment"":""7bae97c9-ccbe-49fe-a672-c3ea4a2a6d1e"",""replica"":""5a8db334-f6d0-4ba9-a018-aa1be977e5fd""}",2026-02-15T09:41:20.882804948Z
,"{""level"":""error""}","{""project"":""70a52d41-885a-4854-b650-392635199b54"",""environment"":""67be7a60-8b6c-4987-8690-dbef25befe73"",""service"":""0f0f8a2f-9703-4f78-a3ed-8fcc57a55f5a"",""deployment"":""7bae97c9-ccbe-49fe-a672-c3ea4a2a6d1e"",""replica"":""5a8db334-f6d0-4ba9-a018-aa1be977e5fd""}",2026-02-15T09:41:20.882805628Z
    ret = await asyncio.shield(exec_coro),"{""level"":""error""}","{""project"":""70a52d41-885a-4854-b650-392635199b54"",""environment"":""67be7a60-8b6c-4987-8690-dbef25befe73"",""service"":""0f0f8a2f-9703-4f78-a3ed-8fcc57a55f5a"",""deployment"":""7bae97c9-ccbe-49fe-a672-c3ea4a2a6d1e"",""replica"":""5a8db334-f6d0-4ba9-a018-aa1be977e5fd""}",2026-02-15T09:41:20.882809958Z
    response = await get_response(request),"{""level"":""error""}","{""project"":""70a52d41-885a-4854-b650-392635199b54"",""environment"":""67be7a60-8b6c-4987-8690-dbef25befe73"",""service"":""0f0f8a2f-9703-4f78-a3ed-8fcc57a55f5a"",""deployment"":""7bae97c9-ccbe-49fe-a672-c3ea4a2a6d1e"",""replica"":""5a8db334-f6d0-4ba9-a018-aa1be977e5fd""}",2026-02-15T09:41:20.882810398Z
Traceback (most recent call last):,"{""level"":""error""}","{""project"":""70a52d41-885a-4854-b650-392635199b54"",""environment"":""67be7a60-8b6c-4987-8690-dbef25befe73"",""service"":""0f0f8a2f-9703-4f78-a3ed-8fcc57a55f5a"",""deployment"":""7bae97c9-ccbe-49fe-a672-c3ea4a2a6d1e"",""replica"":""5a8db334-f6d0-4ba9-a018-aa1be977e5fd""}",2026-02-15T09:41:20.882810548Z
          ^^^^^^^^^^^^^^^^^^^^^^^^^^^^^^^,"{""level"":""error""}","{""project"":""70a52d41-885a-4854-b650-392635199b54"",""environment"":""67be7a60-8b6c-4987-8690-dbef25befe73"",""service"":""0f0f8a2f-9703-4f78-a3ed-8fcc57a55f5a"",""deployment"":""7bae97c9-ccbe-49fe-a672-c3ea4a2a6d1e"",""replica"":""5a8db334-f6d0-4ba9-a018-aa1be977e5fd""}",2026-02-15T09:41:20.882815258Z
"  File ""/usr/local/lib/python3.11/site-packages/asgiref/sync.py"", line 557, in thread_handler","{""level"":""error""}","{""project"":""70a52d41-885a-4854-b650-392635199b54"",""environment"":""67be7a60-8b6c-4987-8690-dbef25befe73"",""service"":""0f0f8a2f-9703-4f78-a3ed-8fcc57a55f5a"",""deployment"":""7bae97c9-ccbe-49fe-a672-c3ea4a2a6d1e"",""replica"":""5a8db334-f6d0-4ba9-a018-aa1be977e5fd""}",2026-02-15T09:41:20.882815498Z
               ^^^^^^^^^^^^^^^^^^^^^^^^^^^,"{""level"":""error""}","{""project"":""70a52d41-885a-4854-b650-392635199b54"",""environment"":""67be7a60-8b6c-4987-8690-dbef25befe73"",""service"":""0f0f8a2f-9703-4f78-a3ed-8fcc57a55f5a"",""deployment"":""7bae97c9-ccbe-49fe-a672-c3ea4a2a6d1e"",""replica"":""5a8db334-f6d0-4ba9-a018-aa1be977e5fd""}",2026-02-15T09:41:20.882816328Z
"  File ""/usr/local/lib/python3.11/site-packages/asgiref/current_thread_executor.py"", line 40, in run","{""level"":""error""}","{""project"":""70a52d41-885a-4854-b650-392635199b54"",""environment"":""67be7a60-8b6c-4987-8690-dbef25befe73"",""service"":""0f0f8a2f-9703-4f78-a3ed-8fcc57a55f5a"",""deployment"":""7bae97c9-ccbe-49fe-a672-c3ea4a2a6d1e"",""replica"":""5a8db334-f6d0-4ba9-a018-aa1be977e5fd""}",2026-02-15T09:41:20.882820168Z
"  File ""/usr/local/lib/python3.11/site-packages/asgiref/sync.py"", line 557, in thread_handler","{""level"":""error""}","{""project"":""70a52d41-885a-4854-b650-392635199b54"",""environment"":""67be7a60-8b6c-4987-8690-dbef25befe73"",""service"":""0f0f8a2f-9703-4f78-a3ed-8fcc57a55f5a"",""deployment"":""7bae97c9-ccbe-49fe-a672-c3ea4a2a6d1e"",""replica"":""5a8db334-f6d0-4ba9-a018-aa1be977e5fd""}",2026-02-15T09:41:20.882821168Z
    raise exc_info[1],"{""level"":""error""}","{""project"":""70a52d41-885a-4854-b650-392635199b54"",""environment"":""67be7a60-8b6c-4987-8690-dbef25befe73"",""service"":""0f0f8a2f-9703-4f78-a3ed-8fcc57a55f5a"",""deployment"":""7bae97c9-ccbe-49fe-a672-c3ea4a2a6d1e"",""replica"":""5a8db334-f6d0-4ba9-a018-aa1be977e5fd""}",2026-02-15T09:41:20.882825048Z
"  File ""/usr/local/lib/python3.11/site-packages/django/core/handlers/base.py"", line 253, in _get_response_async","{""level"":""error""}","{""project"":""70a52d41-885a-4854-b650-392635199b54"",""environment"":""67be7a60-8b6c-4987-8690-dbef25befe73"",""service"":""0f0f8a2f-9703-4f78-a3ed-8fcc57a55f5a"",""deployment"":""7bae97c9-ccbe-49fe-a672-c3ea4a2a6d1e"",""replica"":""5a8db334-f6d0-4ba9-a018-aa1be977e5fd""}",2026-02-15T09:41:20.882828678Z
    response = await wrapped_callback(,"{""level"":""error""}","{""project"":""70a52d41-885a-4854-b650-392635199b54"",""environment"":""67be7a60-8b6c-4987-8690-dbef25befe73"",""service"":""0f0f8a2f-9703-4f78-a3ed-8fcc57a55f5a"",""deployment"":""7bae97c9-ccbe-49fe-a672-c3ea4a2a6d1e"",""replica"":""5a8db334-f6d0-4ba9-a018-aa1be977e5fd""}",2026-02-15T09:41:20.882832078Z
"    result = self.fn(*self.args, **self.kwargs)","{""level"":""error""}","{""project"":""70a52d41-885a-4854-b650-392635199b54"",""environment"":""67be7a60-8b6c-4987-8690-dbef25befe73"",""service"":""0f0f8a2f-9703-4f78-a3ed-8fcc57a55f5a"",""deployment"":""7bae97c9-ccbe-49fe-a672-c3ea4a2a6d1e"",""replica"":""5a8db334-f6d0-4ba9-a018-aa1be977e5fd""}",2026-02-15T09:41:20.883319018Z
             ^^^^^^^^^^^^^^^^^^^^^^^^^^^^^^^^^^,"{""level"":""error""}","{""project"":""70a52d41-885a-4854-b650-392635199b54"",""environment"":""67be7a60-8b6c-4987-8690-dbef25befe73"",""service"":""0f0f8a2f-9703-4f78-a3ed-8fcc57a55f5a"",""deployment"":""7bae97c9-ccbe-49fe-a672-c3ea4a2a6d1e"",""replica"":""5a8db334-f6d0-4ba9-a018-aa1be977e5fd""}",2026-02-15T09:41:20.883325988Z
"  File ""/usr/local/lib/python3.11/site-packages/asgiref/sync.py"", line 561, in thread_handler","{""level"":""error""}","{""project"":""70a52d41-885a-4854-b650-392635199b54"",""environment"":""67be7a60-8b6c-4987-8690-dbef25befe73"",""service"":""0f0f8a2f-9703-4f78-a3ed-8fcc57a55f5a"",""deployment"":""7bae97c9-ccbe-49fe-a672-c3ea4a2a6d1e"",""replica"":""5a8db334-f6d0-4ba9-a018-aa1be977e5fd""}",2026-02-15T09:41:20.883329778Z
"    return func(*args, **kwargs)","{""level"":""error""}","{""project"":""70a52d41-885a-4854-b650-392635199b54"",""environment"":""67be7a60-8b6c-4987-8690-dbef25befe73"",""service"":""0f0f8a2f-9703-4f78-a3ed-8fcc57a55f5a"",""deployment"":""7bae97c9-ccbe-49fe-a672-c3ea4a2a6d1e"",""replica"":""5a8db334-f6d0-4ba9-a018-aa1be977e5fd""}",2026-02-15T09:41:20.883333318Z
           ^^^^^^^^^^^^^^^^^^^^^,"{""level"":""error""}","{""project"":""70a52d41-885a-4854-b650-392635199b54"",""environment"":""67be7a60-8b6c-4987-8690-dbef25befe73"",""service"":""0f0f8a2f-9703-4f78-a3ed-8fcc57a55f5a"",""deployment"":""7bae97c9-ccbe-49fe-a672-c3ea4a2a6d1e"",""replica"":""5a8db334-f6d0-4ba9-a018-aa1be977e5fd""}",2026-02-15T09:41:20.883337618Z
"  File ""/usr/local/lib/python3.11/site-packages/django/views/decorators/csrf.py"", line 65, in _view_wrapper","{""level"":""error""}","{""project"":""70a52d41-885a-4854-b650-392635199b54"",""environment"":""67be7a60-8b6c-4987-8690-dbef25befe73"",""service"":""0f0f8a2f-9703-4f78-a3ed-8fcc57a55f5a"",""deployment"":""7bae97c9-ccbe-49fe-a672-c3ea4a2a6d1e"",""replica"":""5a8db334-f6d0-4ba9-a018-aa1be977e5fd""}",2026-02-15T09:41:20.883341598Z
"    return view_func(request, *args, **kwargs)","{""level"":""error""}","{""project"":""70a52d41-885a-4854-b650-392635199b54"",""environment"":""67be7a60-8b6c-4987-8690-dbef25befe73"",""service"":""0f0f8a2f-9703-4f78-a3ed-8fcc57a55f5a"",""deployment"":""7bae97c9-ccbe-49fe-a672-c3ea4a2a6d1e"",""replica"":""5a8db334-f6d0-4ba9-a018-aa1be977e5fd""}",2026-02-15T09:41:20.883345098Z
           ^^^^^^^^^^^^^^^^^^^^^^^^^^^^^^^^^^^,"{""level"":""error""}","{""project"":""70a52d41-885a-4854-b650-392635199b54"",""environment"":""67be7a60-8b6c-4987-8690-dbef25befe73"",""service"":""0f0f8a2f-9703-4f78-a3ed-8fcc57a55f5a"",""deployment"":""7bae97c9-ccbe-49fe-a672-c3ea4a2a6d1e"",""replica"":""5a8db334-f6d0-4ba9-a018-aa1be977e5fd""}",2026-02-15T09:41:20.883348438Z
"  File ""/usr/local/lib/python3.11/site-packages/rest_framework/viewsets.py"", line 125, in view","{""level"":""error""}","{""project"":""70a52d41-885a-4854-b650-392635199b54"",""environment"":""67be7a60-8b6c-4987-8690-dbef25befe73"",""service"":""0f0f8a2f-9703-4f78-a3ed-8fcc57a55f5a"",""deployment"":""7bae97c9-ccbe-49fe-a672-c3ea4a2a6d1e"",""replica"":""5a8db334-f6d0-4ba9-a018-aa1be977e5fd""}",2026-02-15T09:41:20.883352168Z
"    return self.dispatch(request, *args, **kwargs)","{""level"":""error""}","{""project"":""70a52d41-885a-4854-b650-392635199b54"",""environment"":""67be7a60-8b6c-4987-8690-dbef25befe73"",""service"":""0f0f8a2f-9703-4f78-a3ed-8fcc57a55f5a"",""deployment"":""7bae97c9-ccbe-49fe-a672-c3ea4a2a6d1e"",""replica"":""5a8db334-f6d0-4ba9-a018-aa1be977e5fd""}",2026-02-15T09:41:20.883355738Z
           ^^^^^^^^^^^^^^^^^^^^^^^^^^^^^^^^^^^^^^^,"{""level"":""error""}","{""project"":""70a52d41-885a-4854-b650-392635199b54"",""environment"":""67be7a60-8b6c-4987-8690-dbef25befe73"",""service"":""0f0f8a2f-9703-4f78-a3ed-8fcc57a55f5a"",""deployment"":""7bae97c9-ccbe-49fe-a672-c3ea4a2a6d1e"",""replica"":""5a8db334-f6d0-4ba9-a018-aa1be977e5fd""}",2026-02-15T09:41:20.883359388Z
"  File ""/usr/local/lib/python3.11/site-packages/rest_framework/views.py"", line 515, in dispatch","{""level"":""error""}","{""project"":""70a52d41-885a-4854-b650-392635199b54"",""environment"":""67be7a60-8b6c-4987-8690-dbef25befe73"",""service"":""0f0f8a2f-9703-4f78-a3ed-8fcc57a55f5a"",""deployment"":""7bae97c9-ccbe-49fe-a672-c3ea4a2a6d1e"",""replica"":""5a8db334-f6d0-4ba9-a018-aa1be977e5fd""}",2026-02-15T09:41:20.883363418Z
    response = self.handle_exception(exc),"{""level"":""error""}","{""project"":""70a52d41-885a-4854-b650-392635199b54"",""environment"":""67be7a60-8b6c-4987-8690-dbef25befe73"",""service"":""0f0f8a2f-9703-4f78-a3ed-8fcc57a55f5a"",""deployment"":""7bae97c9-ccbe-49fe-a672-c3ea4a2a6d1e"",""replica"":""5a8db334-f6d0-4ba9-a018-aa1be977e5fd""}",2026-02-15T09:41:20.883368388Z
               ^^^^^^^^^^^^^^^^^^^^^^^^^^,"{""level"":""error""}","{""project"":""70a52d41-885a-4854-b650-392635199b54"",""environment"":""67be7a60-8b6c-4987-8690-dbef25befe73"",""service"":""0f0f8a2f-9703-4f78-a3ed-8fcc57a55f5a"",""deployment"":""7bae97c9-ccbe-49fe-a672-c3ea4a2a6d1e"",""replica"":""5a8db334-f6d0-4ba9-a018-aa1be977e5fd""}",2026-02-15T09:41:20.883373818Z
"  File ""/usr/local/lib/python3.11/site-packages/rest_framework/views.py"", line 475, in handle_exception","{""level"":""error""}","{""project"":""70a52d41-885a-4854-b650-392635199b54"",""environment"":""67be7a60-8b6c-4987-8690-dbef25befe73"",""service"":""0f0f8a2f-9703-4f78-a3ed-8fcc57a55f5a"",""deployment"":""7bae97c9-ccbe-49fe-a672-c3ea4a2a6d1e"",""replica"":""5a8db334-f6d0-4ba9-a018-aa1be977e5fd""}",2026-02-15T09:41:20.883378178Z
    self.raise_uncaught_exception(exc),"{""level"":""error""}","{""project"":""70a52d41-885a-4854-b650-392635199b54"",""environment"":""67be7a60-8b6c-4987-8690-dbef25befe73"",""service"":""0f0f8a2f-9703-4f78-a3ed-8fcc57a55f5a"",""deployment"":""7bae97c9-ccbe-49fe-a672-c3ea4a2a6d1e"",""replica"":""5a8db334-f6d0-4ba9-a018-aa1be977e5fd""}",2026-02-15T09:41:20.883383088Z
"  File ""/usr/local/lib/python3.11/site-packages/rest_framework/views.py"", line 486, in raise_uncaught_exception","{""level"":""error""}","{""project"":""70a52d41-885a-4854-b650-392635199b54"",""environment"":""67be7a60-8b6c-4987-8690-dbef25befe73"",""service"":""0f0f8a2f-9703-4f78-a3ed-8fcc57a55f5a"",""deployment"":""7bae97c9-ccbe-49fe-a672-c3ea4a2a6d1e"",""replica"":""5a8db334-f6d0-4ba9-a018-aa1be977e5fd""}",2026-02-15T09:41:20.883387538Z
    raise exc,"{""level"":""error""}","{""project"":""70a52d41-885a-4854-b650-392635199b54"",""environment"":""67be7a60-8b6c-4987-8690-dbef25befe73"",""service"":""0f0f8a2f-9703-4f78-a3ed-8fcc57a55f5a"",""deployment"":""7bae97c9-ccbe-49fe-a672-c3ea4a2a6d1e"",""replica"":""5a8db334-f6d0-4ba9-a018-aa1be977e5fd""}",2026-02-15T09:41:20.883391558Z
"  File ""/usr/local/lib/python3.11/site-packages/rest_framework/views.py"", line 503, in dispatch","{""level"":""error""}","{""project"":""70a52d41-885a-4854-b650-392635199b54"",""environment"":""67be7a60-8b6c-4987-8690-dbef25befe73"",""service"":""0f0f8a2f-9703-4f78-a3ed-8fcc57a55f5a"",""deployment"":""7bae97c9-ccbe-49fe-a672-c3ea4a2a6d1e"",""replica"":""5a8db334-f6d0-4ba9-a018-aa1be977e5fd""}",2026-02-15T09:41:20.883395448Z
"    self.initial(request, *args, **kwargs)","{""level"":""error""}","{""project"":""70a52d41-885a-4854-b650-392635199b54"",""environment"":""67be7a60-8b6c-4987-8690-dbef25befe73"",""service"":""0f0f8a2f-9703-4f78-a3ed-8fcc57a55f5a"",""deployment"":""7bae97c9-ccbe-49fe-a672-c3ea4a2a6d1e"",""replica"":""5a8db334-f6d0-4ba9-a018-aa1be977e5fd""}",2026-02-15T09:41:20.883399698Z
"  File ""/usr/local/lib/python3.11/site-packages/rest_framework/views.py"", line 420, in initial","{""level"":""error""}","{""project"":""70a52d41-885a-4854-b650-392635199b54"",""environment"":""67be7a60-8b6c-4987-8690-dbef25befe73"",""service"":""0f0f8a2f-9703-4f78-a3ed-8fcc57a55f5a"",""deployment"":""7bae97c9-ccbe-49fe-a672-c3ea4a2a6d1e"",""replica"":""5a8db334-f6d0-4ba9-a018-aa1be977e5fd""}",2026-02-15T09:41:20.884286728Z
    self.perform_authentication(request),"{""level"":""error""}","{""project"":""70a52d41-885a-4854-b650-392635199b54"",""environment"":""67be7a60-8b6c-4987-8690-dbef25befe73"",""service"":""0f0f8a2f-9703-4f78-a3ed-8fcc57a55f5a"",""deployment"":""7bae97c9-ccbe-49fe-a672-c3ea4a2a6d1e"",""replica"":""5a8db334-f6d0-4ba9-a018-aa1be977e5fd""}",2026-02-15T09:41:20.884295568Z
"  File ""/usr/local/lib/python3.11/site-packages/rest_framework/views.py"", line 330, in perform_authentication","{""level"":""error""}","{""project"":""70a52d41-885a-4854-b650-392635199b54"",""environment"":""67be7a60-8b6c-4987-8690-dbef25befe73"",""service"":""0f0f8a2f-9703-4f78-a3ed-8fcc57a55f5a"",""deployment"":""7bae97c9-ccbe-49fe-a672-c3ea4a2a6d1e"",""replica"":""5a8db334-f6d0-4ba9-a018-aa1be977e5fd""}",2026-02-15T09:41:20.884302178Z
    request.user,"{""level"":""error""}","{""project"":""70a52d41-885a-4854-b650-392635199b54"",""environment"":""67be7a60-8b6c-4987-8690-dbef25befe73"",""service"":""0f0f8a2f-9703-4f78-a3ed-8fcc57a55f5a"",""deployment"":""7bae97c9-ccbe-49fe-a672-c3ea4a2a6d1e"",""replica"":""5a8db334-f6d0-4ba9-a018-aa1be977e5fd""}",2026-02-15T09:41:20.884308238Z
"  File ""/usr/local/lib/python3.11/site-packages/rest_framework/request.py"", line 232, in user","{""level"":""error""}","{""project"":""70a52d41-885a-4854-b650-392635199b54"",""environment"":""67be7a60-8b6c-4987-8690-dbef25befe73"",""service"":""0f0f8a2f-9703-4f78-a3ed-8fcc57a55f5a"",""deployment"":""7bae97c9-ccbe-49fe-a672-c3ea4a2a6d1e"",""replica"":""5a8db334-f6d0-4ba9-a018-aa1be977e5fd""}",2026-02-15T09:41:20.884314918Z
    self._authenticate(),"{""level"":""error""}","{""project"":""70a52d41-885a-4854-b650-392635199b54"",""environment"":""67be7a60-8b6c-4987-8690-dbef25befe73"",""service"":""0f0f8a2f-9703-4f78-a3ed-8fcc57a55f5a"",""deployment"":""7bae97c9-ccbe-49fe-a672-c3ea4a2a6d1e"",""replica"":""5a8db334-f6d0-4ba9-a018-aa1be977e5fd""}",2026-02-15T09:41:20.884321598Z
"  File ""/usr/local/lib/python3.11/site-packages/rest_framework/request.py"", line 385, in _authenticate","{""level"":""error""}","{""project"":""70a52d41-885a-4854-b650-392635199b54"",""environment"":""67be7a60-8b6c-4987-8690-dbef25befe73"",""service"":""0f0f8a2f-9703-4f78-a3ed-8fcc57a55f5a"",""deployment"":""7bae97c9-ccbe-49fe-a672-c3ea4a2a6d1e"",""replica"":""5a8db334-f6d0-4ba9-a018-aa1be977e5fd""}",2026-02-15T09:41:20.884328318Z
    user_auth_tuple = authenticator.authenticate(self),"{""level"":""error""}","{""project"":""70a52d41-885a-4854-b650-392635199b54"",""environment"":""67be7a60-8b6c-4987-8690-dbef25befe73"",""service"":""0f0f8a2f-9703-4f78-a3ed-8fcc57a55f5a"",""deployment"":""7bae97c9-ccbe-49fe-a672-c3ea4a2a6d1e"",""replica"":""5a8db334-f6d0-4ba9-a018-aa1be977e5fd""}",2026-02-15T09:41:20.884336098Z
                      ^^^^^^^^^^^^^^^^^^^^^^^^^^^^^^^^,"{""level"":""error""}","{""project"":""70a52d41-885a-4854-b650-392635199b54"",""environment"":""67be7a60-8b6c-4987-8690-dbef25befe73"",""service"":""0f0f8a2f-9703-4f78-a3ed-8fcc57a55f5a"",""deployment"":""7bae97c9-ccbe-49fe-a672-c3ea4a2a6d1e"",""replica"":""5a8db334-f6d0-4ba9-a018-aa1be977e5fd""}",2026-02-15T09:41:20.884342218Z
"  File ""/usr/local/lib/python3.11/site-packages/rest_framework_simplejwt/authentication.py"", line 51, in authenticate","{""level"":""error""}","{""project"":""70a52d41-885a-4854-b650-392635199b54"",""environment"":""67be7a60-8b6c-4987-8690-dbef25befe73"",""service"":""0f0f8a2f-9703-4f78-a3ed-8fcc57a55f5a"",""deployment"":""7bae97c9-ccbe-49fe-a672-c3ea4a2a6d1e"",""replica"":""5a8db334-f6d0-4ba9-a018-aa1be977e5fd""}",2026-02-15T09:41:20.884349088Z
"    return self.get_user(validated_token), validated_token","{""level"":""error""}","{""project"":""70a52d41-885a-4854-b650-392635199b54"",""environment"":""67be7a60-8b6c-4987-8690-dbef25befe73"",""service"":""0f0f8a2f-9703-4f78-a3ed-8fcc57a55f5a"",""deployment"":""7bae97c9-ccbe-49fe-a672-c3ea4a2a6d1e"",""replica"":""5a8db334-f6d0-4ba9-a018-aa1be977e5fd""}",2026-02-15T09:41:20.884356288Z
           ^^^^^^^^^^^^^^^^^^^^^^^^^^^^^^,"{""level"":""error""}","{""project"":""70a52d41-885a-4854-b650-392635199b54"",""environment"":""67be7a60-8b6c-4987-8690-dbef25befe73"",""service"":""0f0f8a2f-9703-4f78-a3ed-8fcc57a55f5a"",""deployment"":""7bae97c9-ccbe-49fe-a672-c3ea4a2a6d1e"",""replica"":""5a8db334-f6d0-4ba9-a018-aa1be977e5fd""}",2026-02-15T09:41:20.884362618Z
"  File ""/usr/local/lib/python3.11/site-packages/rest_framework_simplejwt/authentication.py"", line 132, in get_user","{""level"":""error""}","{""project"":""70a52d41-885a-4854-b650-392635199b54"",""environment"":""67be7a60-8b6c-4987-8690-dbef25befe73"",""service"":""0f0f8a2f-9703-4f78-a3ed-8fcc57a55f5a"",""deployment"":""7bae97c9-ccbe-49fe-a672-c3ea4a2a6d1e"",""replica"":""5a8db334-f6d0-4ba9-a018-aa1be977e5fd""}",2026-02-15T09:41:20.884369688Z
    user = self.user_model.objects.get(**{api_settings.USER_ID_FIELD: user_id}),"{""level"":""error""}","{""project"":""70a52d41-885a-4854-b650-392635199b54"",""environment"":""67be7a60-8b6c-4987-8690-dbef25befe73"",""service"":""0f0f8a2f-9703-4f78-a3ed-8fcc57a55f5a"",""deployment"":""7bae97c9-ccbe-49fe-a672-c3ea4a2a6d1e"",""replica"":""5a8db334-f6d0-4ba9-a018-aa1be977e5fd""}",2026-02-15T09:41:20.884378148Z
           ^^^^^^^^^^^^^^^^^^^^^^^^^^^^^^^^^^^^^^^^^^^^^^^^^^^^^^^^^^^^^^^^^^^^,"{""level"":""error""}","{""project"":""70a52d41-885a-4854-b650-392635199b54"",""environment"":""67be7a60-8b6c-4987-8690-dbef25befe73"",""service"":""0f0f8a2f-9703-4f78-a3ed-8fcc57a55f5a"",""deployment"":""7bae97c9-ccbe-49fe-a672-c3ea4a2a6d1e"",""replica"":""5a8db334-f6d0-4ba9-a018-aa1be977e5fd""}",2026-02-15T09:41:20.884385098Z
"  File ""/usr/local/lib/python3.11/site-packages/django/db/models/manager.py"", line 87, in manager_method","{""level"":""error""}","{""project"":""70a52d41-885a-4854-b650-392635199b54"",""environment"":""67be7a60-8b6c-4987-8690-dbef25befe73"",""service"":""0f0f8a2f-9703-4f78-a3ed-8fcc57a55f5a"",""deployment"":""7bae97c9-ccbe-49fe-a672-c3ea4a2a6d1e"",""replica"":""5a8db334-f6d0-4ba9-a018-aa1be977e5fd""}",2026-02-15T09:41:20.884392238Z
"    return getattr(self.get_queryset(), name)(*args, **kwargs)","{""level"":""error""}","{""project"":""70a52d41-885a-4854-b650-392635199b54"",""environment"":""67be7a60-8b6c-4987-8690-dbef25befe73"",""service"":""0f0f8a2f-9703-4f78-a3ed-8fcc57a55f5a"",""deployment"":""7bae97c9-ccbe-49fe-a672-c3ea4a2a6d1e"",""replica"":""5a8db334-f6d0-4ba9-a018-aa1be977e5fd""}",2026-02-15T09:41:20.884401128Z
           ^^^^^^^^^^^^^^^^^^^^^^^^^^^^^^^^^^^^^^^^^^^^^^^^^^^,"{""level"":""error""}","{""project"":""70a52d41-885a-4854-b650-392635199b54"",""environment"":""67be7a60-8b6c-4987-8690-dbef25befe73"",""service"":""0f0f8a2f-9703-4f78-a3ed-8fcc57a55f5a"",""deployment"":""7bae97c9-ccbe-49fe-a672-c3ea4a2a6d1e"",""replica"":""5a8db334-f6d0-4ba9-a018-aa1be977e5fd""}",2026-02-15T09:41:20.884408498Z
    cursor = self.connection.cursor(),"{""level"":""error""}","{""project"":""70a52d41-885a-4854-b650-392635199b54"",""environment"":""67be7a60-8b6c-4987-8690-dbef25befe73"",""service"":""0f0f8a2f-9703-4f78-a3ed-8fcc57a55f5a"",""deployment"":""7bae97c9-ccbe-49fe-a672-c3ea4a2a6d1e"",""replica"":""5a8db334-f6d0-4ba9-a018-aa1be977e5fd""}",2026-02-15T09:41:20.885135818Z
"  File ""/usr/local/lib/python3.11/site-packages/django/db/models/query.py"", line 631, in get","{""level"":""error""}","{""project"":""70a52d41-885a-4854-b650-392635199b54"",""environment"":""67be7a60-8b6c-4987-8690-dbef25befe73"",""service"":""0f0f8a2f-9703-4f78-a3ed-8fcc57a55f5a"",""deployment"":""7bae97c9-ccbe-49fe-a672-c3ea4a2a6d1e"",""replica"":""5a8db334-f6d0-4ba9-a018-aa1be977e5fd""}",2026-02-15T09:41:20.885143878Z
             ^^^^^^^^^^^^^^^^^^^^^^^^,"{""level"":""error""}","{""project"":""70a52d41-885a-4854-b650-392635199b54"",""environment"":""67be7a60-8b6c-4987-8690-dbef25befe73"",""service"":""0f0f8a2f-9703-4f78-a3ed-8fcc57a55f5a"",""deployment"":""7bae97c9-ccbe-49fe-a672-c3ea4a2a6d1e"",""replica"":""5a8db334-f6d0-4ba9-a018-aa1be977e5fd""}",2026-02-15T09:41:20.885145568Z
    num = len(clone),"{""level"":""error""}","{""project"":""70a52d41-885a-4854-b650-392635199b54"",""environment"":""67be7a60-8b6c-4987-8690-dbef25befe73"",""service"":""0f0f8a2f-9703-4f78-a3ed-8fcc57a55f5a"",""deployment"":""7bae97c9-ccbe-49fe-a672-c3ea4a2a6d1e"",""replica"":""5a8db334-f6d0-4ba9-a018-aa1be977e5fd""}",2026-02-15T09:41:20.885151488Z
"  File ""/usr/local/lib/python3.11/site-packages/django/utils/asyncio.py"", line 26, in inner","{""level"":""error""}","{""project"":""70a52d41-885a-4854-b650-392635199b54"",""environment"":""67be7a60-8b6c-4987-8690-dbef25befe73"",""service"":""0f0f8a2f-9703-4f78-a3ed-8fcc57a55f5a"",""deployment"":""7bae97c9-ccbe-49fe-a672-c3ea4a2a6d1e"",""replica"":""5a8db334-f6d0-4ba9-a018-aa1be977e5fd""}",2026-02-15T09:41:20.885153098Z
          ^^^^^^^^^^,"{""level"":""error""}","{""project"":""70a52d41-885a-4854-b650-392635199b54"",""environment"":""67be7a60-8b6c-4987-8690-dbef25befe73"",""service"":""0f0f8a2f-9703-4f78-a3ed-8fcc57a55f5a"",""deployment"":""7bae97c9-ccbe-49fe-a672-c3ea4a2a6d1e"",""replica"":""5a8db334-f6d0-4ba9-a018-aa1be977e5fd""}",2026-02-15T09:41:20.885157298Z
"    return func(*args, **kwargs)","{""level"":""error""}","{""project"":""70a52d41-885a-4854-b650-392635199b54"",""environment"":""67be7a60-8b6c-4987-8690-dbef25befe73"",""service"":""0f0f8a2f-9703-4f78-a3ed-8fcc57a55f5a"",""deployment"":""7bae97c9-ccbe-49fe-a672-c3ea4a2a6d1e"",""replica"":""5a8db334-f6d0-4ba9-a018-aa1be977e5fd""}",2026-02-15T09:41:20.885160498Z
"  File ""/usr/local/lib/python3.11/site-packages/django/db/models/query.py"", line 368, in __len__","{""level"":""error""}","{""project"":""70a52d41-885a-4854-b650-392635199b54"",""environment"":""67be7a60-8b6c-4987-8690-dbef25befe73"",""service"":""0f0f8a2f-9703-4f78-a3ed-8fcc57a55f5a"",""deployment"":""7bae97c9-ccbe-49fe-a672-c3ea4a2a6d1e"",""replica"":""5a8db334-f6d0-4ba9-a018-aa1be977e5fd""}",2026-02-15T09:41:20.885162488Z
    self._fetch_all(),"{""level"":""error""}","{""project"":""70a52d41-885a-4854-b650-392635199b54"",""environment"":""67be7a60-8b6c-4987-8690-dbef25befe73"",""service"":""0f0f8a2f-9703-4f78-a3ed-8fcc57a55f5a"",""deployment"":""7bae97c9-ccbe-49fe-a672-c3ea4a2a6d1e"",""replica"":""5a8db334-f6d0-4ba9-a018-aa1be977e5fd""}",2026-02-15T09:41:20.885166718Z
           ^^^^^^^^^^^^^^^^^^^^^,"{""level"":""error""}","{""project"":""70a52d41-885a-4854-b650-392635199b54"",""environment"":""67be7a60-8b6c-4987-8690-dbef25befe73"",""service"":""0f0f8a2f-9703-4f78-a3ed-8fcc57a55f5a"",""deployment"":""7bae97c9-ccbe-49fe-a672-c3ea4a2a6d1e"",""replica"":""5a8db334-f6d0-4ba9-a018-aa1be977e5fd""}",2026-02-15T09:41:20.885170468Z
"  File ""/usr/local/lib/python3.11/site-packages/django/db/models/query.py"", line 1954, in _fetch_all","{""level"":""error""}","{""project"":""70a52d41-885a-4854-b650-392635199b54"",""environment"":""67be7a60-8b6c-4987-8690-dbef25befe73"",""service"":""0f0f8a2f-9703-4f78-a3ed-8fcc57a55f5a"",""deployment"":""7bae97c9-ccbe-49fe-a672-c3ea4a2a6d1e"",""replica"":""5a8db334-f6d0-4ba9-a018-aa1be977e5fd""}",2026-02-15T09:41:20.885171398Z
    self._result_cache = list(self._iterable_class(self)),"{""level"":""error""}","{""project"":""70a52d41-885a-4854-b650-392635199b54"",""environment"":""67be7a60-8b6c-4987-8690-dbef25befe73"",""service"":""0f0f8a2f-9703-4f78-a3ed-8fcc57a55f5a"",""deployment"":""7bae97c9-ccbe-49fe-a672-c3ea4a2a6d1e"",""replica"":""5a8db334-f6d0-4ba9-a018-aa1be977e5fd""}",2026-02-15T09:41:20.885175788Z
"  File ""/usr/local/lib/python3.11/site-packages/django/db/backends/base/base.py"", line 320, in cursor","{""level"":""error""}","{""project"":""70a52d41-885a-4854-b650-392635199b54"",""environment"":""67be7a60-8b6c-4987-8690-dbef25befe73"",""service"":""0f0f8a2f-9703-4f78-a3ed-8fcc57a55f5a"",""deployment"":""7bae97c9-ccbe-49fe-a672-c3ea4a2a6d1e"",""replica"":""5a8db334-f6d0-4ba9-a018-aa1be977e5fd""}",2026-02-15T09:41:20.885177668Z
                         ^^^^^^^^^^^^^^^^^^^^^^^^^^^^^^^^,"{""level"":""error""}","{""project"":""70a52d41-885a-4854-b650-392635199b54"",""environment"":""67be7a60-8b6c-4987-8690-dbef25befe73"",""service"":""0f0f8a2f-9703-4f78-a3ed-8fcc57a55f5a"",""deployment"":""7bae97c9-ccbe-49fe-a672-c3ea4a2a6d1e"",""replica"":""5a8db334-f6d0-4ba9-a018-aa1be977e5fd""}",2026-02-15T09:41:20.885180158Z
    return self._cursor(),"{""level"":""error""}","{""project"":""70a52d41-885a-4854-b650-392635199b54"",""environment"":""67be7a60-8b6c-4987-8690-dbef25befe73"",""service"":""0f0f8a2f-9703-4f78-a3ed-8fcc57a55f5a"",""deployment"":""7bae97c9-ccbe-49fe-a672-c3ea4a2a6d1e"",""replica"":""5a8db334-f6d0-4ba9-a018-aa1be977e5fd""}",2026-02-15T09:41:20.885184668Z
"  File ""/usr/local/lib/python3.11/site-packages/django/db/models/query.py"", line 93, in __iter__","{""level"":""error""}","{""project"":""70a52d41-885a-4854-b650-392635199b54"",""environment"":""67be7a60-8b6c-4987-8690-dbef25befe73"",""service"":""0f0f8a2f-9703-4f78-a3ed-8fcc57a55f5a"",""deployment"":""7bae97c9-ccbe-49fe-a672-c3ea4a2a6d1e"",""replica"":""5a8db334-f6d0-4ba9-a018-aa1be977e5fd""}",2026-02-15T09:41:20.885185088Z
    results = compiler.execute_sql(,"{""level"":""error""}","{""project"":""70a52d41-885a-4854-b650-392635199b54"",""environment"":""67be7a60-8b6c-4987-8690-dbef25befe73"",""service"":""0f0f8a2f-9703-4f78-a3ed-8fcc57a55f5a"",""deployment"":""7bae97c9-ccbe-49fe-a672-c3ea4a2a6d1e"",""replica"":""5a8db334-f6d0-4ba9-a018-aa1be977e5fd""}",2026-02-15T09:41:20.885189768Z
           ^^^^^^^^^^^^^^,"{""level"":""error""}","{""project"":""70a52d41-885a-4854-b650-392635199b54"",""environment"":""67be7a60-8b6c-4987-8690-dbef25befe73"",""service"":""0f0f8a2f-9703-4f78-a3ed-8fcc57a55f5a"",""deployment"":""7bae97c9-ccbe-49fe-a672-c3ea4a2a6d1e"",""replica"":""5a8db334-f6d0-4ba9-a018-aa1be977e5fd""}",2026-02-15T09:41:20.885192688Z
              ^^^^^^^^^^^^^^^^^^^^^,"{""level"":""error""}","{""project"":""70a52d41-885a-4854-b650-392635199b54"",""environment"":""67be7a60-8b6c-4987-8690-dbef25befe73"",""service"":""0f0f8a2f-9703-4f78-a3ed-8fcc57a55f5a"",""deployment"":""7bae97c9-ccbe-49fe-a672-c3ea4a2a6d1e"",""replica"":""5a8db334-f6d0-4ba9-a018-aa1be977e5fd""}",2026-02-15T09:41:20.885194698Z
"  File ""/usr/local/lib/python3.11/site-packages/django/db/backends/base/base.py"", line 296, in _cursor","{""level"":""error""}","{""project"":""70a52d41-885a-4854-b650-392635199b54"",""environment"":""67be7a60-8b6c-4987-8690-dbef25befe73"",""service"":""0f0f8a2f-9703-4f78-a3ed-8fcc57a55f5a"",""deployment"":""7bae97c9-ccbe-49fe-a672-c3ea4a2a6d1e"",""replica"":""5a8db334-f6d0-4ba9-a018-aa1be977e5fd""}",2026-02-15T09:41:20.885199288Z
"  File ""/usr/local/lib/python3.11/site-packages/django/db/models/sql/compiler.py"", line 1621, in execute_sql","{""level"":""error""}","{""project"":""70a52d41-885a-4854-b650-392635199b54"",""environment"":""67be7a60-8b6c-4987-8690-dbef25befe73"",""service"":""0f0f8a2f-9703-4f78-a3ed-8fcc57a55f5a"",""deployment"":""7bae97c9-ccbe-49fe-a672-c3ea4a2a6d1e"",""replica"":""5a8db334-f6d0-4ba9-a018-aa1be977e5fd""}",2026-02-15T09:41:20.885200478Z
    self.ensure_connection(),"{""level"":""error""}","{""project"":""70a52d41-885a-4854-b650-392635199b54"",""environment"":""67be7a60-8b6c-4987-8690-dbef25befe73"",""service"":""0f0f8a2f-9703-4f78-a3ed-8fcc57a55f5a"",""deployment"":""7bae97c9-ccbe-49fe-a672-c3ea4a2a6d1e"",""replica"":""5a8db334-f6d0-4ba9-a018-aa1be977e5fd""}",2026-02-15T09:41:20.975896165Z
"  File ""/usr/local/lib/python3.11/site-packages/django/utils/asyncio.py"", line 26, in inner","{""level"":""error""}","{""project"":""70a52d41-885a-4854-b650-392635199b54"",""environment"":""67be7a60-8b6c-4987-8690-dbef25befe73"",""service"":""0f0f8a2f-9703-4f78-a3ed-8fcc57a55f5a"",""deployment"":""7bae97c9-ccbe-49fe-a672-c3ea4a2a6d1e"",""replica"":""5a8db334-f6d0-4ba9-a018-aa1be977e5fd""}",2026-02-15T09:41:20.975902245Z
"    return func(*args, **kwargs)","{""level"":""error""}","{""project"":""70a52d41-885a-4854-b650-392635199b54"",""environment"":""67be7a60-8b6c-4987-8690-dbef25befe73"",""service"":""0f0f8a2f-9703-4f78-a3ed-8fcc57a55f5a"",""deployment"":""7bae97c9-ccbe-49fe-a672-c3ea4a2a6d1e"",""replica"":""5a8db334-f6d0-4ba9-a018-aa1be977e5fd""}",2026-02-15T09:41:20.975908795Z
           ^^^^^^^^^^^^^^^^^^^^^,"{""level"":""error""}","{""project"":""70a52d41-885a-4854-b650-392635199b54"",""environment"":""67be7a60-8b6c-4987-8690-dbef25befe73"",""service"":""0f0f8a2f-9703-4f78-a3ed-8fcc57a55f5a"",""deployment"":""7bae97c9-ccbe-49fe-a672-c3ea4a2a6d1e"",""replica"":""5a8db334-f6d0-4ba9-a018-aa1be977e5fd""}",2026-02-15T09:41:20.975913695Z
"  File ""/usr/local/lib/python3.11/site-packages/django/db/backends/base/base.py"", line 278, in ensure_connection","{""level"":""error""}","{""project"":""70a52d41-885a-4854-b650-392635199b54"",""environment"":""67be7a60-8b6c-4987-8690-dbef25befe73"",""service"":""0f0f8a2f-9703-4f78-a3ed-8fcc57a55f5a"",""deployment"":""7bae97c9-ccbe-49fe-a672-c3ea4a2a6d1e"",""replica"":""5a8db334-f6d0-4ba9-a018-aa1be977e5fd""}",2026-02-15T09:41:20.975918815Z
    with self.wrap_database_errors:,"{""level"":""error""}","{""project"":""70a52d41-885a-4854-b650-392635199b54"",""environment"":""67be7a60-8b6c-4987-8690-dbef25befe73"",""service"":""0f0f8a2f-9703-4f78-a3ed-8fcc57a55f5a"",""deployment"":""7bae97c9-ccbe-49fe-a672-c3ea4a2a6d1e"",""replica"":""5a8db334-f6d0-4ba9-a018-aa1be977e5fd""}",2026-02-15T09:41:20.975924115Z
"  File ""/usr/local/lib/python3.11/site-packages/django/db/utils.py"", line 91, in __exit__","{""level"":""error""}","{""project"":""70a52d41-885a-4854-b650-392635199b54"",""environment"":""67be7a60-8b6c-4987-8690-dbef25befe73"",""service"":""0f0f8a2f-9703-4f78-a3ed-8fcc57a55f5a"",""deployment"":""7bae97c9-ccbe-49fe-a672-c3ea4a2a6d1e"",""replica"":""5a8db334-f6d0-4ba9-a018-aa1be977e5fd""}",2026-02-15T09:41:20.975929865Z
    raise dj_exc_value.with_traceback(traceback) from exc_value,"{""level"":""error""}","{""project"":""70a52d41-885a-4854-b650-392635199b54"",""environment"":""67be7a60-8b6c-4987-8690-dbef25befe73"",""service"":""0f0f8a2f-9703-4f78-a3ed-8fcc57a55f5a"",""deployment"":""7bae97c9-ccbe-49fe-a672-c3ea4a2a6d1e"",""replica"":""5a8db334-f6d0-4ba9-a018-aa1be977e5fd""}",2026-02-15T09:41:20.975937195Z
"  File ""/usr/local/lib/python3.11/site-packages/django/db/backends/base/base.py"", line 279, in ensure_connection","{""level"":""error""}","{""project"":""70a52d41-885a-4854-b650-392635199b54"",""environment"":""67be7a60-8b6c-4987-8690-dbef25befe73"",""service"":""0f0f8a2f-9703-4f78-a3ed-8fcc57a55f5a"",""deployment"":""7bae97c9-ccbe-49fe-a672-c3ea4a2a6d1e"",""replica"":""5a8db334-f6d0-4ba9-a018-aa1be977e5fd""}",2026-02-15T09:41:20.975943645Z
    self.connect(),"{""level"":""error""}","{""project"":""70a52d41-885a-4854-b650-392635199b54"",""environment"":""67be7a60-8b6c-4987-8690-dbef25befe73"",""service"":""0f0f8a2f-9703-4f78-a3ed-8fcc57a55f5a"",""deployment"":""7bae97c9-ccbe-49fe-a672-c3ea4a2a6d1e"",""replica"":""5a8db334-f6d0-4ba9-a018-aa1be977e5fd""}",2026-02-15T09:41:20.975948885Z
"  File ""/usr/local/lib/python3.11/site-packages/django/utils/asyncio.py"", line 26, in inner","{""level"":""error""}","{""project"":""70a52d41-885a-4854-b650-392635199b54"",""environment"":""67be7a60-8b6c-4987-8690-dbef25befe73"",""service"":""0f0f8a2f-9703-4f78-a3ed-8fcc57a55f5a"",""deployment"":""7bae97c9-ccbe-49fe-a672-c3ea4a2a6d1e"",""replica"":""5a8db334-f6d0-4ba9-a018-aa1be977e5fd""}",2026-02-15T09:41:20.975954535Z
"    return func(*args, **kwargs)","{""level"":""error""}","{""project"":""70a52d41-885a-4854-b650-392635199b54"",""environment"":""67be7a60-8b6c-4987-8690-dbef25befe73"",""service"":""0f0f8a2f-9703-4f78-a3ed-8fcc57a55f5a"",""deployment"":""7bae97c9-ccbe-49fe-a672-c3ea4a2a6d1e"",""replica"":""5a8db334-f6d0-4ba9-a018-aa1be977e5fd""}",2026-02-15T09:41:20.975959915Z
           ^^^^^^^^^^^^^^^^^^^^^,"{""level"":""error""}","{""project"":""70a52d41-885a-4854-b650-392635199b54"",""environment"":""67be7a60-8b6c-4987-8690-dbef25befe73"",""service"":""0f0f8a2f-9703-4f78-a3ed-8fcc57a55f5a"",""deployment"":""7bae97c9-ccbe-49fe-a672-c3ea4a2a6d1e"",""replica"":""5a8db334-f6d0-4ba9-a018-aa1be977e5fd""}",2026-02-15T09:41:20.975966035Z
"  File ""/usr/local/lib/python3.11/site-packages/django/db/backends/base/base.py"", line 256, in connect","{""level"":""error""}","{""project"":""70a52d41-885a-4854-b650-392635199b54"",""environment"":""67be7a60-8b6c-4987-8690-dbef25befe73"",""service"":""0f0f8a2f-9703-4f78-a3ed-8fcc57a55f5a"",""deployment"":""7bae97c9-ccbe-49fe-a672-c3ea4a2a6d1e"",""replica"":""5a8db334-f6d0-4ba9-a018-aa1be977e5fd""}",2026-02-15T09:41:20.975973735Z
    self.connection = self.get_new_connection(conn_params),"{""level"":""error""}","{""project"":""70a52d41-885a-4854-b650-392635199b54"",""environment"":""67be7a60-8b6c-4987-8690-dbef25befe73"",""service"":""0f0f8a2f-9703-4f78-a3ed-8fcc57a55f5a"",""deployment"":""7bae97c9-ccbe-49fe-a672-c3ea4a2a6d1e"",""replica"":""5a8db334-f6d0-4ba9-a018-aa1be977e5fd""}",2026-02-15T09:41:20.975980335Z
                      ^^^^^^^^^^^^^^^^^^^^^^^^^^^^^^^^^^^^,"{""level"":""error""}","{""project"":""70a52d41-885a-4854-b650-392635199b54"",""environment"":""67be7a60-8b6c-4987-8690-dbef25befe73"",""service"":""0f0f8a2f-9703-4f78-a3ed-8fcc57a55f5a"",""deployment"":""7bae97c9-ccbe-49fe-a672-c3ea4a2a6d1e"",""replica"":""5a8db334-f6d0-4ba9-a018-aa1be977e5fd""}",2026-02-15T09:41:20.975985225Z
"  File ""/usr/local/lib/python3.11/site-packages/django/utils/asyncio.py"", line 26, in inner","{""level"":""error""}","{""project"":""70a52d41-885a-4854-b650-392635199b54"",""environment"":""67be7a60-8b6c-4987-8690-dbef25befe73"",""service"":""0f0f8a2f-9703-4f78-a3ed-8fcc57a55f5a"",""deployment"":""7bae97c9-ccbe-49fe-a672-c3ea4a2a6d1e"",""replica"":""5a8db334-f6d0-4ba9-a018-aa1be977e5fd""}",2026-02-15T09:41:20.975991825Z
"    return func(*args, **kwargs)","{""level"":""error""}","{""project"":""70a52d41-885a-4854-b650-392635199b54"",""environment"":""67be7a60-8b6c-4987-8690-dbef25befe73"",""service"":""0f0f8a2f-9703-4f78-a3ed-8fcc57a55f5a"",""deployment"":""7bae97c9-ccbe-49fe-a672-c3ea4a2a6d1e"",""replica"":""5a8db334-f6d0-4ba9-a018-aa1be977e5fd""}",2026-02-15T09:41:20.975997135Z
           ^^^^^^^^^^^^^^^^^^^^^,"{""level"":""error""}","{""project"":""70a52d41-885a-4854-b650-392635199b54"",""environment"":""67be7a60-8b6c-4987-8690-dbef25befe73"",""service"":""0f0f8a2f-9703-4f78-a3ed-8fcc57a55f5a"",""deployment"":""7bae97c9-ccbe-49fe-a672-c3ea4a2a6d1e"",""replica"":""5a8db334-f6d0-4ba9-a018-aa1be977e5fd""}",2026-02-15T09:41:20.976003135Z
"  File ""/usr/local/lib/python3.11/site-packages/django/db/backends/postgresql/base.py"", line 332, in get_new_connection","{""level"":""error""}","{""project"":""70a52d41-885a-4854-b650-392635199b54"",""environment"":""67be7a60-8b6c-4987-8690-dbef25befe73"",""service"":""0f0f8a2f-9703-4f78-a3ed-8fcc57a55f5a"",""deployment"":""7bae97c9-ccbe-49fe-a672-c3ea4a2a6d1e"",""replica"":""5a8db334-f6d0-4ba9-a018-aa1be977e5fd""}",2026-02-15T09:41:20.976008075Z
    connection = self.Database.connect(**conn_params),"{""level"":""error""}","{""project"":""70a52d41-885a-4854-b650-392635199b54"",""environment"":""67be7a60-8b6c-4987-8690-dbef25befe73"",""service"":""0f0f8a2f-9703-4f78-a3ed-8fcc57a55f5a"",""deployment"":""7bae97c9-ccbe-49fe-a672-c3ea4a2a6d1e"",""replica"":""5a8db334-f6d0-4ba9-a018-aa1be977e5fd""}",2026-02-15T09:41:20.976524115Z
                 ^^^^^^^^^^^^^^^^^^^^^^^^^^^^^^^^^^^^,"{""level"":""error""}","{""project"":""70a52d41-885a-4854-b650-392635199b54"",""environment"":""67be7a60-8b6c-4987-8690-dbef25befe73"",""service"":""0f0f8a2f-9703-4f78-a3ed-8fcc57a55f5a"",""deployment"":""7bae97c9-ccbe-49fe-a672-c3ea4a2a6d1e"",""replica"":""5a8db334-f6d0-4ba9-a018-aa1be977e5fd""}",2026-02-15T09:41:20.976532155Z
"  File ""/usr/local/lib/python3.11/site-packages/psycopg2/__init__.py"", line 122, in connect","{""level"":""error""}","{""project"":""70a52d41-885a-4854-b650-392635199b54"",""environment"":""67be7a60-8b6c-4987-8690-dbef25befe73"",""service"":""0f0f8a2f-9703-4f78-a3ed-8fcc57a55f5a"",""deployment"":""7bae97c9-ccbe-49fe-a672-c3ea4a2a6d1e"",""replica"":""5a8db334-f6d0-4ba9-a018-aa1be977e5fd""}",2026-02-15T09:41:20.976538045Z
"    conn = _connect(dsn, connection_factory=connection_factory, **kwasync)","{""level"":""error""}","{""project"":""70a52d41-885a-4854-b650-392635199b54"",""environment"":""67be7a60-8b6c-4987-8690-dbef25befe73"",""service"":""0f0f8a2f-9703-4f78-a3ed-8fcc57a55f5a"",""deployment"":""7bae97c9-ccbe-49fe-a672-c3ea4a2a6d1e"",""replica"":""5a8db334-f6d0-4ba9-a018-aa1be977e5fd""}",2026-02-15T09:41:20.976543405Z
           ^^^^^^^^^^^^^^^^^^^^^^^^^^^^^^^^^^^^^^^^^^^^^^^^^^^^^^^^^^^^^^^,"{""level"":""error""}","{""project"":""70a52d41-885a-4854-b650-392635199b54"",""environment"":""67be7a60-8b6c-4987-8690-dbef25befe73"",""service"":""0f0f8a2f-9703-4f78-a3ed-8fcc57a55f5a"",""deployment"":""7bae97c9-ccbe-49fe-a672-c3ea4a2a6d1e"",""replica"":""5a8db334-f6d0-4ba9-a018-aa1be977e5fd""}",2026-02-15T09:41:20.976549445Z
"django.db.utils.OperationalError: connection to server at ""15.164.188.235"", port 5432 failed: FATAL:  MaxClientsInSessionMode: max clients reached - in Session mode max clients are limited to pool_size","{""level"":""error""}","{""project"":""70a52d41-885a-4854-b650-392635199b54"",""environment"":""67be7a60-8b6c-4987-8690-dbef25befe73"",""service"":""0f0f8a2f-9703-4f78-a3ed-8fcc57a55f5a"",""deployment"":""7bae97c9-ccbe-49fe-a672-c3ea4a2a6d1e"",""replica"":""5a8db334-f6d0-4ba9-a018-aa1be977e5fd""}",2026-02-15T09:41:20.976555015Z
,"{""level"":""error""}","{""project"":""70a52d41-885a-4854-b650-392635199b54"",""environment"":""67be7a60-8b6c-4987-8690-dbef25befe73"",""service"":""0f0f8a2f-9703-4f78-a3ed-8fcc57a55f5a"",""deployment"":""7bae97c9-ccbe-49fe-a672-c3ea4a2a6d1e"",""replica"":""5a8db334-f6d0-4ba9-a018-aa1be977e5fd""}",2026-02-15T09:41:20.976561465Z
Internal Server Error: /api/community/rooms/,"{""level"":""error""}","{""project"":""70a52d41-885a-4854-b650-392635199b54"",""environment"":""67be7a60-8b6c-4987-8690-dbef25befe73"",""service"":""0f0f8a2f-9703-4f78-a3ed-8fcc57a55f5a"",""deployment"":""7bae97c9-ccbe-49fe-a672-c3ea4a2a6d1e"",""replica"":""5a8db334-f6d0-4ba9-a018-aa1be977e5fd""}",2026-02-15T09:41:20.976566785Z
Traceback (most recent call last):,"{""level"":""error""}","{""project"":""70a52d41-885a-4854-b650-392635199b54"",""environment"":""67be7a60-8b6c-4987-8690-dbef25befe73"",""service"":""0f0f8a2f-9703-4f78-a3ed-8fcc57a55f5a"",""deployment"":""7bae97c9-ccbe-49fe-a672-c3ea4a2a6d1e"",""replica"":""5a8db334-f6d0-4ba9-a018-aa1be977e5fd""}",2026-02-15T09:41:20.976571815Z
"  File ""/usr/local/lib/python3.11/site-packages/django/db/backends/base/base.py"", line 279, in ensure_connection","{""level"":""error""}","{""project"":""70a52d41-885a-4854-b650-392635199b54"",""environment"":""67be7a60-8b6c-4987-8690-dbef25befe73"",""service"":""0f0f8a2f-9703-4f78-a3ed-8fcc57a55f5a"",""deployment"":""7bae97c9-ccbe-49fe-a672-c3ea4a2a6d1e"",""replica"":""5a8db334-f6d0-4ba9-a018-aa1be977e5fd""}",2026-02-15T09:41:20.976577895Z
    self.connect(),"{""level"":""error""}","{""project"":""70a52d41-885a-4854-b650-392635199b54"",""environment"":""67be7a60-8b6c-4987-8690-dbef25befe73"",""service"":""0f0f8a2f-9703-4f78-a3ed-8fcc57a55f5a"",""deployment"":""7bae97c9-ccbe-49fe-a672-c3ea4a2a6d1e"",""replica"":""5a8db334-f6d0-4ba9-a018-aa1be977e5fd""}",2026-02-15T09:41:20.976583395Z
"  File ""/usr/local/lib/python3.11/site-packages/django/utils/asyncio.py"", line 26, in inner","{""level"":""error""}","{""project"":""70a52d41-885a-4854-b650-392635199b54"",""environment"":""67be7a60-8b6c-4987-8690-dbef25befe73"",""service"":""0f0f8a2f-9703-4f78-a3ed-8fcc57a55f5a"",""deployment"":""7bae97c9-ccbe-49fe-a672-c3ea4a2a6d1e"",""replica"":""5a8db334-f6d0-4ba9-a018-aa1be977e5fd""}",2026-02-15T09:41:20.976588755Z
"    return func(*args, **kwargs)","{""level"":""error""}","{""project"":""70a52d41-885a-4854-b650-392635199b54"",""environment"":""67be7a60-8b6c-4987-8690-dbef25befe73"",""service"":""0f0f8a2f-9703-4f78-a3ed-8fcc57a55f5a"",""deployment"":""7bae97c9-ccbe-49fe-a672-c3ea4a2a6d1e"",""replica"":""5a8db334-f6d0-4ba9-a018-aa1be977e5fd""}",2026-02-15T09:41:20.976595555Z
           ^^^^^^^^^^^^^^^^^^^^^,"{""level"":""error""}","{""project"":""70a52d41-885a-4854-b650-392635199b54"",""environment"":""67be7a60-8b6c-4987-8690-dbef25befe73"",""service"":""0f0f8a2f-9703-4f78-a3ed-8fcc57a55f5a"",""deployment"":""7bae97c9-ccbe-49fe-a672-c3ea4a2a6d1e"",""replica"":""5a8db334-f6d0-4ba9-a018-aa1be977e5fd""}",2026-02-15T09:41:20.976602885Z
"  File ""/usr/local/lib/python3.11/site-packages/django/db/backends/base/base.py"", line 256, in connect","{""level"":""error""}","{""project"":""70a52d41-885a-4854-b650-392635199b54"",""environment"":""67be7a60-8b6c-4987-8690-dbef25befe73"",""service"":""0f0f8a2f-9703-4f78-a3ed-8fcc57a55f5a"",""deployment"":""7bae97c9-ccbe-49fe-a672-c3ea4a2a6d1e"",""replica"":""5a8db334-f6d0-4ba9-a018-aa1be977e5fd""}",2026-02-15T09:41:20.976609475Z
    self.connection = self.get_new_connection(conn_params),"{""level"":""error""}","{""project"":""70a52d41-885a-4854-b650-392635199b54"",""environment"":""67be7a60-8b6c-4987-8690-dbef25befe73"",""service"":""0f0f8a2f-9703-4f78-a3ed-8fcc57a55f5a"",""deployment"":""7bae97c9-ccbe-49fe-a672-c3ea4a2a6d1e"",""replica"":""5a8db334-f6d0-4ba9-a018-aa1be977e5fd""}",2026-02-15T09:41:20.976622695Z
                      ^^^^^^^^^^^^^^^^^^^^^^^^^^^^^^^^^^^^,"{""level"":""error""}","{""project"":""70a52d41-885a-4854-b650-392635199b54"",""environment"":""67be7a60-8b6c-4987-8690-dbef25befe73"",""service"":""0f0f8a2f-9703-4f78-a3ed-8fcc57a55f5a"",""deployment"":""7bae97c9-ccbe-49fe-a672-c3ea4a2a6d1e"",""replica"":""5a8db334-f6d0-4ba9-a018-aa1be977e5fd""}",2026-02-15T09:41:20.976628555Z
"  File ""/usr/local/lib/python3.11/site-packages/django/utils/asyncio.py"", line 26, in inner","{""level"":""error""}","{""project"":""70a52d41-885a-4854-b650-392635199b54"",""environment"":""67be7a60-8b6c-4987-8690-dbef25befe73"",""service"":""0f0f8a2f-9703-4f78-a3ed-8fcc57a55f5a"",""deployment"":""7bae97c9-ccbe-49fe-a672-c3ea4a2a6d1e"",""replica"":""5a8db334-f6d0-4ba9-a018-aa1be977e5fd""}",2026-02-15T09:41:20.976634215Z
"    return func(*args, **kwargs)","{""level"":""error""}","{""project"":""70a52d41-885a-4854-b650-392635199b54"",""environment"":""67be7a60-8b6c-4987-8690-dbef25befe73"",""service"":""0f0f8a2f-9703-4f78-a3ed-8fcc57a55f5a"",""deployment"":""7bae97c9-ccbe-49fe-a672-c3ea4a2a6d1e"",""replica"":""5a8db334-f6d0-4ba9-a018-aa1be977e5fd""}",2026-02-15T09:41:20.977007995Z
           ^^^^^^^^^^^^^^^^^^^^^,"{""level"":""error""}","{""project"":""70a52d41-885a-4854-b650-392635199b54"",""environment"":""67be7a60-8b6c-4987-8690-dbef25befe73"",""service"":""0f0f8a2f-9703-4f78-a3ed-8fcc57a55f5a"",""deployment"":""7bae97c9-ccbe-49fe-a672-c3ea4a2a6d1e"",""replica"":""5a8db334-f6d0-4ba9-a018-aa1be977e5fd""}",2026-02-15T09:41:20.977014425Z
"  File ""/usr/local/lib/python3.11/site-packages/django/db/backends/postgresql/base.py"", line 332, in get_new_connection","{""level"":""error""}","{""project"":""70a52d41-885a-4854-b650-392635199b54"",""environment"":""67be7a60-8b6c-4987-8690-dbef25befe73"",""service"":""0f0f8a2f-9703-4f78-a3ed-8fcc57a55f5a"",""deployment"":""7bae97c9-ccbe-49fe-a672-c3ea4a2a6d1e"",""replica"":""5a8db334-f6d0-4ba9-a018-aa1be977e5fd""}",2026-02-15T09:41:20.977020945Z
    connection = self.Database.connect(**conn_params),"{""level"":""error""}","{""project"":""70a52d41-885a-4854-b650-392635199b54"",""environment"":""67be7a60-8b6c-4987-8690-dbef25befe73"",""service"":""0f0f8a2f-9703-4f78-a3ed-8fcc57a55f5a"",""deployment"":""7bae97c9-ccbe-49fe-a672-c3ea4a2a6d1e"",""replica"":""5a8db334-f6d0-4ba9-a018-aa1be977e5fd""}",2026-02-15T09:41:20.977026665Z
                 ^^^^^^^^^^^^^^^^^^^^^^^^^^^^^^^^^^^^,"{""level"":""error""}","{""project"":""70a52d41-885a-4854-b650-392635199b54"",""environment"":""67be7a60-8b6c-4987-8690-dbef25befe73"",""service"":""0f0f8a2f-9703-4f78-a3ed-8fcc57a55f5a"",""deployment"":""7bae97c9-ccbe-49fe-a672-c3ea4a2a6d1e"",""replica"":""5a8db334-f6d0-4ba9-a018-aa1be977e5fd""}",2026-02-15T09:41:20.977032785Z
"  File ""/usr/local/lib/python3.11/site-packages/psycopg2/__init__.py"", line 122, in connect","{""level"":""error""}","{""project"":""70a52d41-885a-4854-b650-392635199b54"",""environment"":""67be7a60-8b6c-4987-8690-dbef25befe73"",""service"":""0f0f8a2f-9703-4f78-a3ed-8fcc57a55f5a"",""deployment"":""7bae97c9-ccbe-49fe-a672-c3ea4a2a6d1e"",""replica"":""5a8db334-f6d0-4ba9-a018-aa1be977e5fd""}",2026-02-15T09:41:20.977038865Z
"    conn = _connect(dsn, connection_factory=connection_factory, **kwasync)","{""level"":""error""}","{""project"":""70a52d41-885a-4854-b650-392635199b54"",""environment"":""67be7a60-8b6c-4987-8690-dbef25befe73"",""service"":""0f0f8a2f-9703-4f78-a3ed-8fcc57a55f5a"",""deployment"":""7bae97c9-ccbe-49fe-a672-c3ea4a2a6d1e"",""replica"":""5a8db334-f6d0-4ba9-a018-aa1be977e5fd""}",2026-02-15T09:41:20.977045505Z
           ^^^^^^^^^^^^^^^^^^^^^^^^^^^^^^^^^^^^^^^^^^^^^^^^^^^^^^^^^^^^^^^,"{""level"":""error""}","{""project"":""70a52d41-885a-4854-b650-392635199b54"",""environment"":""67be7a60-8b6c-4987-8690-dbef25befe73"",""service"":""0f0f8a2f-9703-4f78-a3ed-8fcc57a55f5a"",""deployment"":""7bae97c9-ccbe-49fe-a672-c3ea4a2a6d1e"",""replica"":""5a8db334-f6d0-4ba9-a018-aa1be977e5fd""}",2026-02-15T09:41:20.977051605Z
"psycopg2.OperationalError: connection to server at ""15.164.188.235"", port 5432 failed: FATAL:  MaxClientsInSessionMode: max clients reached - in Session mode max clients are limited to pool_size","{""level"":""error""}","{""project"":""70a52d41-885a-4854-b650-392635199b54"",""environment"":""67be7a60-8b6c-4987-8690-dbef25befe73"",""service"":""0f0f8a2f-9703-4f78-a3ed-8fcc57a55f5a"",""deployment"":""7bae97c9-ccbe-49fe-a672-c3ea4a2a6d1e"",""replica"":""5a8db334-f6d0-4ba9-a018-aa1be977e5fd""}",2026-02-15T09:41:20.977057695Z
,"{""level"":""error""}","{""project"":""70a52d41-885a-4854-b650-392635199b54"",""environment"":""67be7a60-8b6c-4987-8690-dbef25befe73"",""service"":""0f0f8a2f-9703-4f78-a3ed-8fcc57a55f5a"",""deployment"":""7bae97c9-ccbe-49fe-a672-c3ea4a2a6d1e"",""replica"":""5a8db334-f6d0-4ba9-a018-aa1be977e5fd""}",2026-02-15T09:41:20.977064475Z
,"{""level"":""error""}","{""project"":""70a52d41-885a-4854-b650-392635199b54"",""environment"":""67be7a60-8b6c-4987-8690-dbef25befe73"",""service"":""0f0f8a2f-9703-4f78-a3ed-8fcc57a55f5a"",""deployment"":""7bae97c9-ccbe-49fe-a672-c3ea4a2a6d1e"",""replica"":""5a8db334-f6d0-4ba9-a018-aa1be977e5fd""}",2026-02-15T09:41:20.977070355Z
The above exception was the direct cause of the following exception:,"{""level"":""error""}","{""project"":""70a52d41-885a-4854-b650-392635199b54"",""environment"":""67be7a60-8b6c-4987-8690-dbef25befe73"",""service"":""0f0f8a2f-9703-4f78-a3ed-8fcc57a55f5a"",""deployment"":""7bae97c9-ccbe-49fe-a672-c3ea4a2a6d1e"",""replica"":""5a8db334-f6d0-4ba9-a018-aa1be977e5fd""}",2026-02-15T09:41:20.977076485Z
,"{""level"":""error""}","{""project"":""70a52d41-885a-4854-b650-392635199b54"",""environment"":""67be7a60-8b6c-4987-8690-dbef25befe73"",""service"":""0f0f8a2f-9703-4f78-a3ed-8fcc57a55f5a"",""deployment"":""7bae97c9-ccbe-49fe-a672-c3ea4a2a6d1e"",""replica"":""5a8db334-f6d0-4ba9-a018-aa1be977e5fd""}",2026-02-15T09:41:20.977081955Z
Traceback (most recent call last):,"{""level"":""error""}","{""project"":""70a52d41-885a-4854-b650-392635199b54"",""environment"":""67be7a60-8b6c-4987-8690-dbef25befe73"",""service"":""0f0f8a2f-9703-4f78-a3ed-8fcc57a55f5a"",""deployment"":""7bae97c9-ccbe-49fe-a672-c3ea4a2a6d1e"",""replica"":""5a8db334-f6d0-4ba9-a018-aa1be977e5fd""}",2026-02-15T09:41:20.977089265Z
"  File ""/usr/local/lib/python3.11/site-packages/asgiref/sync.py"", line 557, in thread_handler","{""level"":""error""}","{""project"":""70a52d41-885a-4854-b650-392635199b54"",""environment"":""67be7a60-8b6c-4987-8690-dbef25befe73"",""service"":""0f0f8a2f-9703-4f78-a3ed-8fcc57a55f5a"",""deployment"":""7bae97c9-ccbe-49fe-a672-c3ea4a2a6d1e"",""replica"":""5a8db334-f6d0-4ba9-a018-aa1be977e5fd""}",2026-02-15T09:41:20.977095495Z
    raise exc_info[1],"{""level"":""error""}","{""project"":""70a52d41-885a-4854-b650-392635199b54"",""environment"":""67be7a60-8b6c-4987-8690-dbef25befe73"",""service"":""0f0f8a2f-9703-4f78-a3ed-8fcc57a55f5a"",""deployment"":""7bae97c9-ccbe-49fe-a672-c3ea4a2a6d1e"",""replica"":""5a8db334-f6d0-4ba9-a018-aa1be977e5fd""}",2026-02-15T09:41:20.977101335Z
"  File ""/usr/local/lib/python3.11/site-packages/django/core/handlers/exception.py"", line 42, in inner","{""level"":""error""}","{""project"":""70a52d41-885a-4854-b650-392635199b54"",""environment"":""67be7a60-8b6c-4987-8690-dbef25befe73"",""service"":""0f0f8a2f-9703-4f78-a3ed-8fcc57a55f5a"",""deployment"":""7bae97c9-ccbe-49fe-a672-c3ea4a2a6d1e"",""replica"":""5a8db334-f6d0-4ba9-a018-aa1be977e5fd""}",2026-02-15T09:41:20.977107125Z
    response = await get_response(request),"{""level"":""error""}","{""project"":""70a52d41-885a-4854-b650-392635199b54"",""environment"":""67be7a60-8b6c-4987-8690-dbef25befe73"",""service"":""0f0f8a2f-9703-4f78-a3ed-8fcc57a55f5a"",""deployment"":""7bae97c9-ccbe-49fe-a672-c3ea4a2a6d1e"",""replica"":""5a8db334-f6d0-4ba9-a018-aa1be977e5fd""}",2026-02-15T09:41:20.977114475Z
               ^^^^^^^^^^^^^^^^^^^^^^^^^^^,"{""level"":""error""}","{""project"":""70a52d41-885a-4854-b650-392635199b54"",""environment"":""67be7a60-8b6c-4987-8690-dbef25befe73"",""service"":""0f0f8a2f-9703-4f78-a3ed-8fcc57a55f5a"",""deployment"":""7bae97c9-ccbe-49fe-a672-c3ea4a2a6d1e"",""replica"":""5a8db334-f6d0-4ba9-a018-aa1be977e5fd""}",2026-02-15T09:41:20.977119715Z
"  File ""/usr/local/lib/python3.11/site-packages/asgiref/sync.py"", line 557, in thread_handler","{""level"":""error""}","{""project"":""70a52d41-885a-4854-b650-392635199b54"",""environment"":""67be7a60-8b6c-4987-8690-dbef25befe73"",""service"":""0f0f8a2f-9703-4f78-a3ed-8fcc57a55f5a"",""deployment"":""7bae97c9-ccbe-49fe-a672-c3ea4a2a6d1e"",""replica"":""5a8db334-f6d0-4ba9-a018-aa1be977e5fd""}",2026-02-15T09:41:20.977125885Z
    raise exc_info[1],"{""level"":""error""}","{""project"":""70a52d41-885a-4854-b650-392635199b54"",""environment"":""67be7a60-8b6c-4987-8690-dbef25befe73"",""service"":""0f0f8a2f-9703-4f78-a3ed-8fcc57a55f5a"",""deployment"":""7bae97c9-ccbe-49fe-a672-c3ea4a2a6d1e"",""replica"":""5a8db334-f6d0-4ba9-a018-aa1be977e5fd""}",2026-02-15T09:41:20.977435225Z
"  File ""/usr/local/lib/python3.11/site-packages/django/core/handlers/base.py"", line 253, in _get_response_async","{""level"":""error""}","{""project"":""70a52d41-885a-4854-b650-392635199b54"",""environment"":""67be7a60-8b6c-4987-8690-dbef25befe73"",""service"":""0f0f8a2f-9703-4f78-a3ed-8fcc57a55f5a"",""deployment"":""7bae97c9-ccbe-49fe-a672-c3ea4a2a6d1e"",""replica"":""5a8db334-f6d0-4ba9-a018-aa1be977e5fd""}",2026-02-15T09:41:20.977442235Z
    response = await wrapped_callback(,"{""level"":""error""}","{""project"":""70a52d41-885a-4854-b650-392635199b54"",""environment"":""67be7a60-8b6c-4987-8690-dbef25befe73"",""service"":""0f0f8a2f-9703-4f78-a3ed-8fcc57a55f5a"",""deployment"":""7bae97c9-ccbe-49fe-a672-c3ea4a2a6d1e"",""replica"":""5a8db334-f6d0-4ba9-a018-aa1be977e5fd""}",2026-02-15T09:41:20.977462885Z
               ^^^^^^^^^^^^^^^^^^^^^^^,"{""level"":""error""}","{""project"":""70a52d41-885a-4854-b650-392635199b54"",""environment"":""67be7a60-8b6c-4987-8690-dbef25befe73"",""service"":""0f0f8a2f-9703-4f78-a3ed-8fcc57a55f5a"",""deployment"":""7bae97c9-ccbe-49fe-a672-c3ea4a2a6d1e"",""replica"":""5a8db334-f6d0-4ba9-a018-aa1be977e5fd""}",2026-02-15T09:41:20.977469555Z
"  File ""/usr/local/lib/python3.11/site-packages/asgiref/sync.py"", line 506, in __call__","{""level"":""error""}","{""project"":""70a52d41-885a-4854-b650-392635199b54"",""environment"":""67be7a60-8b6c-4987-8690-dbef25befe73"",""service"":""0f0f8a2f-9703-4f78-a3ed-8fcc57a55f5a"",""deployment"":""7bae97c9-ccbe-49fe-a672-c3ea4a2a6d1e"",""replica"":""5a8db334-f6d0-4ba9-a018-aa1be977e5fd""}",2026-02-15T09:41:20.977474565Z
    ret = await asyncio.shield(exec_coro),"{""level"":""error""}","{""project"":""70a52d41-885a-4854-b650-392635199b54"",""environment"":""67be7a60-8b6c-4987-8690-dbef25befe73"",""service"":""0f0f8a2f-9703-4f78-a3ed-8fcc57a55f5a"",""deployment"":""7bae97c9-ccbe-49fe-a672-c3ea4a2a6d1e"",""replica"":""5a8db334-f6d0-4ba9-a018-aa1be977e5fd""}",2026-02-15T09:41:20.977481725Z
          ^^^^^^^^^^^^^^^^^^^^^^^^^^^^^^^,"{""level"":""error""}","{""project"":""70a52d41-885a-4854-b650-392635199b54"",""environment"":""67be7a60-8b6c-4987-8690-dbef25befe73"",""service"":""0f0f8a2f-9703-4f78-a3ed-8fcc57a55f5a"",""deployment"":""7bae97c9-ccbe-49fe-a672-c3ea4a2a6d1e"",""replica"":""5a8db334-f6d0-4ba9-a018-aa1be977e5fd""}",2026-02-15T09:41:20.977489215Z
"  File ""/usr/local/lib/python3.11/site-packages/asgiref/current_thread_executor.py"", line 40, in run","{""level"":""error""}","{""project"":""70a52d41-885a-4854-b650-392635199b54"",""environment"":""67be7a60-8b6c-4987-8690-dbef25befe73"",""service"":""0f0f8a2f-9703-4f78-a3ed-8fcc57a55f5a"",""deployment"":""7bae97c9-ccbe-49fe-a672-c3ea4a2a6d1e"",""replica"":""5a8db334-f6d0-4ba9-a018-aa1be977e5fd""}",2026-02-15T09:41:20.977496855Z
"    result = self.fn(*self.args, **self.kwargs)","{""level"":""error""}","{""project"":""70a52d41-885a-4854-b650-392635199b54"",""environment"":""67be7a60-8b6c-4987-8690-dbef25befe73"",""service"":""0f0f8a2f-9703-4f78-a3ed-8fcc57a55f5a"",""deployment"":""7bae97c9-ccbe-49fe-a672-c3ea4a2a6d1e"",""replica"":""5a8db334-f6d0-4ba9-a018-aa1be977e5fd""}",2026-02-15T09:41:20.977504895Z
             ^^^^^^^^^^^^^^^^^^^^^^^^^^^^^^^^^^,"{""level"":""error""}","{""project"":""70a52d41-885a-4854-b650-392635199b54"",""environment"":""67be7a60-8b6c-4987-8690-dbef25befe73"",""service"":""0f0f8a2f-9703-4f78-a3ed-8fcc57a55f5a"",""deployment"":""7bae97c9-ccbe-49fe-a672-c3ea4a2a6d1e"",""replica"":""5a8db334-f6d0-4ba9-a018-aa1be977e5fd""}",2026-02-15T09:41:20.977512565Z
"  File ""/usr/local/lib/python3.11/site-packages/asgiref/sync.py"", line 561, in thread_handler","{""level"":""error""}","{""project"":""70a52d41-885a-4854-b650-392635199b54"",""environment"":""67be7a60-8b6c-4987-8690-dbef25befe73"",""service"":""0f0f8a2f-9703-4f78-a3ed-8fcc57a55f5a"",""deployment"":""7bae97c9-ccbe-49fe-a672-c3ea4a2a6d1e"",""replica"":""5a8db334-f6d0-4ba9-a018-aa1be977e5fd""}",2026-02-15T09:41:20.977518965Z
"    return func(*args, **kwargs)","{""level"":""error""}","{""project"":""70a52d41-885a-4854-b650-392635199b54"",""environment"":""67be7a60-8b6c-4987-8690-dbef25befe73"",""service"":""0f0f8a2f-9703-4f78-a3ed-8fcc57a55f5a"",""deployment"":""7bae97c9-ccbe-49fe-a672-c3ea4a2a6d1e"",""replica"":""5a8db334-f6d0-4ba9-a018-aa1be977e5fd""}",2026-02-15T09:41:20.977526925Z
           ^^^^^^^^^^^^^^^^^^^^^,"{""level"":""error""}","{""project"":""70a52d41-885a-4854-b650-392635199b54"",""environment"":""67be7a60-8b6c-4987-8690-dbef25befe73"",""service"":""0f0f8a2f-9703-4f78-a3ed-8fcc57a55f5a"",""deployment"":""7bae97c9-ccbe-49fe-a672-c3ea4a2a6d1e"",""replica"":""5a8db334-f6d0-4ba9-a018-aa1be977e5fd""}",2026-02-15T09:41:20.977535025Z
"  File ""/usr/local/lib/python3.11/site-packages/django/views/decorators/csrf.py"", line 65, in _view_wrapper","{""level"":""error""}","{""project"":""70a52d41-885a-4854-b650-392635199b54"",""environment"":""67be7a60-8b6c-4987-8690-dbef25befe73"",""service"":""0f0f8a2f-9703-4f78-a3ed-8fcc57a55f5a"",""deployment"":""7bae97c9-ccbe-49fe-a672-c3ea4a2a6d1e"",""replica"":""5a8db334-f6d0-4ba9-a018-aa1be977e5fd""}",2026-02-15T09:41:20.977542225Z
"    return view_func(request, *args, **kwargs)","{""level"":""error""}","{""project"":""70a52d41-885a-4854-b650-392635199b54"",""environment"":""67be7a60-8b6c-4987-8690-dbef25befe73"",""service"":""0f0f8a2f-9703-4f78-a3ed-8fcc57a55f5a"",""deployment"":""7bae97c9-ccbe-49fe-a672-c3ea4a2a6d1e"",""replica"":""5a8db334-f6d0-4ba9-a018-aa1be977e5fd""}",2026-02-15T09:41:20.977549795Z
           ^^^^^^^^^^^^^^^^^^^^^^^^^^^^^^^^^^^,"{""level"":""error""}","{""project"":""70a52d41-885a-4854-b650-392635199b54"",""environment"":""67be7a60-8b6c-4987-8690-dbef25befe73"",""service"":""0f0f8a2f-9703-4f78-a3ed-8fcc57a55f5a"",""deployment"":""7bae97c9-ccbe-49fe-a672-c3ea4a2a6d1e"",""replica"":""5a8db334-f6d0-4ba9-a018-aa1be977e5fd""}",2026-02-15T09:41:20.977555965Z
"  File ""/usr/local/lib/python3.11/site-packages/rest_framework/viewsets.py"", line 125, in view","{""level"":""error""}","{""project"":""70a52d41-885a-4854-b650-392635199b54"",""environment"":""67be7a60-8b6c-4987-8690-dbef25befe73"",""service"":""0f0f8a2f-9703-4f78-a3ed-8fcc57a55f5a"",""deployment"":""7bae97c9-ccbe-49fe-a672-c3ea4a2a6d1e"",""replica"":""5a8db334-f6d0-4ba9-a018-aa1be977e5fd""}",2026-02-15T09:41:20.977560605Z
"    return self.dispatch(request, *args, **kwargs)","{""level"":""error""}","{""project"":""70a52d41-885a-4854-b650-392635199b54"",""environment"":""67be7a60-8b6c-4987-8690-dbef25befe73"",""service"":""0f0f8a2f-9703-4f78-a3ed-8fcc57a55f5a"",""deployment"":""7bae97c9-ccbe-49fe-a672-c3ea4a2a6d1e"",""replica"":""5a8db334-f6d0-4ba9-a018-aa1be977e5fd""}",2026-02-15T09:41:20.977565655Z
           ^^^^^^^^^^^^^^^^^^^^^^^^^^^^^^^^^^^^^^^,"{""level"":""error""}","{""project"":""70a52d41-885a-4854-b650-392635199b54"",""environment"":""67be7a60-8b6c-4987-8690-dbef25befe73"",""service"":""0f0f8a2f-9703-4f78-a3ed-8fcc57a55f5a"",""deployment"":""7bae97c9-ccbe-49fe-a672-c3ea4a2a6d1e"",""replica"":""5a8db334-f6d0-4ba9-a018-aa1be977e5fd""}",2026-02-15T09:41:20.977570145Z
"  File ""/usr/local/lib/python3.11/site-packages/rest_framework/views.py"", line 515, in dispatch","{""level"":""error""}","{""project"":""70a52d41-885a-4854-b650-392635199b54"",""environment"":""67be7a60-8b6c-4987-8690-dbef25befe73"",""service"":""0f0f8a2f-9703-4f78-a3ed-8fcc57a55f5a"",""deployment"":""7bae97c9-ccbe-49fe-a672-c3ea4a2a6d1e"",""replica"":""5a8db334-f6d0-4ba9-a018-aa1be977e5fd""}",2026-02-15T09:41:20.977575495Z
    response = self.handle_exception(exc),"{""level"":""error""}","{""project"":""70a52d41-885a-4854-b650-392635199b54"",""environment"":""67be7a60-8b6c-4987-8690-dbef25befe73"",""service"":""0f0f8a2f-9703-4f78-a3ed-8fcc57a55f5a"",""deployment"":""7bae97c9-ccbe-49fe-a672-c3ea4a2a6d1e"",""replica"":""5a8db334-f6d0-4ba9-a018-aa1be977e5fd""}",2026-02-15T09:41:20.978140455Z
               ^^^^^^^^^^^^^^^^^^^^^^^^^^,"{""level"":""error""}","{""project"":""70a52d41-885a-4854-b650-392635199b54"",""environment"":""67be7a60-8b6c-4987-8690-dbef25befe73"",""service"":""0f0f8a2f-9703-4f78-a3ed-8fcc57a55f5a"",""deployment"":""7bae97c9-ccbe-49fe-a672-c3ea4a2a6d1e"",""replica"":""5a8db334-f6d0-4ba9-a018-aa1be977e5fd""}",2026-02-15T09:41:20.978152955Z
"  File ""/usr/local/lib/python3.11/site-packages/rest_framework/views.py"", line 475, in handle_exception","{""level"":""error""}","{""project"":""70a52d41-885a-4854-b650-392635199b54"",""environment"":""67be7a60-8b6c-4987-8690-dbef25befe73"",""service"":""0f0f8a2f-9703-4f78-a3ed-8fcc57a55f5a"",""deployment"":""7bae97c9-ccbe-49fe-a672-c3ea4a2a6d1e"",""replica"":""5a8db334-f6d0-4ba9-a018-aa1be977e5fd""}",2026-02-15T09:41:20.978159615Z
    self.raise_uncaught_exception(exc),"{""level"":""error""}","{""project"":""70a52d41-885a-4854-b650-392635199b54"",""environment"":""67be7a60-8b6c-4987-8690-dbef25befe73"",""service"":""0f0f8a2f-9703-4f78-a3ed-8fcc57a55f5a"",""deployment"":""7bae97c9-ccbe-49fe-a672-c3ea4a2a6d1e"",""replica"":""5a8db334-f6d0-4ba9-a018-aa1be977e5fd""}",2026-02-15T09:41:20.978167935Z
"  File ""/usr/local/lib/python3.11/site-packages/rest_framework/views.py"", line 330, in perform_authentication","{""level"":""error""}","{""project"":""70a52d41-885a-4854-b650-392635199b54"",""environment"":""67be7a60-8b6c-4987-8690-dbef25befe73"",""service"":""0f0f8a2f-9703-4f78-a3ed-8fcc57a55f5a"",""deployment"":""7bae97c9-ccbe-49fe-a672-c3ea4a2a6d1e"",""replica"":""5a8db334-f6d0-4ba9-a018-aa1be977e5fd""}",2026-02-15T09:41:20.978175545Z
"  File ""/usr/local/lib/python3.11/site-packages/rest_framework/views.py"", line 486, in raise_uncaught_exception","{""level"":""error""}","{""project"":""70a52d41-885a-4854-b650-392635199b54"",""environment"":""67be7a60-8b6c-4987-8690-dbef25befe73"",""service"":""0f0f8a2f-9703-4f78-a3ed-8fcc57a55f5a"",""deployment"":""7bae97c9-ccbe-49fe-a672-c3ea4a2a6d1e"",""replica"":""5a8db334-f6d0-4ba9-a018-aa1be977e5fd""}",2026-02-15T09:41:20.978176965Z
    raise exc,"{""level"":""error""}","{""project"":""70a52d41-885a-4854-b650-392635199b54"",""environment"":""67be7a60-8b6c-4987-8690-dbef25befe73"",""service"":""0f0f8a2f-9703-4f78-a3ed-8fcc57a55f5a"",""deployment"":""7bae97c9-ccbe-49fe-a672-c3ea4a2a6d1e"",""replica"":""5a8db334-f6d0-4ba9-a018-aa1be977e5fd""}",2026-02-15T09:41:20.978183285Z
"  File ""/usr/local/lib/python3.11/site-packages/rest_framework/views.py"", line 503, in dispatch","{""level"":""error""}","{""project"":""70a52d41-885a-4854-b650-392635199b54"",""environment"":""67be7a60-8b6c-4987-8690-dbef25befe73"",""service"":""0f0f8a2f-9703-4f78-a3ed-8fcc57a55f5a"",""deployment"":""7bae97c9-ccbe-49fe-a672-c3ea4a2a6d1e"",""replica"":""5a8db334-f6d0-4ba9-a018-aa1be977e5fd""}",2026-02-15T09:41:20.978188065Z
"    self.initial(request, *args, **kwargs)","{""level"":""error""}","{""project"":""70a52d41-885a-4854-b650-392635199b54"",""environment"":""67be7a60-8b6c-4987-8690-dbef25befe73"",""service"":""0f0f8a2f-9703-4f78-a3ed-8fcc57a55f5a"",""deployment"":""7bae97c9-ccbe-49fe-a672-c3ea4a2a6d1e"",""replica"":""5a8db334-f6d0-4ba9-a018-aa1be977e5fd""}",2026-02-15T09:41:20.978197045Z
    request.user,"{""level"":""error""}","{""project"":""70a52d41-885a-4854-b650-392635199b54"",""environment"":""67be7a60-8b6c-4987-8690-dbef25befe73"",""service"":""0f0f8a2f-9703-4f78-a3ed-8fcc57a55f5a"",""deployment"":""7bae97c9-ccbe-49fe-a672-c3ea4a2a6d1e"",""replica"":""5a8db334-f6d0-4ba9-a018-aa1be977e5fd""}",2026-02-15T09:41:20.978206885Z
"  File ""/usr/local/lib/python3.11/site-packages/rest_framework/views.py"", line 420, in initial","{""level"":""error""}","{""project"":""70a52d41-885a-4854-b650-392635199b54"",""environment"":""67be7a60-8b6c-4987-8690-dbef25befe73"",""service"":""0f0f8a2f-9703-4f78-a3ed-8fcc57a55f5a"",""deployment"":""7bae97c9-ccbe-49fe-a672-c3ea4a2a6d1e"",""replica"":""5a8db334-f6d0-4ba9-a018-aa1be977e5fd""}",2026-02-15T09:41:20.978207295Z
    self.perform_authentication(request),"{""level"":""error""}","{""project"":""70a52d41-885a-4854-b650-392635199b54"",""environment"":""67be7a60-8b6c-4987-8690-dbef25befe73"",""service"":""0f0f8a2f-9703-4f78-a3ed-8fcc57a55f5a"",""deployment"":""7bae97c9-ccbe-49fe-a672-c3ea4a2a6d1e"",""replica"":""5a8db334-f6d0-4ba9-a018-aa1be977e5fd""}",2026-02-15T09:41:20.978216515Z
"  File ""/usr/local/lib/python3.11/site-packages/rest_framework/request.py"", line 232, in user","{""level"":""error""}","{""project"":""70a52d41-885a-4854-b650-392635199b54"",""environment"":""67be7a60-8b6c-4987-8690-dbef25befe73"",""service"":""0f0f8a2f-9703-4f78-a3ed-8fcc57a55f5a"",""deployment"":""7bae97c9-ccbe-49fe-a672-c3ea4a2a6d1e"",""replica"":""5a8db334-f6d0-4ba9-a018-aa1be977e5fd""}",2026-02-15T09:41:20.978225175Z
    self._authenticate(),"{""level"":""error""}","{""project"":""70a52d41-885a-4854-b650-392635199b54"",""environment"":""67be7a60-8b6c-4987-8690-dbef25befe73"",""service"":""0f0f8a2f-9703-4f78-a3ed-8fcc57a55f5a"",""deployment"":""7bae97c9-ccbe-49fe-a672-c3ea4a2a6d1e"",""replica"":""5a8db334-f6d0-4ba9-a018-aa1be977e5fd""}",2026-02-15T09:41:20.978238165Z
"  File ""/usr/local/lib/python3.11/site-packages/rest_framework/request.py"", line 385, in _authenticate","{""level"":""error""}","{""project"":""70a52d41-885a-4854-b650-392635199b54"",""environment"":""67be7a60-8b6c-4987-8690-dbef25befe73"",""service"":""0f0f8a2f-9703-4f78-a3ed-8fcc57a55f5a"",""deployment"":""7bae97c9-ccbe-49fe-a672-c3ea4a2a6d1e"",""replica"":""5a8db334-f6d0-4ba9-a018-aa1be977e5fd""}",2026-02-15T09:41:20.978249875Z
    user_auth_tuple = authenticator.authenticate(self),"{""level"":""error""}","{""project"":""70a52d41-885a-4854-b650-392635199b54"",""environment"":""67be7a60-8b6c-4987-8690-dbef25befe73"",""service"":""0f0f8a2f-9703-4f78-a3ed-8fcc57a55f5a"",""deployment"":""7bae97c9-ccbe-49fe-a672-c3ea4a2a6d1e"",""replica"":""5a8db334-f6d0-4ba9-a018-aa1be977e5fd""}",2026-02-15T09:41:20.978271675Z
                      ^^^^^^^^^^^^^^^^^^^^^^^^^^^^^^^^,"{""level"":""error""}","{""project"":""70a52d41-885a-4854-b650-392635199b54"",""environment"":""67be7a60-8b6c-4987-8690-dbef25befe73"",""service"":""0f0f8a2f-9703-4f78-a3ed-8fcc57a55f5a"",""deployment"":""7bae97c9-ccbe-49fe-a672-c3ea4a2a6d1e"",""replica"":""5a8db334-f6d0-4ba9-a018-aa1be977e5fd""}",2026-02-15T09:41:20.978293405Z
"  File ""/usr/local/lib/python3.11/site-packages/rest_framework_simplejwt/authentication.py"", line 51, in authenticate","{""level"":""error""}","{""project"":""70a52d41-885a-4854-b650-392635199b54"",""environment"":""67be7a60-8b6c-4987-8690-dbef25befe73"",""service"":""0f0f8a2f-9703-4f78-a3ed-8fcc57a55f5a"",""deployment"":""7bae97c9-ccbe-49fe-a672-c3ea4a2a6d1e"",""replica"":""5a8db334-f6d0-4ba9-a018-aa1be977e5fd""}",2026-02-15T09:41:20.978303945Z
"    return self.get_user(validated_token), validated_token","{""level"":""error""}","{""project"":""70a52d41-885a-4854-b650-392635199b54"",""environment"":""67be7a60-8b6c-4987-8690-dbef25befe73"",""service"":""0f0f8a2f-9703-4f78-a3ed-8fcc57a55f5a"",""deployment"":""7bae97c9-ccbe-49fe-a672-c3ea4a2a6d1e"",""replica"":""5a8db334-f6d0-4ba9-a018-aa1be977e5fd""}",2026-02-15T09:41:20.978312895Z
    self._fetch_all(),"{""level"":""error""}","{""project"":""70a52d41-885a-4854-b650-392635199b54"",""environment"":""67be7a60-8b6c-4987-8690-dbef25befe73"",""service"":""0f0f8a2f-9703-4f78-a3ed-8fcc57a55f5a"",""deployment"":""7bae97c9-ccbe-49fe-a672-c3ea4a2a6d1e"",""replica"":""5a8db334-f6d0-4ba9-a018-aa1be977e5fd""}",2026-02-15T09:41:20.978636265Z
           ^^^^^^^^^^^^^^^^^^^^^^^^^^^^^^,"{""level"":""error""}","{""project"":""70a52d41-885a-4854-b650-392635199b54"",""environment"":""67be7a60-8b6c-4987-8690-dbef25befe73"",""service"":""0f0f8a2f-9703-4f78-a3ed-8fcc57a55f5a"",""deployment"":""7bae97c9-ccbe-49fe-a672-c3ea4a2a6d1e"",""replica"":""5a8db334-f6d0-4ba9-a018-aa1be977e5fd""}",2026-02-15T09:41:20.978636934Z
"  File ""/usr/local/lib/python3.11/site-packages/django/db/models/manager.py"", line 87, in manager_method","{""level"":""error""}","{""project"":""70a52d41-885a-4854-b650-392635199b54"",""environment"":""67be7a60-8b6c-4987-8690-dbef25befe73"",""service"":""0f0f8a2f-9703-4f78-a3ed-8fcc57a55f5a"",""deployment"":""7bae97c9-ccbe-49fe-a672-c3ea4a2a6d1e"",""replica"":""5a8db334-f6d0-4ba9-a018-aa1be977e5fd""}",2026-02-15T09:41:20.978649185Z
"  File ""/usr/local/lib/python3.11/site-packages/rest_framework_simplejwt/authentication.py"", line 132, in get_user","{""level"":""error""}","{""project"":""70a52d41-885a-4854-b650-392635199b54"",""environment"":""67be7a60-8b6c-4987-8690-dbef25befe73"",""service"":""0f0f8a2f-9703-4f78-a3ed-8fcc57a55f5a"",""deployment"":""7bae97c9-ccbe-49fe-a672-c3ea4a2a6d1e"",""replica"":""5a8db334-f6d0-4ba9-a018-aa1be977e5fd""}",2026-02-15T09:41:20.978657234Z
"  File ""/usr/local/lib/python3.11/site-packages/django/db/models/query.py"", line 1954, in _fetch_all","{""level"":""error""}","{""project"":""70a52d41-885a-4854-b650-392635199b54"",""environment"":""67be7a60-8b6c-4987-8690-dbef25befe73"",""service"":""0f0f8a2f-9703-4f78-a3ed-8fcc57a55f5a"",""deployment"":""7bae97c9-ccbe-49fe-a672-c3ea4a2a6d1e"",""replica"":""5a8db334-f6d0-4ba9-a018-aa1be977e5fd""}",2026-02-15T09:41:20.978670285Z
"    return getattr(self.get_queryset(), name)(*args, **kwargs)","{""level"":""error""}","{""project"":""70a52d41-885a-4854-b650-392635199b54"",""environment"":""67be7a60-8b6c-4987-8690-dbef25befe73"",""service"":""0f0f8a2f-9703-4f78-a3ed-8fcc57a55f5a"",""deployment"":""7bae97c9-ccbe-49fe-a672-c3ea4a2a6d1e"",""replica"":""5a8db334-f6d0-4ba9-a018-aa1be977e5fd""}",2026-02-15T09:41:20.978670705Z
    user = self.user_model.objects.get(**{api_settings.USER_ID_FIELD: user_id}),"{""level"":""error""}","{""project"":""70a52d41-885a-4854-b650-392635199b54"",""environment"":""67be7a60-8b6c-4987-8690-dbef25befe73"",""service"":""0f0f8a2f-9703-4f78-a3ed-8fcc57a55f5a"",""deployment"":""7bae97c9-ccbe-49fe-a672-c3ea4a2a6d1e"",""replica"":""5a8db334-f6d0-4ba9-a018-aa1be977e5fd""}",2026-02-15T09:41:20.978673574Z
           ^^^^^^^^^^^^^^^^^^^^^^^^^^^^^^^^^^^^^^^^^^^^^^^^^^^^^^^^^^^^^^^^^^^^,"{""level"":""error""}","{""project"":""70a52d41-885a-4854-b650-392635199b54"",""environment"":""67be7a60-8b6c-4987-8690-dbef25befe73"",""service"":""0f0f8a2f-9703-4f78-a3ed-8fcc57a55f5a"",""deployment"":""7bae97c9-ccbe-49fe-a672-c3ea4a2a6d1e"",""replica"":""5a8db334-f6d0-4ba9-a018-aa1be977e5fd""}",2026-02-15T09:41:20.978690905Z
           ^^^^^^^^^^^^^^^^^^^^^^^^^^^^^^^^^^^^^^^^^^^^^^^^^^^,"{""level"":""error""}","{""project"":""70a52d41-885a-4854-b650-392635199b54"",""environment"":""67be7a60-8b6c-4987-8690-dbef25befe73"",""service"":""0f0f8a2f-9703-4f78-a3ed-8fcc57a55f5a"",""deployment"":""7bae97c9-ccbe-49fe-a672-c3ea4a2a6d1e"",""replica"":""5a8db334-f6d0-4ba9-a018-aa1be977e5fd""}",2026-02-15T09:41:20.978697914Z
    self._result_cache = list(self._iterable_class(self)),"{""level"":""error""}","{""project"":""70a52d41-885a-4854-b650-392635199b54"",""environment"":""67be7a60-8b6c-4987-8690-dbef25befe73"",""service"":""0f0f8a2f-9703-4f78-a3ed-8fcc57a55f5a"",""deployment"":""7bae97c9-ccbe-49fe-a672-c3ea4a2a6d1e"",""replica"":""5a8db334-f6d0-4ba9-a018-aa1be977e5fd""}",2026-02-15T09:41:20.978699374Z
"  File ""/usr/local/lib/python3.11/site-packages/django/db/models/query.py"", line 631, in get","{""level"":""error""}","{""project"":""70a52d41-885a-4854-b650-392635199b54"",""environment"":""67be7a60-8b6c-4987-8690-dbef25befe73"",""service"":""0f0f8a2f-9703-4f78-a3ed-8fcc57a55f5a"",""deployment"":""7bae97c9-ccbe-49fe-a672-c3ea4a2a6d1e"",""replica"":""5a8db334-f6d0-4ba9-a018-aa1be977e5fd""}",2026-02-15T09:41:20.978715254Z
                         ^^^^^^^^^^^^^^^^^^^^^^^^^^^^^^^^,"{""level"":""error""}","{""project"":""70a52d41-885a-4854-b650-392635199b54"",""environment"":""67be7a60-8b6c-4987-8690-dbef25befe73"",""service"":""0f0f8a2f-9703-4f78-a3ed-8fcc57a55f5a"",""deployment"":""7bae97c9-ccbe-49fe-a672-c3ea4a2a6d1e"",""replica"":""5a8db334-f6d0-4ba9-a018-aa1be977e5fd""}",2026-02-15T09:41:20.978726065Z
    num = len(clone),"{""level"":""error""}","{""project"":""70a52d41-885a-4854-b650-392635199b54"",""environment"":""67be7a60-8b6c-4987-8690-dbef25befe73"",""service"":""0f0f8a2f-9703-4f78-a3ed-8fcc57a55f5a"",""deployment"":""7bae97c9-ccbe-49fe-a672-c3ea4a2a6d1e"",""replica"":""5a8db334-f6d0-4ba9-a018-aa1be977e5fd""}",2026-02-15T09:41:20.978729194Z
          ^^^^^^^^^^,"{""level"":""error""}","{""project"":""70a52d41-885a-4854-b650-392635199b54"",""environment"":""67be7a60-8b6c-4987-8690-dbef25befe73"",""service"":""0f0f8a2f-9703-4f78-a3ed-8fcc57a55f5a"",""deployment"":""7bae97c9-ccbe-49fe-a672-c3ea4a2a6d1e"",""replica"":""5a8db334-f6d0-4ba9-a018-aa1be977e5fd""}",2026-02-15T09:41:20.978744705Z
"  File ""/usr/local/lib/python3.11/site-packages/django/db/models/query.py"", line 93, in __iter__","{""level"":""error""}","{""project"":""70a52d41-885a-4854-b650-392635199b54"",""environment"":""67be7a60-8b6c-4987-8690-dbef25befe73"",""service"":""0f0f8a2f-9703-4f78-a3ed-8fcc57a55f5a"",""deployment"":""7bae97c9-ccbe-49fe-a672-c3ea4a2a6d1e"",""replica"":""5a8db334-f6d0-4ba9-a018-aa1be977e5fd""}",2026-02-15T09:41:20.978750645Z
"  File ""/usr/local/lib/python3.11/site-packages/django/db/models/query.py"", line 368, in __len__","{""level"":""error""}","{""project"":""70a52d41-885a-4854-b650-392635199b54"",""environment"":""67be7a60-8b6c-4987-8690-dbef25befe73"",""service"":""0f0f8a2f-9703-4f78-a3ed-8fcc57a55f5a"",""deployment"":""7bae97c9-ccbe-49fe-a672-c3ea4a2a6d1e"",""replica"":""5a8db334-f6d0-4ba9-a018-aa1be977e5fd""}",2026-02-15T09:41:20.978758845Z
    results = compiler.execute_sql(,"{""level"":""error""}","{""project"":""70a52d41-885a-4854-b650-392635199b54"",""environment"":""67be7a60-8b6c-4987-8690-dbef25befe73"",""service"":""0f0f8a2f-9703-4f78-a3ed-8fcc57a55f5a"",""deployment"":""7bae97c9-ccbe-49fe-a672-c3ea4a2a6d1e"",""replica"":""5a8db334-f6d0-4ba9-a018-aa1be977e5fd""}",2026-02-15T09:41:20.978767414Z
              ^^^^^^^^^^^^^^^^^^^^^,"{""level"":""error""}","{""project"":""70a52d41-885a-4854-b650-392635199b54"",""environment"":""67be7a60-8b6c-4987-8690-dbef25befe73"",""service"":""0f0f8a2f-9703-4f78-a3ed-8fcc57a55f5a"",""deployment"":""7bae97c9-ccbe-49fe-a672-c3ea4a2a6d1e"",""replica"":""5a8db334-f6d0-4ba9-a018-aa1be977e5fd""}",2026-02-15T09:41:20.978776994Z
"  File ""/usr/local/lib/python3.11/site-packages/django/db/models/sql/compiler.py"", line 1621, in execute_sql","{""level"":""error""}","{""project"":""70a52d41-885a-4854-b650-392635199b54"",""environment"":""67be7a60-8b6c-4987-8690-dbef25befe73"",""service"":""0f0f8a2f-9703-4f78-a3ed-8fcc57a55f5a"",""deployment"":""7bae97c9-ccbe-49fe-a672-c3ea4a2a6d1e"",""replica"":""5a8db334-f6d0-4ba9-a018-aa1be977e5fd""}",2026-02-15T09:41:20.978788465Z
"  File ""/usr/local/lib/python3.11/site-packages/django/db/backends/base/base.py"", line 279, in ensure_connection","{""level"":""error""}","{""project"":""70a52d41-885a-4854-b650-392635199b54"",""environment"":""67be7a60-8b6c-4987-8690-dbef25befe73"",""service"":""0f0f8a2f-9703-4f78-a3ed-8fcc57a55f5a"",""deployment"":""7bae97c9-ccbe-49fe-a672-c3ea4a2a6d1e"",""replica"":""5a8db334-f6d0-4ba9-a018-aa1be977e5fd""}",2026-02-15T09:41:20.979336185Z
    cursor = self.connection.cursor(),"{""level"":""error""}","{""project"":""70a52d41-885a-4854-b650-392635199b54"",""environment"":""67be7a60-8b6c-4987-8690-dbef25befe73"",""service"":""0f0f8a2f-9703-4f78-a3ed-8fcc57a55f5a"",""deployment"":""7bae97c9-ccbe-49fe-a672-c3ea4a2a6d1e"",""replica"":""5a8db334-f6d0-4ba9-a018-aa1be977e5fd""}",2026-02-15T09:41:20.979342665Z
    self.connect(),"{""level"":""error""}","{""project"":""70a52d41-885a-4854-b650-392635199b54"",""environment"":""67be7a60-8b6c-4987-8690-dbef25befe73"",""service"":""0f0f8a2f-9703-4f78-a3ed-8fcc57a55f5a"",""deployment"":""7bae97c9-ccbe-49fe-a672-c3ea4a2a6d1e"",""replica"":""5a8db334-f6d0-4ba9-a018-aa1be977e5fd""}",2026-02-15T09:41:20.979350334Z
"  File ""/usr/local/lib/python3.11/site-packages/django/utils/asyncio.py"", line 26, in inner","{""level"":""error""}","{""project"":""70a52d41-885a-4854-b650-392635199b54"",""environment"":""67be7a60-8b6c-4987-8690-dbef25befe73"",""service"":""0f0f8a2f-9703-4f78-a3ed-8fcc57a55f5a"",""deployment"":""7bae97c9-ccbe-49fe-a672-c3ea4a2a6d1e"",""replica"":""5a8db334-f6d0-4ba9-a018-aa1be977e5fd""}",2026-02-15T09:41:20.979362894Z
             ^^^^^^^^^^^^^^^^^^^^^^^^,"{""level"":""error""}","{""project"":""70a52d41-885a-4854-b650-392635199b54"",""environment"":""67be7a60-8b6c-4987-8690-dbef25befe73"",""service"":""0f0f8a2f-9703-4f78-a3ed-8fcc57a55f5a"",""deployment"":""7bae97c9-ccbe-49fe-a672-c3ea4a2a6d1e"",""replica"":""5a8db334-f6d0-4ba9-a018-aa1be977e5fd""}",2026-02-15T09:41:20.979369045Z
"  File ""/usr/local/lib/python3.11/site-packages/django/utils/asyncio.py"", line 26, in inner","{""level"":""error""}","{""project"":""70a52d41-885a-4854-b650-392635199b54"",""environment"":""67be7a60-8b6c-4987-8690-dbef25befe73"",""service"":""0f0f8a2f-9703-4f78-a3ed-8fcc57a55f5a"",""deployment"":""7bae97c9-ccbe-49fe-a672-c3ea4a2a6d1e"",""replica"":""5a8db334-f6d0-4ba9-a018-aa1be977e5fd""}",2026-02-15T09:41:20.979369425Z
"  File ""/usr/local/lib/python3.11/site-packages/django/utils/asyncio.py"", line 26, in inner","{""level"":""error""}","{""project"":""70a52d41-885a-4854-b650-392635199b54"",""environment"":""67be7a60-8b6c-4987-8690-dbef25befe73"",""service"":""0f0f8a2f-9703-4f78-a3ed-8fcc57a55f5a"",""deployment"":""7bae97c9-ccbe-49fe-a672-c3ea4a2a6d1e"",""replica"":""5a8db334-f6d0-4ba9-a018-aa1be977e5fd""}",2026-02-15T09:41:20.979382654Z
"    return func(*args, **kwargs)","{""level"":""error""}","{""project"":""70a52d41-885a-4854-b650-392635199b54"",""environment"":""67be7a60-8b6c-4987-8690-dbef25befe73"",""service"":""0f0f8a2f-9703-4f78-a3ed-8fcc57a55f5a"",""deployment"":""7bae97c9-ccbe-49fe-a672-c3ea4a2a6d1e"",""replica"":""5a8db334-f6d0-4ba9-a018-aa1be977e5fd""}",2026-02-15T09:41:20.979388334Z
"    return func(*args, **kwargs)","{""level"":""error""}","{""project"":""70a52d41-885a-4854-b650-392635199b54"",""environment"":""67be7a60-8b6c-4987-8690-dbef25befe73"",""service"":""0f0f8a2f-9703-4f78-a3ed-8fcc57a55f5a"",""deployment"":""7bae97c9-ccbe-49fe-a672-c3ea4a2a6d1e"",""replica"":""5a8db334-f6d0-4ba9-a018-aa1be977e5fd""}",2026-02-15T09:41:20.979393334Z
           ^^^^^^^^^^^^^^^^^^^^^,"{""level"":""error""}","{""project"":""70a52d41-885a-4854-b650-392635199b54"",""environment"":""67be7a60-8b6c-4987-8690-dbef25befe73"",""service"":""0f0f8a2f-9703-4f78-a3ed-8fcc57a55f5a"",""deployment"":""7bae97c9-ccbe-49fe-a672-c3ea4a2a6d1e"",""replica"":""5a8db334-f6d0-4ba9-a018-aa1be977e5fd""}",2026-02-15T09:41:20.979404325Z
           ^^^^^^^^^^^^^^^^^^^^^,"{""level"":""error""}","{""project"":""70a52d41-885a-4854-b650-392635199b54"",""environment"":""67be7a60-8b6c-4987-8690-dbef25befe73"",""service"":""0f0f8a2f-9703-4f78-a3ed-8fcc57a55f5a"",""deployment"":""7bae97c9-ccbe-49fe-a672-c3ea4a2a6d1e"",""replica"":""5a8db334-f6d0-4ba9-a018-aa1be977e5fd""}",2026-02-15T09:41:20.979405325Z
"  File ""/usr/local/lib/python3.11/site-packages/django/db/backends/base/base.py"", line 320, in cursor","{""level"":""error""}","{""project"":""70a52d41-885a-4854-b650-392635199b54"",""environment"":""67be7a60-8b6c-4987-8690-dbef25befe73"",""service"":""0f0f8a2f-9703-4f78-a3ed-8fcc57a55f5a"",""deployment"":""7bae97c9-ccbe-49fe-a672-c3ea4a2a6d1e"",""replica"":""5a8db334-f6d0-4ba9-a018-aa1be977e5fd""}",2026-02-15T09:41:20.979416394Z
"  File ""/usr/local/lib/python3.11/site-packages/django/db/backends/base/base.py"", line 278, in ensure_connection","{""level"":""error""}","{""project"":""70a52d41-885a-4854-b650-392635199b54"",""environment"":""67be7a60-8b6c-4987-8690-dbef25befe73"",""service"":""0f0f8a2f-9703-4f78-a3ed-8fcc57a55f5a"",""deployment"":""7bae97c9-ccbe-49fe-a672-c3ea4a2a6d1e"",""replica"":""5a8db334-f6d0-4ba9-a018-aa1be977e5fd""}",2026-02-15T09:41:20.979420254Z
    return self._cursor(),"{""level"":""error""}","{""project"":""70a52d41-885a-4854-b650-392635199b54"",""environment"":""67be7a60-8b6c-4987-8690-dbef25befe73"",""service"":""0f0f8a2f-9703-4f78-a3ed-8fcc57a55f5a"",""deployment"":""7bae97c9-ccbe-49fe-a672-c3ea4a2a6d1e"",""replica"":""5a8db334-f6d0-4ba9-a018-aa1be977e5fd""}",2026-02-15T09:41:20.979425594Z
    with self.wrap_database_errors:,"{""level"":""error""}","{""project"":""70a52d41-885a-4854-b650-392635199b54"",""environment"":""67be7a60-8b6c-4987-8690-dbef25befe73"",""service"":""0f0f8a2f-9703-4f78-a3ed-8fcc57a55f5a"",""deployment"":""7bae97c9-ccbe-49fe-a672-c3ea4a2a6d1e"",""replica"":""5a8db334-f6d0-4ba9-a018-aa1be977e5fd""}",2026-02-15T09:41:20.979434794Z
           ^^^^^^^^^^^^^^,"{""level"":""error""}","{""project"":""70a52d41-885a-4854-b650-392635199b54"",""environment"":""67be7a60-8b6c-4987-8690-dbef25befe73"",""service"":""0f0f8a2f-9703-4f78-a3ed-8fcc57a55f5a"",""deployment"":""7bae97c9-ccbe-49fe-a672-c3ea4a2a6d1e"",""replica"":""5a8db334-f6d0-4ba9-a018-aa1be977e5fd""}",2026-02-15T09:41:20.979438974Z
"  File ""/usr/local/lib/python3.11/site-packages/django/db/backends/base/base.py"", line 296, in _cursor","{""level"":""error""}","{""project"":""70a52d41-885a-4854-b650-392635199b54"",""environment"":""67be7a60-8b6c-4987-8690-dbef25befe73"",""service"":""0f0f8a2f-9703-4f78-a3ed-8fcc57a55f5a"",""deployment"":""7bae97c9-ccbe-49fe-a672-c3ea4a2a6d1e"",""replica"":""5a8db334-f6d0-4ba9-a018-aa1be977e5fd""}",2026-02-15T09:41:20.979445654Z
"  File ""/usr/local/lib/python3.11/site-packages/django/db/utils.py"", line 91, in __exit__","{""level"":""error""}","{""project"":""70a52d41-885a-4854-b650-392635199b54"",""environment"":""67be7a60-8b6c-4987-8690-dbef25befe73"",""service"":""0f0f8a2f-9703-4f78-a3ed-8fcc57a55f5a"",""deployment"":""7bae97c9-ccbe-49fe-a672-c3ea4a2a6d1e"",""replica"":""5a8db334-f6d0-4ba9-a018-aa1be977e5fd""}",2026-02-15T09:41:20.979449614Z
    self.ensure_connection(),"{""level"":""error""}","{""project"":""70a52d41-885a-4854-b650-392635199b54"",""environment"":""67be7a60-8b6c-4987-8690-dbef25befe73"",""service"":""0f0f8a2f-9703-4f78-a3ed-8fcc57a55f5a"",""deployment"":""7bae97c9-ccbe-49fe-a672-c3ea4a2a6d1e"",""replica"":""5a8db334-f6d0-4ba9-a018-aa1be977e5fd""}",2026-02-15T09:41:20.979459125Z
    raise dj_exc_value.with_traceback(traceback) from exc_value,"{""level"":""error""}","{""project"":""70a52d41-885a-4854-b650-392635199b54"",""environment"":""67be7a60-8b6c-4987-8690-dbef25befe73"",""service"":""0f0f8a2f-9703-4f78-a3ed-8fcc57a55f5a"",""deployment"":""7bae97c9-ccbe-49fe-a672-c3ea4a2a6d1e"",""replica"":""5a8db334-f6d0-4ba9-a018-aa1be977e5fd""}",2026-02-15T09:41:20.979463225Z
"    return func(*args, **kwargs)","{""level"":""error""}","{""project"":""70a52d41-885a-4854-b650-392635199b54"",""environment"":""67be7a60-8b6c-4987-8690-dbef25befe73"",""service"":""0f0f8a2f-9703-4f78-a3ed-8fcc57a55f5a"",""deployment"":""7bae97c9-ccbe-49fe-a672-c3ea4a2a6d1e"",""replica"":""5a8db334-f6d0-4ba9-a018-aa1be977e5fd""}",2026-02-15T09:41:20.979965574Z
           ^^^^^^^^^^^^^^^^^^^^^,"{""level"":""error""}","{""project"":""70a52d41-885a-4854-b650-392635199b54"",""environment"":""67be7a60-8b6c-4987-8690-dbef25befe73"",""service"":""0f0f8a2f-9703-4f78-a3ed-8fcc57a55f5a"",""deployment"":""7bae97c9-ccbe-49fe-a672-c3ea4a2a6d1e"",""replica"":""5a8db334-f6d0-4ba9-a018-aa1be977e5fd""}",2026-02-15T09:41:20.979971094Z
"  File ""/usr/local/lib/python3.11/site-packages/django/db/backends/base/base.py"", line 256, in connect","{""level"":""error""}","{""project"":""70a52d41-885a-4854-b650-392635199b54"",""environment"":""67be7a60-8b6c-4987-8690-dbef25befe73"",""service"":""0f0f8a2f-9703-4f78-a3ed-8fcc57a55f5a"",""deployment"":""7bae97c9-ccbe-49fe-a672-c3ea4a2a6d1e"",""replica"":""5a8db334-f6d0-4ba9-a018-aa1be977e5fd""}",2026-02-15T09:41:20.979975584Z
    self.connection = self.get_new_connection(conn_params),"{""level"":""error""}","{""project"":""70a52d41-885a-4854-b650-392635199b54"",""environment"":""67be7a60-8b6c-4987-8690-dbef25befe73"",""service"":""0f0f8a2f-9703-4f78-a3ed-8fcc57a55f5a"",""deployment"":""7bae97c9-ccbe-49fe-a672-c3ea4a2a6d1e"",""replica"":""5a8db334-f6d0-4ba9-a018-aa1be977e5fd""}",2026-02-15T09:41:20.979980664Z
                      ^^^^^^^^^^^^^^^^^^^^^^^^^^^^^^^^^^^^,"{""level"":""error""}","{""project"":""70a52d41-885a-4854-b650-392635199b54"",""environment"":""67be7a60-8b6c-4987-8690-dbef25befe73"",""service"":""0f0f8a2f-9703-4f78-a3ed-8fcc57a55f5a"",""deployment"":""7bae97c9-ccbe-49fe-a672-c3ea4a2a6d1e"",""replica"":""5a8db334-f6d0-4ba9-a018-aa1be977e5fd""}",2026-02-15T09:41:20.979986204Z
"  File ""/usr/local/lib/python3.11/site-packages/django/utils/asyncio.py"", line 26, in inner","{""level"":""error""}","{""project"":""70a52d41-885a-4854-b650-392635199b54"",""environment"":""67be7a60-8b6c-4987-8690-dbef25befe73"",""service"":""0f0f8a2f-9703-4f78-a3ed-8fcc57a55f5a"",""deployment"":""7bae97c9-ccbe-49fe-a672-c3ea4a2a6d1e"",""replica"":""5a8db334-f6d0-4ba9-a018-aa1be977e5fd""}",2026-02-15T09:41:20.979991484Z
"    return func(*args, **kwargs)","{""level"":""error""}","{""project"":""70a52d41-885a-4854-b650-392635199b54"",""environment"":""67be7a60-8b6c-4987-8690-dbef25befe73"",""service"":""0f0f8a2f-9703-4f78-a3ed-8fcc57a55f5a"",""deployment"":""7bae97c9-ccbe-49fe-a672-c3ea4a2a6d1e"",""replica"":""5a8db334-f6d0-4ba9-a018-aa1be977e5fd""}",2026-02-15T09:41:20.979995934Z
           ^^^^^^^^^^^^^^^^^^^^^,"{""level"":""error""}","{""project"":""70a52d41-885a-4854-b650-392635199b54"",""environment"":""67be7a60-8b6c-4987-8690-dbef25befe73"",""service"":""0f0f8a2f-9703-4f78-a3ed-8fcc57a55f5a"",""deployment"":""7bae97c9-ccbe-49fe-a672-c3ea4a2a6d1e"",""replica"":""5a8db334-f6d0-4ba9-a018-aa1be977e5fd""}",2026-02-15T09:41:20.980001044Z
"  File ""/usr/local/lib/python3.11/site-packages/django/db/backends/postgresql/base.py"", line 332, in get_new_connection","{""level"":""error""}","{""project"":""70a52d41-885a-4854-b650-392635199b54"",""environment"":""67be7a60-8b6c-4987-8690-dbef25befe73"",""service"":""0f0f8a2f-9703-4f78-a3ed-8fcc57a55f5a"",""deployment"":""7bae97c9-ccbe-49fe-a672-c3ea4a2a6d1e"",""replica"":""5a8db334-f6d0-4ba9-a018-aa1be977e5fd""}",2026-02-15T09:41:20.980005244Z
    connection = self.Database.connect(**conn_params),"{""level"":""error""}","{""project"":""70a52d41-885a-4854-b650-392635199b54"",""environment"":""67be7a60-8b6c-4987-8690-dbef25befe73"",""service"":""0f0f8a2f-9703-4f78-a3ed-8fcc57a55f5a"",""deployment"":""7bae97c9-ccbe-49fe-a672-c3ea4a2a6d1e"",""replica"":""5a8db334-f6d0-4ba9-a018-aa1be977e5fd""}",2026-02-15T09:41:20.980010544Z
                 ^^^^^^^^^^^^^^^^^^^^^^^^^^^^^^^^^^^^,"{""level"":""error""}","{""project"":""70a52d41-885a-4854-b650-392635199b54"",""environment"":""67be7a60-8b6c-4987-8690-dbef25befe73"",""service"":""0f0f8a2f-9703-4f78-a3ed-8fcc57a55f5a"",""deployment"":""7bae97c9-ccbe-49fe-a672-c3ea4a2a6d1e"",""replica"":""5a8db334-f6d0-4ba9-a018-aa1be977e5fd""}",2026-02-15T09:41:20.980015104Z
"  File ""/usr/local/lib/python3.11/site-packages/psycopg2/__init__.py"", line 122, in connect","{""level"":""error""}","{""project"":""70a52d41-885a-4854-b650-392635199b54"",""environment"":""67be7a60-8b6c-4987-8690-dbef25befe73"",""service"":""0f0f8a2f-9703-4f78-a3ed-8fcc57a55f5a"",""deployment"":""7bae97c9-ccbe-49fe-a672-c3ea4a2a6d1e"",""replica"":""5a8db334-f6d0-4ba9-a018-aa1be977e5fd""}",2026-02-15T09:41:20.980019284Z
"    conn = _connect(dsn, connection_factory=connection_factory, **kwasync)","{""level"":""error""}","{""project"":""70a52d41-885a-4854-b650-392635199b54"",""environment"":""67be7a60-8b6c-4987-8690-dbef25befe73"",""service"":""0f0f8a2f-9703-4f78-a3ed-8fcc57a55f5a"",""deployment"":""7bae97c9-ccbe-49fe-a672-c3ea4a2a6d1e"",""replica"":""5a8db334-f6d0-4ba9-a018-aa1be977e5fd""}",2026-02-15T09:41:20.980023844Z
           ^^^^^^^^^^^^^^^^^^^^^^^^^^^^^^^^^^^^^^^^^^^^^^^^^^^^^^^^^^^^^^^,"{""level"":""error""}","{""project"":""70a52d41-885a-4854-b650-392635199b54"",""environment"":""67be7a60-8b6c-4987-8690-dbef25befe73"",""service"":""0f0f8a2f-9703-4f78-a3ed-8fcc57a55f5a"",""deployment"":""7bae97c9-ccbe-49fe-a672-c3ea4a2a6d1e"",""replica"":""5a8db334-f6d0-4ba9-a018-aa1be977e5fd""}",2026-02-15T09:41:20.980028094Z
"django.db.utils.OperationalError: connection to server at ""15.164.188.235"", port 5432 failed: FATAL:  MaxClientsInSessionMode: max clients reached - in Session mode max clients are limited to pool_size","{""level"":""error""}","{""project"":""70a52d41-885a-4854-b650-392635199b54"",""environment"":""67be7a60-8b6c-4987-8690-dbef25befe73"",""service"":""0f0f8a2f-9703-4f78-a3ed-8fcc57a55f5a"",""deployment"":""7bae97c9-ccbe-49fe-a672-c3ea4a2a6d1e"",""replica"":""5a8db334-f6d0-4ba9-a018-aa1be977e5fd""}",2026-02-15T09:41:20.980033254Z
,"{""level"":""error""}","{""project"":""70a52d41-885a-4854-b650-392635199b54"",""environment"":""67be7a60-8b6c-4987-8690-dbef25befe73"",""service"":""0f0f8a2f-9703-4f78-a3ed-8fcc57a55f5a"",""deployment"":""7bae97c9-ccbe-49fe-a672-c3ea4a2a6d1e"",""replica"":""5a8db334-f6d0-4ba9-a018-aa1be977e5fd""}",2026-02-15T09:41:20.980038074Z
"HTTP 500 response started for ['100.64.0.7', 27950]","{""level"":""error""}","{""project"":""70a52d41-885a-4854-b650-392635199b54"",""environment"":""67be7a60-8b6c-4987-8690-dbef25befe73"",""service"":""0f0f8a2f-9703-4f78-a3ed-8fcc57a55f5a"",""deployment"":""7bae97c9-ccbe-49fe-a672-c3ea4a2a6d1e"",""replica"":""5a8db334-f6d0-4ba9-a018-aa1be977e5fd""}",2026-02-15T09:41:20.980042254Z
"HTTP close for ['100.64.0.7', 27950]","{""level"":""error""}","{""project"":""70a52d41-885a-4854-b650-392635199b54"",""environment"":""67be7a60-8b6c-4987-8690-dbef25befe73"",""service"":""0f0f8a2f-9703-4f78-a3ed-8fcc57a55f5a"",""deployment"":""7bae97c9-ccbe-49fe-a672-c3ea4a2a6d1e"",""replica"":""5a8db334-f6d0-4ba9-a018-aa1be977e5fd""}",2026-02-15T09:41:20.980163284Z
"HTTP response complete for ['100.64.0.7', 27950]","{""level"":""error""}","{""project"":""70a52d41-885a-4854-b650-392635199b54"",""environment"":""67be7a60-8b6c-4987-8690-dbef25befe73"",""service"":""0f0f8a2f-9703-4f78-a3ed-8fcc57a55f5a"",""deployment"":""7bae97c9-ccbe-49fe-a672-c3ea4a2a6d1e"",""replica"":""5a8db334-f6d0-4ba9-a018-aa1be977e5fd""}",2026-02-15T09:41:20.980178984Z
"""100.64.0.7"" - - [15/Feb/2026:09:41:20 +0000] ""GET /api/community/rooms/ HTTP/1.1"" 500 145 ""-"" ""python-requests/2.32.5""","{""level"":""error""}","{""project"":""70a52d41-885a-4854-b650-392635199b54"",""environment"":""67be7a60-8b6c-4987-8690-dbef25befe73"",""service"":""0f0f8a2f-9703-4f78-a3ed-8fcc57a55f5a"",""deployment"":""7bae97c9-ccbe-49fe-a672-c3ea4a2a6d1e"",""replica"":""5a8db334-f6d0-4ba9-a018-aa1be977e5fd""}",2026-02-15T09:41:20.980179084Z
"100.64.0.7:27950 - - [15/Feb/2026:09:41:20] ""GET /api/community/rooms/"" 500 145","{""level"":""info""}","{""project"":""70a52d41-885a-4854-b650-392635199b54"",""environment"":""67be7a60-8b6c-4987-8690-dbef25befe73"",""service"":""0f0f8a2f-9703-4f78-a3ed-8fcc57a55f5a"",""deployment"":""7bae97c9-ccbe-49fe-a672-c3ea4a2a6d1e"",""replica"":""5a8db334-f6d0-4ba9-a018-aa1be977e5fd""}",2026-02-15T09:41:20.980187864Z